11.693,0,0,0,0,0,0,0,0,0,0.30378,0,0,0,0,0.23248,0,0,0.12598,0,0.44666,0,0.41651,0.090282,0.086757,0.011904,0.021354,0.44297,0.29778,0.035973,0.53503,0.23852,0.24798,0.17105,0.21086,0,0,0,0.078173,0.11186,0.19303,0,0.14313,0.24879,0,0.10626,0,0.058241,0.22931,0.16264,0,0.5097,0,0.022343,0.14973,0,0.022971,0,0.56494,0.024987,0.06071,0,0,0,0.16459,0.056826,0,0,0.015388,0,0.054926,0.078549,0.26296,0,0.3282,0,0,0,0,0,0
0,1.3326,0.012944,0.066781,0.12687,0.41664,0.2303,0,0,0,0.55562,0,0,0,0.040978,0.18289,0.03062,0,0,0,0.080193,0.029127,0.068359,0.024118,0.12984,0.18485,0.39608,0.42122,0.42369,0.2825,0.35251,0.027366,0.15856,0.259,0.31241,0.27339,0.23881,0.284,0.41229,0.20091,0.14061,0.22651,0.28588,0.59401,0.13963,0.31346,0.34055,0.13402,0.28616,0.302,0.17715,0.43816,0.46713,0.18932,0.43973,0.11566,0.10187,0.055594,0.45829,0.25473,0.45514,0.16964,0.37371,0.59254,0.36864,0.33813,0.53062,0.58924,0.3375,0.28192,0.50779,0.36477,0.13749,0.23353,0.57549,0.2758,0.044452,0.41362,0.1425,0.49405,0.45203
0,0.011677,3.8562,0.28451,0,0.27554,0,0,0.79103,0,0.22897,0,0,0.046472,0.091575,0.14294,0.0093165,0.011006,0,0.032312,0.47946,0.038928,0.12093,0.19781,0.29842,0.29523,0.45804,0.21795,0.79588,0.13937,0.25615,0.47758,0.19963,0.50764,0.55668,0.36004,0.2317,0.43473,0.46498,0.54475,0.8477,0.36145,0.14804,0.46259,0.62631,0.4247,0.881,0.40009,0.3591,0.42473,0.32257,0.20904,0.54855,0.26951,0.92483,0.80666,0.67445,0.46503,0.52879,0.2531,0.4032,0.37126,0.72358,0.70204,0.66466,0.11939,0.23774,0.9544,0.92591,1.1985,0.7176,0.51802,1.0886,0.31595,0.64501,0.7073,0.44255,0.33403,0.93564,0.52728,0.46812
0,0.056311,0.26592,0.38831,0,0.39115,0,0,0,0,0,0,0,0,0.014605,0.04143,0.014148,0.0075002,0,0.023381,0.047071,0.011221,0.09354,0.040099,0.028004,0.10258,0.045605,0.051623,0.16172,0.045958,0.068982,0.10323,0.03317,0.17661,0.11938,0.076931,0.13861,0.10089,0.078112,0.037266,0.088105,0.094617,0.10548,0.083933,0.072569,0.12521,0.15315,0.045462,0.10739,0.20418,0.14712,0.079795,0.091236,0.034778,0.34854,0.05404,0.1461,0.11899,0.31568,0.13213,0.049273,0.082738,0.12816,0.17172,0.061841,0.14227,0.1235,0.23463,0.11676,0.13739,0.2043,0.18583,0.24609,0.081752,0.073935,0.035931,0.13669,0.17301,0.17665,0.21106,0.19549
0,0.11763,0,0,0.43974,0,0.02299,0,0,0,0,0.066178,0,0,0,0.09077,0.018842,0,0,0.062511,0.031254,0.021734,0.010465,0.076643,0.24525,0.014213,0.016152,0.10761,0.35196,0.12208,0.032336,0.050022,0.10456,0.17917,0.031075,0.15467,0.098689,0.060503,0.12297,0.040125,0.093272,0.13978,0.048693,0.13717,0.097316,0.098828,0.070281,0.12289,0.02129,0.08576,0.10982,0.2451,0.14329,0.042697,0.13394,0.17353,0.088392,0.11231,0.069997,0.10163,0.27683,0.06676,0.1541,0.077351,0.11992,0.12696,0.17198,0.060427,0.08758,0.16797,0.085459,0.063929,0.23535,0.044516,0.17624,0.14575,0.029943,0.042967,0.055042,0.16023,0.10239
0,0.32066,0.23507,0.35702,0,1.2641,0.10024,0,0,0,0.2036,0,0,0,0.045521,0.094452,0.015902,0,0,0.11115,0.062615,0.037166,0.1044,0.05785,0.059768,0.16694,0.23443,0.14659,0.27917,0.10499,0.19082,0.1472,0.062528,0.28598,0.2155,0.12747,0.2426,0.27351,0.19818,0.10949,0.1274,0.14431,0.24669,0.17076,0.13178,0.24284,0.24323,0.10223,0.20182,0.34522,0.24311,0.24626,0.2579,0.043983,0.61513,0.086913,0.23783,0.16501,0.56509,0.28244,0.23763,0.22499,0.29725,0.41703,0.1031,0.20901,0.33987,0.46989,0.26156,0.15742,0.48955,0.52559,0.40362,0.096555,0.32531,0.21806,0.21996,0.36509,0.42898,0.42448,0.41889
0,0.18335,0,0,0.01974,0.10369,0.098042,0,0,0,0.11638,0,0,0,0.00612,0.02282,0,0,0,0.011995,0.016922,0.010054,0.022936,0,0.0091216,0.016599,0.095645,0.069668,0.050949,0.031915,0.045018,0.011641,0.013703,0.032505,0.047119,0.06064,0.012163,0.069235,0.05947,0.031367,0.023834,0.03074,0.052583,0.036518,0.029228,0.04315,0.040942,0.01674,0.025052,0.036661,0.032402,0.042023,0.057972,0.0019709,0.04228,0.015648,0.014552,0.012932,0.048315,0.027593,0.10928,0.020683,0.057842,0.097244,0.025918,0.027448,0.059161,0.091033,0.055609,0.064011,0.067596,0.083269,0.033506,0.005291,0.14217,0.049283,0.023115,0.071531,0.041517,0.084168,0.087263
0,0,0,0,0,0,0,0.019319,0,0,0,0,0,0,0,0,0,0.0038533,0.0051947,0,0,0,0,0.0030433,0.0021946,0.0025964,0.0050281,0.0060997,0.0075329,0,0.013217,0.0099243,0.009044,0,0.014401,0,0.0021495,0.0063682,0.0017704,0.0098265,0.0057256,0,0.010022,0.008707,0,0.003146,0,0.0030967,0,0.0086109,0,0,0,0.0082699,0.0037876,0.011978,0.0050101,0,0.027914,0,0.0064817,0,0,0,0.0017326,0.012917,0,0.020333,0.0016579,0.020033,0,0.0030368,0,0.011735,0.0078514,0.012185,0,0,0,0,0
0,0,0.75802,0,0,0,0,0,0.71576,0,0.17177,0,0,0.021666,0,0.023473,0,0,0,0,0,0.015068,0.0064134,0,0.15629,0.011162,0.1597,0.098951,0.3453,0.063165,0.082699,0.12995,0.087697,0.14571,0.12906,0.10802,0.023954,0.14321,0.1391,0.19247,0.29603,0.097289,0,0.25432,0.22788,0.075555,0.034221,0.17005,0.06461,0.069495,0.068076,0.080745,0.055503,0.11324,0.11307,0.16253,0.3065,0.10519,0.068313,0.06005,0.096807,0.13381,0.26113,0.14036,0.11471,0.0071552,0.029879,0.13225,0.095068,0.23455,0.083519,0,0.030291,0.042314,0.26845,0.1321,0.070497,0,0.25437,0.0043474,0.036727
0,0,0,0,0,0,0,0,0,0,0,0,0,0,0,0,0,0,0,0,0,0,0,0,0,0,0,0,0,0,0,0,0,0,0,0,0,0,0,0,0,0,0,0,0,0,0,0,0,0,0,0,0,0,0,0,0,0,0,0,0,0,0,0,0,0,0,0,0,0,0,0,0,0,0,0,0,0,0,0,0
0.71979,0.41408,0.18915,0,0,0.19715,0.10894,0,0.14807,0,1.9104,0.075422,0,0.13438,0.030606,0.20804,0.013879,0,0.022953,0.038686,0.10635,0.0099421,0.093513,0.044026,0.42819,0.076809,0.34379,0.32731,0.34274,0.18747,0.27195,0.088482,0.14663,0.24382,0.27157,0.19463,0.12584,0.1666,0.17177,0.14924,0.30403,0.18849,0.16458,0.50182,0.23219,0.14733,0.14621,0.25455,0.092332,0.14271,0.13548,0.49796,0.22478,0.098002,0.16458,0.37765,0.29461,0.083525,0.27177,0.22278,0.32843,0.18031,0.21862,0.4003,0.26634,0.15627,0.33558,0.27534,0.14061,0.44644,0.30053,0.21139,0.20248,0.078014,0.59789,0.3834,0.1459,0.18671,0.56368,0.31651,0.27106
0,0,0,0,0.052572,0,0,0,0,0,0.074545,1.3631,0,0,0.15698,0.038103,0.010449,0,0,0.014193,0,0,0.016579,0.026073,0.34215,0.026382,0.017604,0.051667,0.20648,0.14698,0.084183,0.088424,0.077047,0.060268,0.10023,0.12081,0.083334,0.074547,0.049813,0.15092,0.095199,0.06668,0.0030093,0.11619,0.12095,0,0.094483,0.020068,0.10409,0.083327,0.019537,0.085907,0.017929,0.16612,0.073519,0.24097,0.070437,0.11664,0.034805,0.052315,0.23332,0.027245,0.21932,0.10598,0.065461,0.10739,0.032843,0.04691,0.044084,0.16744,0.029949,0.014921,0.045233,0,0.21026,0,0.067496,0,0.15512,0.019694,0.018417
0,0,0,0,0,0,0,0,0,0,0,0,0,0,0,0,0,0,0,0,0,0,0,0,0,0,0,0,0,0,0,0,0,0,0,0,0,0,0,0,0,0,0,0,0,0,0,0,0,0,0,0,0,0,0,0,0,0,0,0,0,0,0,0,0,0,0,0,0,0,0,0,0,0,0,0,0,0,0,0,0
0,0,0.072253,0,0,0,0,0,0.035152,0,0.25292,0,0,0.068959,0,0.021703,0,0,0,0,0,0,0.0094434,0,0.065431,0.0039642,0.026258,0.034461,0.052504,0.016884,0.0091703,0.0057767,0.014916,0.048493,0.0085576,0.029383,0.0026144,0.0056378,0.01021,0.041555,0.064627,0.017853,0,0.063707,0.043719,0.0056676,0.018626,0.036394,0,0,0.014428,0.048932,0.010499,0.0073017,0.0075785,0.054421,0.051215,0.0098637,0.010245,0.020818,0.017958,0.022228,0.01952,0.04151,0.033909,0,0.018707,0,0.00862,0.035614,0.031869,0,0.018092,0.012776,0.041587,0.023018,0.018499,0,0.088357,0.011217,0.026391
0,0.047653,0.11804,0.020142,0,0.06878,0.0089392,0,0,0,0.047757,0.24784,0,0,0.78825,0.020988,0,0.0037723,0,0.0068656,0.035533,0,0,0,0.18242,0.040574,0.075383,0.038553,0.12772,0.052367,0.10544,0.037208,0.045404,0.040119,0.115,0.092373,0.026844,0.07798,0.04896,0.12976,0.058765,0.039872,0.018508,0.043851,0.09923,0.02791,0.12232,0.018998,0.080346,0.071078,0.011529,0.028188,0.071259,0.11314,0.12309,0.10298,0.021517,0.053148,0.07696,0.035183,0.095753,0.017033,0.097684,0.14016,0.056356,0.034963,0.037304,0.10407,0.10717,0.16196,0.095095,0.034741,0.11996,0.025868,0.10424,0.057036,0.059373,0.081516,0.054666,0.042382,0.077334
0.18696,0.046261,0.040077,0.012428,0.024762,0.031041,0.0072502,0,0.0068678,0,0.070609,0.013084,0,0.0039138,0.0045651,0.043918,0.0029903,0.00053191,0.0084338,0.012245,0.020154,0.0023391,0.029272,0.01185,0.047336,0.01259,0.028294,0.033216,0.072618,0.025826,0.034721,0.027586,0.032503,0.043604,0.036574,0.026998,0.017877,0.019179,0.035323,0.020859,0.041242,0.030442,0.026843,0.057869,0.021436,0.029092,0.033745,0.028505,0.018731,0.030843,0.018808,0.064024,0.038786,0.017797,0.039563,0.052761,0.03087,0.023443,0.075062,0.026986,0.053558,0.017888,0.03446,0.040543,0.041995,0.033914,0.044276,0.034279,0.033447,0.04847,0.053638,0.029622,0.056644,0.016401,0.046883,0.035766,0.015611,0.021886,0.03404,0.027976,0.034869
0,0.0097579,0.0032909,0.0053471,0.0064759,0.0065842,0,0,0,0,0.0059347,0.0045205,0,0,0,0.0037674,0.0073596,0,0,0.0019002,0.0051307,0,0.00076327,0.001421,0.015593,0.0036112,0.00069194,0.0080622,0.015763,0.0087006,0.0079336,0.0021221,0.0080665,0.0091308,0.0063797,0.005878,0.016965,0.00404,0.010129,0.0051771,0.0064623,0.0071005,0.0086879,0.018342,0.004356,0.012047,0.010359,0.0069348,0.007075,0.015507,0.0090515,0.015262,0.019612,0.013026,0.012977,0.011757,0.014493,0.0065157,0.014354,0.0085308,0.0072997,0.0074326,0.011311,0.018886,0.019142,0.018176,0.015126,0.01011,0.0072694,0.013638,0.0092051,0.01234,0.0047153,0.013666,0.01197,0.020126,0.0084273,0.0064577,0.014587,0.013182,0.010146
0,0,0.0037338,0.0027223,0,0,0,0.001347,0,0,0,0,0,0,0.00099285,0.00064361,0,0.0027041,0.0013971,0,0.0015764,0,0,0,0.0016752,0.002236,0.0013523,0.0014674,0.0047976,0.000518,0.0054937,0.0044144,0.0024323,0.0025907,0.0059026,0.00099476,0.0014626,0.0038758,0.0024341,0.0032875,0.0040924,0.0028477,0.0031192,0.0036906,0.0024996,0.00085695,0.0075719,0.0015479,0.00094521,0.0049625,0.00061803,0.00014144,0.0027112,0.0029293,0.0023327,0.0065126,0.0026893,0.0016676,0.010795,0.00019349,0.0027797,0,0.0024019,0.0020443,0.0026264,0.0034739,0.00036406,0.011258,0.0061025,0.010242,0.0053321,0.0018039,0.0040682,0.0073213,0.003778,0.003802,0.0011359,0.0065254,0.0027511,0.0027112,0.0030822
0.081104,0,0,0,0,0,0,0.0012013,0,0,0.0062362,0,0,0,0,0.0067513,0,0.00092426,0.011371,0,0.0051156,0,0.022389,0.0033154,0.0048062,0.00131,0.0080438,0.012047,0.016497,0.0013735,0.0096411,0.026419,0.02036,0.00066717,0.0087313,0,0.0040238,0.0015275,0.0017402,0.0042377,0.02745,0,0.011224,0.0058851,0.00020113,0.0019664,0.0076229,0.0037625,0.00043104,0.0094298,0,0.024184,7.0784e-05,0.0034886,0.0082947,0.011462,0.0025278,0,0.036788,0.0015125,0.003707,0,0,0,0.0030925,0.0066856,0,0.0060298,0.0006674,0.0064527,0.0016104,0.0063703,0.0050568,0.0028148,0.0035826,0.0047696,0,0,0,0,0
0,0,0.0049698,0.0038475,0.0093547,0.020039,0.0020905,0,0,0,0.0072028,0.0026736,0,0,0.00081921,0.006717,0.00082739,0,0,0.018774,0.0050518,0.0025999,0.0031112,0.0027099,0.018916,0.0025195,0,0.0038861,0.029356,0.005392,0.005994,0.0077225,0.0047947,0.023459,0.0091723,0.012169,0.0052173,0.012104,0.013439,0.0074368,0.013817,0.020617,0.010034,0.018894,0.01052,0.010297,0.014692,0.0089768,0.0040247,0.012575,0.010111,0.018953,0.015608,0.0013954,0.014215,0.022958,0.015687,0.018325,0.03354,0.0083742,0.030811,0.0096388,0.013304,0.014198,0.0088407,0.0081939,0.012567,0.012755,0.025297,0.017556,0.030305,0.021752,0.031601,0.0040293,0.014946,0.0081943,0.011442,0.035438,0.031853,0.005332,0.017608
0.33675,0.019016,0.12602,0.013237,0.0079931,0.019292,0.0050402,0,0,0,0.033839,0,0,0,0.0072458,0.018894,0.0038178,0.0012214,0.005991,0.0086334,0.68201,0.011345,0.044895,0.025449,0.058179,0.026166,0.026074,0.032399,0.088222,0.022702,0.025765,0.035175,0.021218,0.11782,0.081682,0.024677,0.04576,0.028492,0.04454,0.052052,0.15303,0.042922,0.051556,0.041848,0.061069,0.096749,0.1102,0.10595,0.075311,0.029223,0.089973,0.050757,0.064828,0.01856,0.12041,0.07854,0.15901,0.024523,0.12782,0.057752,0.065499,0.03613,0.23995,0.10279,0.074676,0.059831,0.057058,0.10617,0.18065,0.13854,0.12291,0.21588,0.33044,0.167,0.060358,0.52791,0.063298,0.09478,0.10858,0.10373,0.075032
0,0.007964,0.011798,0.0036386,0.006409,0.013204,0.0034528,0,0.0047656,0,0.0036476,0,0,0,0,0.0025285,0,0,0,0.0051232,0.013081,0.007119,0.0055099,0.0076316,0.0072026,0.0035593,0.0049185,0.0076307,0.012977,0.005254,0.0050754,0.0058811,0.0029152,0.01174,0.010812,0.0076738,0.0090073,0.010415,0.0070181,0.0080559,0.010137,0.010595,0.0094101,0.0088734,0.010666,0.013306,0.010597,0.01038,0.0042914,0.0080843,0.014329,0.011169,0.014525,0.0033411,0.020009,0.01546,0.0095173,0.0062359,0.017071,0.013309,0.016984,0.011752,0.010985,0.016899,0.013423,0.010449,0.010736,0.022214,0.016774,0.022452,0.016925,0.021695,0.030488,0.0052792,0.017113,0.018064,0.010772,0.019646,0.021968,0.0219,0.014525
0.28599,0.014763,0.028948,0.023957,0.0024374,0.029295,0.0062218,0,0.0016021,0,0.027099,0.0048609,0,0.001454,0,0.024993,0.00051727,0,0.02388,0.0048424,0.040888,0.004352,0.14136,0.009083,0.023345,0.0057613,0.023629,0.039451,0.05575,0.0065859,0.018659,0.077782,0.055039,0.028102,0.019476,0.012874,0.031382,0.015773,0.015191,0.020769,0.10279,0.013766,0.032805,0.01316,0.012484,0.024713,0.030645,0.0084202,0.017012,0.037286,0.021519,0.065833,0.016518,0.0057471,0.05697,0.043986,0.019202,0.013404,0.098864,0.026128,0.018165,0.014841,0.018794,0.030552,0.02949,0.018156,0.022013,0.030283,0.017081,0.023594,0.027137,0.049665,0.03744,0.010112,0.030649,0.020214,0.024134,0.019266,0.025204,0.033541,0.023586
0.073805,0.0062014,0.056377,0.012227,0.021254,0.019327,0,0.00089374,0,0,0.01519,0.0091015,0,0,0,0.012046,0.0011466,0,0.0042101,0.0050216,0.027595,0.0071767,0.010814,0.21427,0.06728,0.017623,0.039014,0.01866,0.099499,0.014039,0.01443,0.014754,0.016621,0.055488,0.024332,0.041445,0.028145,0.011156,0.016644,0.01225,0.026307,0.016385,0.018536,0.02265,0.03465,0.026867,0.014098,0.025001,0.0090351,0.016966,0.034662,0.081644,0.023823,0.011898,0.093896,0.037724,0.020061,0.012343,0.10308,0.019254,0.029387,0.015906,0.028374,0.025718,0.020564,0.028043,0.022872,0.082244,0.049148,0.047803,0.017769,0.043343,0.067589,0.016937,0.025244,0.051452,0.019381,0.017498,0.037159,0.043567,0.018419
0.086092,0.040525,0.10324,0.010366,0.082555,0.024238,0.0035761,0.00078235,0.056428,0,0.17933,0.14498,0,0.01456,0.048962,0.058411,0.015272,0.0017084,0.0074087,0.042549,0.076578,0.008222,0.033739,0.08167,0.38633,0.032301,0.065208,0.081248,0.35739,0.11934,0.082048,0.16576,0.11271,0.1888,0.1099,0.13239,0.10293,0.085624,0.093648,0.11566,0.1593,0.10404,0.067746,0.15995,0.1748,0.084688,0.1346,0.11604,0.066469,0.10985,0.077431,0.21009,0.11995,0.12113,0.16261,0.22361,0.1374,0.095911,0.1587,0.12635,0.16735,0.081781,0.1738,0.13139,0.13862,0.12303,0.11403,0.13372,0.1369,0.25043,0.11099,0.091553,0.1703,0.072023,0.18981,0.1923,0.084736,0.092902,0.17936,0.1152,0.099835
0.0087066,0.042523,0.075281,0.027987,0.0035263,0.049898,0.0047963,0.00068217,0.0029702,0,0.023709,0.0082394,0,0.00065014,0.0080264,0.011451,0.0026069,0.0016806,0.0014883,0.0041771,0.025384,0.0029946,0.0061368,0.015767,0.023806,0.059065,0.027253,0.033244,0.062349,0.026405,0.028672,0.020194,0.017678,0.048594,0.036423,0.029368,0.04727,0.029261,0.041987,0.033812,0.048077,0.035589,0.033081,0.049333,0.023739,0.042023,0.068495,0.037586,0.027774,0.042929,0.035162,0.034326,0.04399,0.023997,0.10953,0.040358,0.032284,0.021166,0.089201,0.031466,0.032636,0.024473,0.056748,0.055512,0.034314,0.045644,0.042563,0.11465,0.096714,0.076319,0.063649,0.062646,0.051246,0.041667,0.038479,0.036493,0.032694,0.097633,0.076051,0.070752,0.056153
0.015785,0.09209,0.11804,0.012575,0.0040502,0.070819,0.027932,0.0013352,0.04295,0,0.10726,0.0055567,0,0.0043525,0.015072,0.026008,0.00050483,0.0010273,0.0092365,0,0.025565,0.0041824,0.025439,0.035278,0.048575,0.027545,0.13042,0.043388,0.10486,0.031218,0.046419,0.043942,0.032468,0.059734,0.058825,0.036945,0.022064,0.047002,0.04595,0.035629,0.069095,0.029845,0.033808,0.053536,0.054764,0.033704,0.063341,0.026667,0.028632,0.036275,0.020175,0.085695,0.054001,0.024933,0.068098,0.063276,0.036593,0.014957,0.085215,0.026025,0.051518,0.023726,0.051127,0.071396,0.037005,0.02884,0.046947,0.097078,0.06822,0.088962,0.066743,0.04691,0.045055,0.019794,0.098645,0.071555,0.015016,0.054729,0.045205,0.060311,0.060197
0.38584,0.1154,0.066184,0.016772,0.031796,0.052181,0.023974,0.0019086,0.031357,0,0.12032,0.019217,0,0.0067308,0.0090826,0.035976,0.006931,0.0013135,0.0163,0.0076728,0.037431,0.0076458,0.050045,0.019882,0.071314,0.039591,0.051125,0.12687,0.13641,0.052028,0.071446,0.060606,0.071926,0.075249,0.067913,0.06911,0.077706,0.055293,0.073187,0.062814,0.11175,0.06712,0.070561,0.10164,0.049233,0.067499,0.080815,0.08055,0.045526,0.080974,0.054542,0.12535,0.078808,0.046383,0.13921,0.062875,0.065024,0.034739,0.16055,0.059745,0.094446,0.043473,0.10168,0.09615,0.071655,0.077518,0.081025,0.14188,0.1092,0.11186,0.082612,0.096138,0.077071,0.055071,0.12278,0.072308,0.045021,0.10269,0.10244,0.1089,0.083895
0.2438,0.1091,0.22718,0.049387,0.097748,0.093406,0.01648,0.0022155,0.10286,0,0.11843,0.072187,0,0.0096392,0.028283,0.07393,0.012737,0.0040366,0.020981,0.054481,0.095805,0.012222,0.066476,0.099649,0.29486,0.069794,0.11613,0.12822,0.57081,0.10427,0.1039,0.14716,0.12257,0.30935,0.12013,0.15695,0.11537,0.11763,0.16343,0.12977,0.23649,0.1498,0.14133,0.20676,0.23833,0.12737,0.21414,0.15399,0.11635,0.15102,0.11142,0.28805,0.15738,0.10093,0.27391,0.22287,0.17649,0.13944,0.31872,0.12178,0.21005,0.091219,0.265,0.16926,0.12884,0.13365,0.14126,0.22827,0.26604,0.25328,0.17723,0.14948,0.23991,0.10652,0.20419,0.24867,0.14036,0.20364,0.20931,0.1532,0.1624
0.028503,0.070403,0.038501,0.013583,0.032811,0.033996,0.0099905,0,0.018209,0,0.06269,0.049727,0,0.0029999,0.011223,0.025445,0.0068041,0.00042179,0.0016906,0.0096843,0.023859,0.0047888,0.0075998,0.013607,0.09529,0.028606,0.033461,0.047329,0.10091,0.068358,0.040772,0.029787,0.044179,0.05637,0.053881,0.048114,0.051113,0.041032,0.05067,0.04726,0.05159,0.044303,0.037656,0.078969,0.041509,0.047764,0.067693,0.048519,0.030891,0.051981,0.0383,0.076177,0.061129,0.056713,0.083425,0.073162,0.052009,0.029319,0.078807,0.05268,0.072693,0.033096,0.06881,0.067763,0.061039,0.067453,0.062951,0.086637,0.064822,0.10739,0.05844,0.056056,0.055868,0.034772,0.084569,0.0677,0.029542,0.065776,0.071572,0.078763,0.058843
0.36633,0.075915,0.061145,0.017618,0.0075103,0.053394,0.012177,0.0032509,0.020601,0,0.078583,0.024612,0,0.0014079,0.019526,0.029561,0.0053613,0.0038656,0.010254,0.0093029,0.023399,0.0039975,0.018607,0.012086,0.05661,0.026841,0.042995,0.056162,0.086892,0.035233,0.10236,0.040754,0.04491,0.039652,0.081852,0.038366,0.037736,0.053624,0.05254,0.068017,0.04703,0.033213,0.058526,0.091958,0.038042,0.043413,0.062873,0.039397,0.053926,0.069215,0.031008,0.080213,0.061954,0.051466,0.071863,0.057534,0.044693,0.033996,0.12097,0.035614,0.058992,0.036739,0.057567,0.082793,0.054182,0.07086,0.058865,0.085489,0.067852,0.081445,0.078062,0.05516,0.06519,0.042635,0.08693,0.05709,0.039046,0.049686,0.054972,0.041212,0.055242
0.18744,0.006764,0.13084,0.030258,0.013334,0.047271,0.003614,0.0028016,0.037152,0,0.029345,0.029671,0,0.0010179,0.0079083,0.026956,0.0016459,0.0035649,0.03225,0.013756,0.036663,0.0053163,0.089019,0.014182,0.13127,0.021697,0.046713,0.054678,0.14125,0.029542,0.046774,1.0542,0.07885,0.045842,0.069054,0.028474,0.035532,0.045413,0.035537,0.052932,0.14223,0.037854,0.057607,0.058972,0.10336,0.036729,0.085167,0.035152,0.028132,0.070764,0.028206,0.090122,0.044678,0.041227,0.086342,0.091338,0.058592,0.036837,0.17839,0.031592,0.054736,0.024854,0.049838,0.053779,0.04895,0.045064,0.024361,0.078886,0.067769,0.097514,0.07156,0.069578,0.082764,0.027996,0.060526,0.049194,0.037306,0.064744,0.075006,0.035682,0.045654
0.20272,0.040769,0.056898,0.010115,0.028996,0.02089,0.0044257,0.0026559,0.026083,0,0.05059,0.026895,0,0.0027343,0.010039,0.033041,0.0065085,0.0020434,0.025855,0.0088848,0.023007,0.0027415,0.065529,0.016621,0.09285,0.019759,0.035907,0.067505,0.12238,0.045582,0.053621,0.082028,0.10647,0.047169,0.058204,0.042316,0.05145,0.0333,0.042044,0.088018,0.12209,0.034779,0.057594,0.064726,0.036148,0.048663,0.062008,0.049417,0.030408,0.066176,0.052506,0.12542,0.048025,0.055193,0.085046,0.076986,0.056242,0.028692,0.14339,0.041236,0.060779,0.028331,0.054521,0.052352,0.05967,0.072419,0.047182,0.081501,0.046227,0.081104,0.064578,0.05221,0.059522,0.075165,0.070802,0.061567,0.025281,0.03299,0.059,0.043249,0.03921
0.11465,0.054604,0.11863,0.044156,0.040737,0.078337,0.0086078,0,0.035534,0,0.068973,0.01725,0,0.0072887,0.0072733,0.036343,0.0060406,0.0017846,0.00069466,0.035643,0.10475,0.0090524,0.027433,0.045496,0.12753,0.044534,0.054164,0.057907,0.25327,0.047687,0.038819,0.039101,0.038675,0.22603,0.059428,0.072709,0.062048,0.055525,0.085132,0.062986,0.11742,0.097196,0.069463,0.10348,0.1205,0.082583,0.1101,0.088805,0.055956,0.068052,0.076281,0.095527,0.096799,0.033806,0.15988,0.1141,0.10314,0.069138,0.15894,0.066818,0.11667,0.049148,0.14378,0.097892,0.069555,0.061774,0.08586,0.14657,0.16994,0.13177,0.13436,0.11562,0.16865,0.07936,0.098775,0.15689,0.079011,0.16357,0.14325,0.10044,0.10561
0.15263,0.071125,0.14048,0.032231,0.00763,0.063745,0.013474,0.0037445,0.033986,0,0.082961,0.030978,0,0.001389,0.022515,0.032918,0.0045577,0.0043907,0.0098172,0.015049,0.078421,0.0090024,0.020531,0.021544,0.08016,0.036047,0.0576,0.056436,0.10621,0.049221,0.086531,0.063606,0.051535,0.064175,0.12794,0.049465,0.048091,0.072835,0.060339,0.098615,0.082612,0.053059,0.068483,0.10149,0.065611,0.06897,0.10212,0.066567,0.057511,0.082165,0.053957,0.075566,0.087697,0.067857,0.10959,0.09574,0.081008,0.046717,0.16929,0.052451,0.087077,0.049648,0.084916,0.10796,0.076364,0.094728,0.06592,0.13134,0.11372,0.14538,0.13061,0.098908,0.13064,0.092311,0.10098,0.11812,0.058702,0.087931,0.093625,0.072756,0.079398
0,0.067741,0.098887,0.022607,0.041333,0.041039,0.018873,0,0.03096,0,0.064711,0.04064,0,0.0051907,0.019683,0.026447,0.0045704,0.00080535,0,0.021731,0.025786,0.0069542,0.014771,0.039939,0.1051,0.031633,0.039374,0.062506,0.15102,0.047838,0.044143,0.028545,0.040779,0.085456,0.053837,0.098893,0.055087,0.064608,0.071474,0.066554,0.075686,0.067761,0.044846,0.069757,0.06384,0.054014,0.077534,0.069015,0.042224,0.060253,0.050344,0.093752,0.062623,0.041459,0.1233,0.071008,0.06254,0.060646,0.10494,0.053516,0.10841,0.043356,0.10878,0.085943,0.047009,0.058479,0.067396,0.11722,0.1138,0.11866,0.068185,0.070821,0.096403,0.033941,0.11163,0.058998,0.053544,0.10247,0.096307,0.087712,0.081358
0,0.055641,0.05984,0.0383,0.024799,0.073442,0.0035597,0.000572,0.0064556,0,0.039343,0.026359,0,0.00043427,0.0053783,0.016467,0.012404,0.0011134,0.0046301,0.0087607,0.044961,0.0076753,0.033857,0.025503,0.076834,0.047876,0.02211,0.066085,0.10438,0.047786,0.040826,0.033495,0.046621,0.068572,0.049217,0.051798,0.12778,0.04397,0.059759,0.053191,0.098711,0.064274,0.075722,0.067776,0.039258,0.078935,0.1107,0.087137,0.040281,0.083794,0.069051,0.089521,0.085246,0.050323,0.17868,0.065533,0.072403,0.03726,0.13424,0.074012,0.051724,0.062544,0.10139,0.092733,0.069959,0.10713,0.093248,0.16259,0.1486,0.13692,0.082615,0.11932,0.073872,0.075861,0.07116,0.090542,0.076882,0.1098,0.12877,0.13169,0.091206
0,0.064065,0.1087,0.026991,0.01472,0.080166,0.019618,0.0016407,0.037368,0,0.050429,0.02283,0,0.0009067,0.015127,0.017104,0.0028599,0.0028567,0.0017017,0.019678,0.027105,0.0085928,0.016476,0.0097871,0.061884,0.028694,0.045603,0.045528,0.10305,0.037142,0.056171,0.041447,0.029215,0.059412,0.072169,0.058819,0.042571,0.082345,0.06121,0.06967,0.06009,0.049662,0.051592,0.063521,0.058401,0.049319,0.07967,0.046572,0.050123,0.068259,0.042491,0.048638,0.066409,0.045879,0.10286,0.058305,0.060759,0.051173,0.10819,0.048469,0.085481,0.044019,0.086851,0.089621,0.042497,0.057122,0.054283,0.11233,0.097799,0.10547,0.080009,0.080286,0.086634,0.035633,0.10088,0.070641,0.056061,0.095159,0.084717,0.071172,0.076393
0.061543,0.10209,0.12762,0.022938,0.032841,0.063761,0.018497,0.00050071,0.039843,0,0.057073,0.016746,0,0.0018025,0.010425,0.03458,0.0078705,0.0019693,0.0021281,0.023982,0.04651,0.0063558,0.017417,0.016029,0.074295,0.045196,0.048937,0.066149,0.15715,0.050346,0.060412,0.035602,0.04049,0.09999,0.065628,0.071426,0.063511,0.067189,0.10749,0.068575,0.091634,0.081235,0.073287,0.11201,0.062071,0.073015,0.11077,0.07153,0.063205,0.072484,0.057216,0.080748,0.098565,0.052268,0.13446,0.086183,0.078631,0.065931,0.14373,0.058413,0.10624,0.049465,0.12971,0.10964,0.073279,0.07808,0.084051,0.14506,0.15765,0.12554,0.10556,0.089739,0.10667,0.066066,0.1061,0.11186,0.072247,0.14946,0.10788,0.096691,0.10205
0.094317,0.053283,0.16014,0.011721,0.011477,0.037728,0.010449,0.0029764,0.059043,0,0.053106,0.054337,0,0.007857,0.029592,0.02187,0.0043084,0.0028486,0.0055504,0.014214,0.058214,0.0078137,0.025504,0.012634,0.098271,0.03898,0.04064,0.060806,0.13364,0.050292,0.083762,0.056795,0.090784,0.079232,0.11488,0.071233,0.060545,0.081907,0.073445,0.4335,0.17841,0.057986,0.11594,0.079146,0.086073,0.13644,0.12566,0.097961,0.074507,0.083136,0.21603,0.13524,0.084347,0.19144,0.17905,0.087324,0.12824,0.055428,0.1859,0.054794,0.097148,0.053324,0.1196,0.11838,0.09125,0.14104,0.062611,0.1777,0.15457,0.14112,0.16871,0.094187,0.11038,0.23956,0.099555,0.20117,0.087285,0.097741,0.139,0.06105,0.081226
0.16018,0.036698,0.24524,0.02727,0.026254,0.043203,0.0078132,0.0017067,0.089368,0,0.10647,0.033731,0,0.012025,0.013189,0.042554,0.0052926,0.0034898,0.035382,0.02599,0.16843,0.0096759,0.12422,0.026703,0.1332,0.054545,0.077561,0.10646,0.23968,0.054028,0.056996,0.15018,0.12393,0.14537,0.094705,0.07972,0.11057,0.069521,0.096582,0.17557,0.34664,0.11777,0.12615,0.12059,0.092103,0.12165,0.19329,0.14712,0.066685,0.099914,0.13056,0.1824,0.1077,0.079595,0.23297,0.17503,0.15439,0.069745,0.26762,0.078563,0.11288,0.071618,0.19277,0.1277,0.10051,0.11372,0.09397,0.21902,0.25447,0.22643,0.17537,0.17848,0.17759,0.16269,0.12717,0.24391,0.1208,0.17286,0.21513,0.11378,0.12012
0,0.043059,0.076161,0.02133,0.028656,0.035642,0.0073398,0,0.021392,0,0.048077,0.017208,0,0.0024194,0.0065177,0.022878,0.0042355,0.0017687,0,0.028245,0.034408,0.0073658,0.012117,0.012114,0.063366,0.029409,0.024401,0.046572,0.11058,0.033793,0.029317,0.029113,0.025712,0.087637,0.044303,0.051984,0.052439,0.041849,0.062363,0.041563,0.085778,0.091442,0.048482,0.076962,0.04598,0.055288,0.090007,0.071339,0.027375,0.049196,0.048851,0.067182,0.072761,0.026478,0.10202,0.076768,0.065306,0.050316,0.11487,0.041886,0.08777,0.037911,0.084041,0.070524,0.051526,0.051852,0.065489,0.11129,0.13696,0.11475,0.10487,0.080575,0.096352,0.046786,0.07051,0.063098,0.053527,0.13919,0.11655,0.069752,0.078363
0.0955,0.059996,0.034437,0.026252,0.011021,0.067267,0.013861,0.0024021,0,0,0.046344,0.00085739,0,0,0.0033401,0.022271,0.0057214,0.0021388,0.011633,0.015176,0.045628,0.0072226,0.031878,0.015129,0.045551,0.030179,0.030516,0.054052,0.11518,0.03171,0.057034,0.048913,0.047007,0.069146,0.063128,0.037983,0.068205,0.047997,0.062112,0.091744,0.10144,0.053525,0.15397,0.064705,0.026787,0.0866,0.1272,0.083166,0.075638,0.075002,0.081809,0.09095,0.086223,0.057188,0.12702,0.05934,0.075273,0.04314,0.15954,0.061535,0.062493,0.047597,0.11114,0.093257,0.050799,0.10885,0.079297,0.11982,0.15772,0.1148,0.095102,0.10778,0.12074,0.097215,0.059764,0.20669,0.12101,0.087601,0.095827,0.068462,0.092092
0.19999,0.15019,0.12964,0.025167,0.037404,0.056097,0.011597,0.0025143,0.074377,0,0.17025,0.039883,0,0.011483,0.009534,0.057845,0.014552,0.0030488,0.0073486,0.034427,0.04462,0.0082053,0.015407,0.022272,0.12957,0.054221,0.058218,0.093804,0.20301,0.080117,0.10796,0.060325,0.063646,0.1241,0.11271,0.071179,0.073549,0.071195,0.11437,0.075454,0.11683,0.10236,0.077954,0.2607,0.081142,0.092134,0.12115,0.084086,0.071526,0.10273,0.064351,0.15686,0.13892,0.083863,0.12661,0.15278,0.12495,0.068301,0.21855,0.075087,0.13202,0.068786,0.13029,0.15512,0.13411,0.10333,0.1187,0.14658,0.14442,0.16666,0.18252,0.10538,0.11777,0.078768,0.14085,0.11268,0.059618,0.15212,0.17461,0.091891,0.10586
0,0.033862,0.16836,0.020871,0.025453,0.041524,0.0089033,0,0.063925,0,0.075559,0.039821,0,0.007559,0.020694,0.020552,0.003315,0.0019807,0.0002409,0.018386,0.062456,0.0094607,0.014019,0.032682,0.13582,0.025027,0.057122,0.043582,0.22445,0.040393,0.04284,0.10142,0.034094,0.13862,0.069892,0.062483,0.040863,0.062786,0.060792,0.07871,0.085584,0.058661,0.030956,0.077831,0.17745,0.051836,0.078902,0.057478,0.040299,0.053387,0.050375,0.056824,0.07735,0.046038,0.10566,0.10322,0.080778,0.055773,0.095777,0.049944,0.084297,0.046744,0.10063,0.08659,0.065623,0.045607,0.046793,0.11333,0.11506,0.1291,0.087937,0.070354,0.11129,0.049981,0.1004,0.087473,0.047439,0.097186,0.11212,0.08187,0.069248
0.083204,0.077202,0.11594,0.036571,0.026251,0.077709,0.013349,0.00088496,0.021525,0,0.048689,0,0,0.00099516,0.005911,0.028327,0.0093109,0.0006896,0.0023919,0.018278,0.10049,0.011986,0.028183,0.025734,0.066826,0.044991,0.035703,0.060681,0.12182,0.047203,0.049649,0.036599,0.046612,0.096475,0.074613,0.053688,0.08344,0.053846,0.072622,0.12671,0.11479,0.071633,0.10163,0.089749,0.052642,0.35716,0.12617,0.13404,0.075175,0.079957,0.16498,0.12658,0.11013,0.08282,0.20261,0.084796,0.10203,0.059773,0.15808,0.076055,0.079556,0.06229,0.11643,0.12836,0.10281,0.1105,0.097198,0.16171,0.16303,0.15165,0.13761,0.14038,0.14019,0.12314,0.084421,0.27134,0.097732,0.12349,0.14709,0.11969,0.10642
0,0.077855,0.22325,0.041522,0.017328,0.072248,0.011757,0,0.0090495,0,0.044851,0.029324,0,0.0030358,0.024048,0.030499,0.0074313,0.0056558,0.0086067,0.024207,0.10624,0.0088607,0.03244,0.012534,0.098589,0.06807,0.062281,0.067438,0.19011,0.062098,0.066744,0.078775,0.055132,0.11939,0.10254,0.071535,0.10862,0.080741,0.10227,0.10832,0.16931,0.10825,0.13856,0.10955,0.074379,0.11711,0.29207,0.11573,0.10171,0.12613,0.080913,0.15377,0.15635,0.082998,0.21651,0.13519,0.11319,0.073539,0.23479,0.08146,0.10418,0.070374,0.15958,0.15071,0.11641,0.12934,0.11519,0.22063,0.29845,0.23967,0.19363,0.16932,0.18093,0.12669,0.093213,0.22497,0.15443,0.19458,0.17878,0.12641,0.15242
0.045274,0.032768,0.10843,0.013182,0.032406,0.032477,0.0051411,0.00086476,0.048093,0,0.083512,0.0066612,0,0.0063439,0.0039944,0.027554,0.0053207,0.0012365,0.0045434,0.015818,0.10924,0.0092823,0.0095328,0.023774,0.090904,0.039949,0.028043,0.071889,0.14621,0.047602,0.044729,0.034773,0.046991,0.10299,0.071491,0.068101,0.091442,0.050478,0.07063,0.090314,0.13783,0.091759,0.096893,0.081315,0.057949,0.13307,0.12377,0.26916,0.07368,0.062455,0.15148,0.12665,0.084173,0.047547,0.20209,0.08645,0.11482,0.084052,0.14153,0.07181,0.089473,0.064416,0.15483,0.098643,0.071261,0.10219,0.092881,0.15951,0.19903,0.17112,0.10953,0.12769,0.1471,0.11318,0.0874,0.28377,0.10342,0.11374,0.14821,0.096622,0.094727
0.19754,0.077537,0.10785,0.034508,0.0062215,0.071049,0.0085263,0,0.02025,0,0.033569,0.038289,0,0,0.018721,0.020065,0.0060155,0.00083679,0.00057681,0.0078592,0.086053,0.0042526,0.021344,0.0095209,0.057702,0.032714,0.033366,0.045026,0.12242,0.033586,0.067848,0.030839,0.032043,0.071915,0.068446,0.046172,0.046844,0.060205,0.069161,0.076123,0.06923,0.039021,0.097656,0.076652,0.045024,0.082703,0.12054,0.081651,0.13752,0.072773,0.060706,0.064382,0.086423,0.066679,0.11995,0.047736,0.070669,0.063973,0.10361,0.057066,0.053496,0.047061,0.13337,0.1082,0.06144,0.081851,0.07042,0.087154,0.13401,0.085818,0.086575,0.078812,0.1264,0.077669,0.068521,0.21984,0.11238,0.045961,0.047025,0.046401,0.080812
0.12889,0.075281,0.11736,0.060361,0.023056,0.11181,0.011479,0.0024516,0.020038,0,0.047735,0.028199,0,0,0.015236,0.030396,0.01213,0.0040418,0.011609,0.022591,0.030719,0.0073703,0.043037,0.016448,0.087733,0.046518,0.038892,0.073677,0.14619,0.051994,0.080118,0.071368,0.064156,0.080463,0.089965,0.060615,0.08965,0.075428,0.072968,0.078142,0.095429,0.064513,0.089087,0.10129,0.054875,0.080926,0.13753,0.063674,0.06695,0.14249,0.06242,0.1377,0.11146,0.069022,0.16192,0.080228,0.089089,0.0625,0.20021,0.071029,0.086367,0.060261,0.094206,0.1215,0.089343,0.11262,0.095418,0.1417,0.13223,0.12428,0.13068,0.1198,0.10866,0.08082,0.098379,0.085402,0.081773,0.10441,0.11803,0.091908,0.10128
0,0.034492,0.069618,0.033971,0.023062,0.061502,0.0079246,0,0.015332,0,0.035397,0.0051643,0,0.0020028,0.0019304,0.014478,0.0055304,0.00039318,0,0.014189,0.073877,0.010204,0.019401,0.026248,0.048303,0.029761,0.016896,0.038764,0.084247,0.029924,0.028036,0.02222,0.03976,0.07045,0.046147,0.039561,0.057705,0.036675,0.04499,0.15861,0.097405,0.050037,0.075902,0.049556,0.040444,0.13042,0.068913,0.12063,0.043624,0.048756,0.21909,0.12712,0.060179,0.080286,0.16307,0.05862,0.08258,0.049333,0.11188,0.054641,0.061356,0.042458,0.084352,0.084042,0.066298,0.083046,0.057818,0.11884,0.097366,0.094615,0.10071,0.092408,0.10874,0.11657,0.060815,0.25146,0.066587,0.082609,0.11999,0.087411,0.067814
0.44927,0.12148,0.064238,0.026236,0.073286,0.088707,0.014634,0,0.025894,0,0.18525,0.032334,0,0.0096716,0.0067202,0.070174,0.013277,0.00012812,0.033114,0.037869,0.059342,0.011325,0.084511,0.088031,0.18661,0.041369,0.10218,0.12685,0.31012,0.084744,0.10326,0.10109,0.13523,0.12562,0.092021,0.1049,0.10652,0.059776,0.090407,0.14137,0.19376,0.097981,0.12015,0.172,0.06496,0.14249,0.18648,0.1436,0.065875,0.15315,0.18101,0.6279,0.11988,0.097226,0.23903,0.14281,0.11501,0.070575,0.34827,0.0926,0.14154,0.081183,0.11419,0.13957,0.13373,0.13219,0.15036,0.13446,0.12302,0.1645,0.16478,0.14763,0.15473,0.09198,0.14636,0.23138,0.068956,0.10129,0.16425,0.11998,0.10743
0,0.1106,0.14397,0.025618,0.036588,0.07934,0.017241,0,0.015201,0,0.071411,0.0057631,0,0.0017721,0.014508,0.036305,0.014571,0.0020974,8.2769e-05,0.026633,0.064728,0.012578,0.018109,0.021937,0.09099,0.045276,0.054991,0.068108,0.1447,0.058076,0.068114,0.042799,0.044222,0.10871,0.091204,0.059839,0.086627,0.069701,0.094245,0.075303,0.0977,0.090626,0.097277,0.13009,0.075516,0.10588,0.16192,0.08151,0.075519,0.10587,0.073179,0.10238,0.19074,0.075641,0.14351,0.11898,0.091305,0.060594,0.16268,0.080781,0.10527,0.070944,0.097596,0.15965,0.13322,0.11994,0.12166,0.15115,0.19033,0.1682,0.16861,0.14237,0.14407,0.10078,0.10496,0.18009,0.10239,0.14671,0.1508,0.1096,0.1273
0.017838,0.047538,0.075014,0.010357,0.011563,0.01435,0.00062163,0.0023717,0.032889,0,0.03302,0.056629,0,0.0013071,0.024429,0.017667,0.010264,0.0024033,0.0043262,0.0025252,0.019653,0.0030683,0.0066821,0.011619,0.097452,0.026193,0.026927,0.042512,0.098416,0.057142,0.060009,0.041883,0.0539,0.040265,0.074842,0.042013,0.054234,0.051069,0.053002,0.18126,0.076578,0.034975,0.068425,0.083288,0.047667,0.084437,0.091161,0.04883,0.061793,0.069528,0.10354,0.088059,0.08022,0.20419,0.10218,0.073157,0.064337,0.031653,0.10234,0.049063,0.046787,0.038037,0.077332,0.098443,0.097851,0.098466,0.051895,0.090204,0.085308,0.10676,0.060725,0.05507,0.047968,0.067038,0.073047,0.18606,0.062119,0.045866,0.060439,0.046331,0.051802
0.12076,0.11155,0.26004,0.10485,0.036645,0.20274,0.013472,0.0010974,0.033177,0,0.056019,0.025319,0,0.0013706,0.026852,0.039677,0.01033,0.0019334,0.010392,0.025987,0.12881,0.018564,0.066917,0.092634,0.13216,0.12078,0.074298,0.1289,0.26982,0.084918,0.084649,0.088615,0.083904,0.19237,0.12211,0.12623,0.19454,0.11567,0.13775,0.17126,0.22644,0.13614,0.15354,0.12703,0.11052,0.20868,0.24025,0.20967,0.1123,0.16477,0.21245,0.21871,0.15376,0.10323,0.68373,0.13933,0.15688,0.10358,0.34228,0.14312,0.13295,0.11289,0.2462,0.19835,0.12066,0.17843,0.16569,0.38661,0.34298,0.34096,0.2059,0.26411,0.23384,0.16403,0.15155,0.27531,0.16888,0.28809,0.26504,0.2738,0.19993
0,0.027995,0.21644,0.015513,0.045302,0.027335,0.0047578,0.0033115,0.045508,0,0.12266,0.079187,0,0.0093914,0.021435,0.05049,0.0089302,0.0051507,0.013703,0.04005,0.080172,0.013687,0.049301,0.035514,0.17341,0.042467,0.065876,0.055553,0.20949,0.071061,0.064669,0.089451,0.072475,0.131,0.10179,0.069367,0.068083,0.062564,0.084248,0.079703,0.16233,0.097755,0.068443,0.14627,0.10302,0.08334,0.14314,0.085586,0.042646,0.077906,0.072876,0.12469,0.12164,0.070523,0.13295,0.24603,0.11251,0.077747,0.17574,0.080035,0.13338,0.064697,0.11953,0.12114,0.1329,0.091815,0.081039,0.15603,0.16138,0.24193,0.14633,0.10751,0.18039,0.072716,0.13496,0.16537,0.078121,0.13703,0.1975,0.11136,0.099316
0.01527,0.021299,0.15631,0.036226,0.019932,0.064609,0.0038217,0.0011964,0.074127,0,0.082652,0.019994,0,0.0076342,0.0038688,0.025517,0.0095088,0.0018371,0.0026102,0.023638,0.1402,0.0072777,0.01859,0.016312,0.092043,0.029342,0.032907,0.049625,0.1433,0.043634,0.043391,0.049564,0.045733,0.10229,0.074397,0.052772,0.064973,0.056315,0.066393,0.10111,0.12368,0.07183,0.074993,0.10333,0.069641,0.086617,0.10352,0.098186,0.054532,0.074724,0.088676,0.086737,0.080629,0.053571,0.1293,0.097181,0.16411,0.057639,0.1458,0.063016,0.083935,0.055853,0.13789,0.10282,0.073327,0.083723,0.074891,0.11989,0.13393,0.14528,0.12256,0.10313,0.14024,0.11573,0.091967,0.19908,0.08004,0.096071,0.15743,0.07779,0.084645
0,0.012672,0.11749,0.032165,0.02761,0.04887,0.0037024,0,0.027735,0,0.025546,0.036095,0,0.0016029,0.010418,0.021126,0.0046604,0.0012419,0,0.030103,0.023572,0.0051985,0.014147,0.010942,0.070042,0.020972,0.014663,0.028903,0.12343,0.026816,0.035983,0.033971,0.025435,0.07475,0.046773,0.055788,0.036451,0.051707,0.06069,0.047639,0.060912,0.060333,0.046855,0.061575,0.052419,0.055319,0.073321,0.078358,0.053817,0.05715,0.057752,0.058025,0.058334,0.028733,0.093073,0.073211,0.062837,0.11347,0.096005,0.042155,0.082897,0.041595,0.088037,0.066022,0.03802,0.047426,0.045945,0.069235,0.10011,0.088785,0.076887,0.056625,0.1059,0.032599,0.069113,0.078239,0.070267,0.091714,0.092171,0.048151,0.064515
0.44494,0.11353,0.1452,0.09274,0.018701,0.18188,0.015034,0.0078978,0.019575,0,0.090336,0.011705,0,0.0018094,0.016394,0.073513,0.011158,0.0087374,0.045008,0.059878,0.13353,0.015467,0.1134,0.099312,0.12596,0.096057,0.090793,0.14517,0.3066,0.078335,0.13915,0.17879,0.13815,0.18675,0.1842,0.10491,0.14273,0.11881,0.14378,0.17364,0.25401,0.14969,0.18832,0.21413,0.097832,0.159,0.25442,0.14339,0.094722,0.19897,0.14234,0.31119,0.17021,0.10096,0.33425,0.17985,0.17275,0.10434,0.60341,0.1047,0.18087,0.088794,0.17688,0.19019,0.12513,0.1961,0.14288,0.32769,0.30196,0.23841,0.28937,0.26499,0.24657,0.18292,0.13572,0.17846,0.13279,0.34207,0.26393,0.17605,0.18902
0.019496,0.062512,0.068847,0.038455,0.026897,0.090055,0.0085055,0,0.017046,0,0.073356,0.017429,0,0.0036422,0.0074247,0.026181,0.0065693,0.00015514,0.0018331,0.01481,0.059766,0.011945,0.029689,0.018376,0.099344,0.033567,0.027469,0.053516,0.11605,0.051874,0.040583,0.031367,0.039356,0.077776,0.056538,0.053001,0.077954,0.052727,0.05789,0.050702,0.07387,0.054073,0.071955,0.072879,0.050537,0.075781,0.087442,0.072074,0.051684,0.069925,0.068866,0.081966,0.083727,0.047949,0.13845,0.081139,0.073962,0.045385,0.10372,0.10693,0.07058,0.065002,0.1021,0.099449,0.079598,0.084412,0.080984,0.11833,0.097151,0.13101,0.081808,0.1005,0.11638,0.053287,0.092149,0.14734,0.080648,0.083381,0.12502,0.12299,0.089326
0.042953,0.10129,0.099456,0.013004,0.06644,0.06871,0.030546,0.0016474,0.024919,0,0.098069,0.070491,0,0.0028491,0.018324,0.047119,0.0050975,0.0020211,0.0040741,0.049415,0.061467,0.013823,0.018717,0.025434,0.11932,0.031571,0.049309,0.076717,0.18152,0.064911,0.060959,0.049282,0.052602,0.12315,0.085115,0.09736,0.049402,0.084327,0.095473,0.081518,0.096249,0.10275,0.066267,0.11619,0.077351,0.071883,0.10141,0.081435,0.043936,0.077103,0.070125,0.11361,0.098938,0.041465,0.11663,0.12262,0.089336,0.080933,0.16248,0.064004,0.19745,0.050837,0.11935,0.10627,0.072132,0.0742,0.09105,0.12694,0.13395,0.14915,0.13229,0.10406,0.16945,0.053409,0.15537,0.093914,0.0569,0.14877,0.13925,0.092184,0.10767
0,0.037934,0.092022,0.021941,0.0161,0.065368,0.0058095,0,0.03461,0,0.054101,0.0082711,0,0.0035437,0.0032754,0.015814,0.0052155,0,0,0.015534,0.034071,0.0096111,0.015367,0.013833,0.058591,0.02379,0.022819,0.035484,0.079211,0.029697,0.038148,0.022486,0.024639,0.05213,0.048765,0.039127,0.060027,0.043635,0.04467,0.044962,0.061362,0.044597,0.050716,0.060837,0.043101,0.056556,0.068836,0.058913,0.038839,0.054058,0.048761,0.065481,0.067003,0.033874,0.099518,0.059767,0.059736,0.040807,0.080153,0.059232,0.051084,0.077427,0.066234,0.079144,0.057368,0.067432,0.064266,0.090326,0.092785,0.098626,0.077466,0.079591,0.080425,0.042121,0.066549,0.083528,0.064226,0.062983,0.10399,0.076109,0.064585
0,0.072769,0.15618,0.029596,0.032362,0.075203,0.014147,0,0.058816,0,0.057121,0.057977,0,0.0027099,0.016357,0.026528,0.0069114,0.0015281,0,0.018669,0.19703,0.0078233,0.016945,0.021487,0.10843,0.048035,0.042819,0.072269,0.20038,0.053764,0.052052,0.039263,0.041288,0.1328,0.072629,0.085486,0.084738,0.074969,0.102,0.087816,0.14382,0.086087,0.10312,0.10034,0.080794,0.092052,0.13592,0.1233,0.095847,0.073589,0.084357,0.080205,0.080264,0.059969,0.18899,0.096152,0.12842,0.075208,0.13904,0.081015,0.10443,0.057676,0.27342,0.12258,0.062191,0.074782,0.085607,0.17824,0.20749,0.16849,0.10726,0.14619,0.20001,0.10684,0.1215,0.3023,0.11798,0.13647,0.13417,0.13064,0.1159
0,0.13167,0.17292,0.045253,0.018538,0.12041,0.027143,0,0.036079,0,0.11936,0.031974,0,0.0065762,0.026783,0.035618,0.013169,0.0014843,0,0.022738,0.096326,0.013734,0.031436,0.022226,0.093547,0.053624,0.068238,0.07799,0.14606,0.060422,0.085431,0.04835,0.045244,0.10318,0.10538,0.077075,0.088445,0.088284,0.098389,0.099195,0.10873,0.082442,0.098747,0.13634,0.079341,0.11582,0.14649,0.089653,0.088738,0.10831,0.095916,0.11187,0.14984,0.08712,0.17376,0.11121,0.10928,0.064365,0.17061,0.090054,0.10612,0.078649,0.13989,0.19399,0.12696,0.10813,0.12219,0.18086,0.17028,0.17251,0.16325,0.16061,0.15689,0.09644,0.13932,0.21238,0.10844,0.1448,0.16699,0.13725,0.13545
0.11346,0.079924,0.15973,0.015901,0.028041,0.029044,0.0070583,0.00042904,0.028767,0,0.077483,0.019268,0,0.0052413,0.010507,0.035996,0.013023,0.0018605,0.0033113,0.013814,0.068276,0.010644,0.029605,0.017339,0.096286,0.03234,0.034507,0.056706,0.10848,0.053102,0.054548,0.042938,0.050314,0.071529,0.072723,0.041132,0.0651,0.040844,0.064161,0.074599,0.083496,0.058768,0.05248,0.115,0.058666,0.090503,0.1104,0.063189,0.049162,0.077707,0.073823,0.10458,0.12199,0.084488,0.10313,0.11903,0.076037,0.036164,0.10952,0.070324,0.070276,0.055622,0.069246,0.12387,0.15941,0.086471,0.079326,0.10834,0.094509,0.14758,0.11806,0.084489,0.11343,0.073659,0.088968,0.15533,0.05257,0.069076,0.12074,0.094226,0.07674
0.02936,0.054949,0.021506,0.027418,0.022252,0.044132,0.0056028,0.0023974,0.001345,0,0.034076,0.023693,0,0,0.0048859,0.021788,0.0092689,0.0018445,0.0053657,0.0095964,0.041002,0.0062103,0.013662,0.017723,0.064055,0.032244,0.020158,0.045982,0.084341,0.043984,0.053471,0.029629,0.04577,0.047616,0.067617,0.038353,0.074722,0.04115,0.051242,0.086425,0.070806,0.044328,0.084285,0.066413,0.03056,0.072912,0.091938,0.067917,0.049091,0.073416,0.069311,0.077484,0.082324,0.063725,0.11431,0.06164,0.065072,0.033812,0.12864,0.055898,0.054184,0.049004,0.062411,0.079072,0.064814,0.13744,0.071148,0.10798,0.11623,0.1097,0.082398,0.079785,0.06735,0.099005,0.054958,0.10808,0.07209,0.063581,0.077563,0.06534,0.068581
0,0.095665,0.047509,0.026406,0.033439,0.079614,0.013397,0,0.0062309,0,0.081181,0.0080386,0,0.0024045,0.0057834,0.031558,0.0085574,0.00021445,0,0.016329,0.04338,0.0070793,0.018377,0.016037,0.065867,0.033357,0.036403,0.05332,0.098899,0.04554,0.04928,0.017769,0.033083,0.073424,0.052202,0.049037,0.072155,0.043383,0.061195,0.042564,0.064912,0.062111,0.068121,0.084639,0.034786,0.07115,0.090837,0.068487,0.046856,0.069011,0.053536,0.097775,0.092636,0.03726,0.11776,0.060358,0.064577,0.03634,0.10399,0.059496,0.073764,0.051814,0.079261,0.099135,0.065963,0.078932,0.11686,0.10771,0.10808,0.10139,0.10076,0.10079,0.089836,0.059608,0.079564,0.10753,0.0606,0.08196,0.09145,0.089234,0.085763
0,0.091868,0.16494,0.043383,0.01016,0.095186,0.017827,0.0036207,0.023851,0,0.0576,0.009929,0,0,0.013953,0.021129,0.0049462,0.0057349,0.0046429,0.014332,0.069803,0.012666,0.021861,0.049869,0.066794,0.077701,0.065097,0.080742,0.1382,0.0542,0.061891,0.04976,0.049418,0.10839,0.089946,0.073756,0.1088,0.077637,0.091333,0.10447,0.13083,0.091276,0.089018,0.090389,0.072855,0.10237,0.15046,0.10171,0.050149,0.088626,0.09516,0.075616,0.099533,0.056007,0.23761,0.1005,0.089399,0.047356,0.20624,0.07518,0.088932,0.062976,0.14272,0.12689,0.077906,0.1036,0.093147,0.30651,0.23133,0.20284,0.14161,0.16257,0.1277,0.11895,0.11381,0.12707,0.089708,0.23474,0.17518,0.18201,0.13259
0.0083741,0.057767,0.17567,0.0237,0.016167,0.05817,0.011956,0.00032411,0.018822,0,0.032294,0.010244,0,0.0010519,0.015774,0.022633,0.0039045,0.0034128,0.00056418,0.031205,0.13039,0.0105,0.013537,0.032717,0.075076,0.07196,0.050222,0.068228,0.17683,0.04452,0.053929,0.04693,0.030773,0.13797,0.085499,0.078608,0.10917,0.074206,0.10897,0.099759,0.16689,0.12333,0.12864,0.097768,0.081207,0.1133,0.22345,0.13933,0.084652,0.090792,0.085592,0.075953,0.13759,0.05815,0.23143,0.11412,0.10964,0.075175,0.20864,0.067762,0.10303,0.071021,0.18239,0.13116,0.074612,0.12242,0.10261,0.25397,0.37553,0.21822,0.18581,0.18127,0.17375,0.12783,0.078745,0.21035,0.154,0.25748,0.19085,0.13313,0.15344
0,0.044488,0.20964,0.025712,0.028586,0.032277,0.012688,0.0036106,0.042813,0,0.094531,0.035872,0,0.0040066,0.021978,0.030239,0.0067534,0.0052806,0.0050289,0.019966,0.092191,0.012958,0.017239,0.029338,0.12661,0.052353,0.06038,0.064433,0.15521,0.068002,0.05968,0.062258,0.049775,0.098628,0.10077,0.075569,0.092734,0.073777,0.080005,0.083968,0.13691,0.095257,0.086323,0.10402,0.084001,0.097165,0.16544,0.11044,0.04998,0.078675,0.076681,0.093635,0.1121,0.06709,0.21211,0.15772,0.10965,0.061467,0.15187,0.084245,0.10576,0.0696,0.13655,0.1225,0.10742,0.10652,0.088749,0.2053,0.20119,0.45907,0.12552,0.12658,0.16057,0.079226,0.12786,0.1931,0.10147,0.15575,0.19328,0.14802,0.11832
0.025242,0.073399,0.11498,0.035021,0.013322,0.091941,0.012273,0,0.013964,0,0.058289,0.005877,0,0.0032841,0.01182,0.030652,0.0041753,0.0025182,0.0011496,0.031569,0.07492,0.0089473,0.018163,0.0099892,0.051399,0.039994,0.041493,0.043587,0.099481,0.033896,0.052396,0.041849,0.036303,0.092122,0.082923,0.039776,0.051254,0.051267,0.061617,0.091952,0.097124,0.079746,0.065503,0.10434,0.052413,0.080764,0.12243,0.064752,0.046185,0.075776,0.074761,0.085911,0.10294,0.034956,0.11732,0.087382,0.08473,0.048758,0.16885,0.048187,0.085927,0.050075,0.079624,0.10619,0.078711,0.073292,0.080783,0.13129,0.15692,0.11498,0.20579,0.1171,0.13092,0.11219,0.063358,0.092356,0.059012,0.13745,0.13974,0.069114,0.09597
0.029655,0.043315,0.068184,0.026169,0.0081872,0.081092,0.01242,0.00041187,0,0,0.033682,0.0024055,0,0,0.0035475,0.013906,0.0045984,0.00069988,0.0037359,0.018615,0.1081,0.009422,0.027307,0.020016,0.034831,0.032337,0.023958,0.04167,0.068928,0.02671,0.030415,0.033427,0.024112,0.065122,0.051589,0.03394,0.06081,0.042262,0.043034,0.042173,0.081207,0.050333,0.060983,0.049494,0.034448,0.067684,0.087946,0.062014,0.034539,0.057071,0.056357,0.063233,0.071402,0.026043,0.12363,0.052741,0.058569,0.029499,0.12702,0.04863,0.055528,0.042265,0.089152,0.085827,0.046275,0.0583,0.066383,0.12382,0.12576,0.095248,0.096195,0.14852,0.1143,0.065876,0.057181,0.13363,0.064247,0.11373,0.10916,0.088301,0.07655
0.11021,0.018125,0.15907,0.038474,0.033462,0.069134,0.0055482,0,0.0046191,0,0.035816,0.0080954,0,0.0017004,0.013599,0.029522,0.0019506,0.0017523,0.0032923,0.030023,0.1837,0.0147,0.022854,0.034653,0.071927,0.029367,0.025546,0.037086,0.12282,0.029553,0.039906,0.044144,0.030517,0.10545,0.075648,0.051289,0.041798,0.050628,0.056787,0.054867,0.089701,0.06682,0.075845,0.061406,0.060498,0.07504,0.10433,0.079312,0.061499,0.057464,0.073624,0.073575,0.080216,0.025183,0.12152,0.098244,0.088424,0.061247,0.13122,0.062521,0.10038,0.047414,0.13541,0.093074,0.068969,0.054636,0.06569,0.10798,0.13382,0.13414,0.1194,0.1269,0.25799,0.075413,0.076911,0.22038,0.077692,0.099407,0.11203,0.089067,0.087922
0,0.030186,0.045268,0.012532,0.0062058,0.016216,0.00085904,0.0017325,0.0063266,0,0.013531,0,0,0.0011773,0.0028753,0.0083813,0.0055432,0.003092,0.0017969,0.0037536,0.091034,0.0024957,0.0060525,0.0085142,0.029827,0.023412,0.011004,0.025983,0.053468,0.018035,0.02559,0.014641,0.037786,0.048657,0.052411,0.017705,0.042086,0.020418,0.034487,0.11676,0.080577,0.031814,0.059877,0.040269,0.026639,0.064626,0.07163,0.059836,0.037052,0.041909,0.077388,0.042884,0.055019,0.03451,0.083582,0.03883,0.071547,0.018486,0.095444,0.028068,0.031023,0.024348,0.070922,0.056097,0.043915,0.078749,0.042737,0.098618,0.096532,0.064895,0.10033,0.071708,0.073943,0.18113,0.026679,0.12937,0.053405,0.052943,0.067322,0.039331,0.045116
0.12656,0.069802,0.086718,0.010635,0.023054,0.051266,0.02166,0.0010877,0.037662,0,0.097306,0.034622,0,0.0035961,0.010873,0.022481,0.0045559,0.0014972,0.0021461,0.013064,0.030873,0.0075915,0.017213,0.011908,0.073758,0.020288,0.05146,0.054356,0.096176,0.041159,0.04896,0.029702,0.033398,0.056827,0.0538,0.054642,0.037044,0.054238,0.051971,0.045531,0.059101,0.04499,0.034541,0.067571,0.050214,0.041575,0.049454,0.043357,0.030673,0.047868,0.037883,0.064033,0.05377,0.035284,0.072463,0.067623,0.053351,0.036777,0.06645,0.045545,0.084684,0.036097,0.075682,0.076044,0.049772,0.041019,0.053528,0.088542,0.0558,0.098274,0.053164,0.058406,0.070762,0.025034,0.12449,0.067869,0.032906,0.065362,0.085818,0.073346,0.060682
0,0.03602,0.1024,0.0055653,0.020531,0.037003,0.0080848,0.0018175,0.019956,0,0.067191,0,0,0.0021433,0.0064058,0.018468,0.0082482,0.0016224,0.0030765,0.0077129,0.29076,0.0086287,0.012224,0.026135,0.080466,0.020719,0.040195,0.034471,0.12612,0.03548,0.034624,0.025995,0.031273,0.097195,0.067763,0.031097,0.050754,0.040899,0.059002,0.099072,0.12206,0.043353,0.12863,0.058207,0.047108,0.14389,0.12852,0.15158,0.10597,0.044746,0.16867,0.109,0.099344,0.096775,0.14175,0.089229,0.12436,0.04483,0.09409,0.078417,0.055118,0.048785,0.20276,0.12483,0.093571,0.086865,0.0779,0.10645,0.16051,0.15982,0.083448,0.14698,0.21833,0.13072,0.073082,0.64362,0.14614,0.056119,0.099718,0.088983,0.08723
0,0.004696,0.051823,0.017125,0.0034116,0.030191,0.0030673,0,0.0086146,0,0.020682,0.0096804,0,0.0013933,0.0053937,0.00652,0.0027937,0.00039207,0,0.0087118,0.0282,0.0041622,0.011806,0.007963,0.02868,0.015014,0.0068229,0.017361,0.057583,0.012523,0.019154,0.015945,0.010387,0.039592,0.02724,0.022828,0.03486,0.026254,0.030823,0.03477,0.048895,0.029747,0.060916,0.02491,0.020665,0.041921,0.071362,0.044684,0.043816,0.034655,0.036128,0.026276,0.045687,0.026135,0.07033,0.034095,0.040442,0.032567,0.056629,0.034718,0.027012,0.030342,0.064009,0.051555,0.025615,0.046865,0.03551,0.060786,0.095047,0.067932,0.043129,0.057157,0.062259,0.043648,0.028661,0.11821,0.092922,0.047114,0.061477,0.037973,0.048473
0,0.053794,0.048154,0.026685,0.0060267,0.061693,0.011685,0,0,0,0.032582,0,0,0,0.0091166,0.011253,0.0026354,0.0027729,0,0.033216,0.051982,0.0093449,0.011602,0.0088505,0.03871,0.055197,0.030614,0.048748,0.10285,0.034326,0.030006,0.034067,0.016686,0.1009,0.050231,0.053784,0.061292,0.054862,0.078498,0.047932,0.08614,0.095232,0.054288,0.078248,0.052118,0.065209,0.11069,0.0605,0.022061,0.054475,0.055179,0.047515,0.080589,0.023756,0.1477,0.073626,0.059759,0.05233,0.17959,0.044189,0.086942,0.036631,0.091146,0.084745,0.041436,0.050885,0.059124,0.19582,0.19564,0.12836,0.12367,0.12456,0.098069,0.053269,0.070086,0.055882,0.058002,0.29616,0.15606,0.12771,0.11044
0,0.012702,0.092439,0.018672,0.005291,0.049679,0.0046481,0,0.026226,0,0.067415,0.018771,0,0.0056146,0.00419,0.011995,0.0040798,0.00080118,0,0.020461,0.040811,0.0071612,0.010402,0.012881,0.051218,0.029466,0.01733,0.033328,0.072446,0.025598,0.022752,0.027048,0.020452,0.060563,0.036655,0.034643,0.049261,0.033473,0.038832,0.046715,0.073471,0.054649,0.040699,0.061554,0.041205,0.053231,0.069703,0.054029,0.015469,0.042202,0.054928,0.052806,0.056769,0.021454,0.093126,0.072722,0.067114,0.036042,0.094962,0.045409,0.055773,0.041449,0.061413,0.066979,0.049638,0.042542,0.045211,0.10015,0.099383,0.10917,0.086169,0.081936,0.075742,0.046422,0.063065,0.068053,0.051869,0.10695,0.1598,0.073529,0.064073
0,0.050658,0.059927,0.025665,0.017719,0.056551,0.01084,0,0.00051561,0,0.043546,0.0027414,0,0.00081999,0.0037369,0.011341,0.0042414,0.00090829,0,0.0039401,0.044852,0.0082124,0.015924,0.017373,0.037843,0.031536,0.026597,0.040757,0.061001,0.032406,0.019622,0.014803,0.017247,0.04885,0.032767,0.036296,0.057954,0.03235,0.040038,0.023603,0.044701,0.037624,0.033449,0.037266,0.034614,0.049828,0.056696,0.040519,0.017559,0.037805,0.046031,0.044373,0.047463,0.018919,0.11067,0.047171,0.038148,0.02166,0.072869,0.05139,0.042475,0.034898,0.068792,0.063328,0.044562,0.041227,0.05075,0.1197,0.079749,0.096177,0.049026,0.076246,0.069275,0.031199,0.062004,0.069858,0.036856,0.10069,0.084585,0.12921,0.066023
0,0.29526,0.33894,0.15144,0.072131,0.35551,0.071596,0,0.027749,0,0.23758,0.016332,0,0.01229,0.043438,0.090045,0.020796,0.006578,0,0.082889,0.20668,0.0347,0.071338,0.046791,0.20893,0.15944,0.16912,0.20003,0.41193,0.15423,0.16756,0.12065,0.099608,0.32722,0.2278,0.21447,0.2557,0.2212,0.26921,0.20006,0.30063,0.26927,0.28664,0.27348,0.18651,0.28223,0.4355,0.25307,0.19482,0.26539,0.2275,0.25311,0.3512,0.13475,0.51482,0.268,0.26444,0.18488,0.4984,0.23776,0.31604,0.18866,0.38879,0.39814,0.2312,0.27566,0.31073,0.55549,0.58555,0.48975,0.43368,0.42109,0.43564,0.22799,0.3268,0.43627,0.29971,0.55468,0.46956,0.4206,0.42421
