2.1268,0.61264,0.40519,0,0.92329,0.18095,0.78972,0,0,0.66444,0.72483,0.20403,1.3991,0.13506,0.16694,0.22666,0.31998,0.30432,0.87788,0.85963,1.7707,1.1546,2.5205,0.42917,0.98966,0.88628,1.0039,0.42586,0.46319,0.41636,0.49679,0.42153,0.69152,0.47299,0.65353,0.93525,0.32577,0.44943,0.70294,0.78518,0.45644,0.29011,0.65767,0.97146,0.32277,0.61983,0.55136,0.2852,0.68944,0.67567,0.47836,0.68221,0.54458,0.6654,0.49819,0.70647,0.56661,0.59954,0.51555,0.47797,0.48011,0.6342,0.94137,0.55645,0.93544,0.60956,0.57625,0.34936,0.29293,0.57717,0.75997,0.71493,0.8024,0.8874,0.54591,0.63687,0.4595,0.20677,0.27837,0.58784,0.41871
1.9478,1.1082,0.32668,0,0.9798,0.23099,0.7584,0,0,0.54664,1.1768,0.42237,1.6505,0.19887,0.074485,0.26319,0.39394,0.33353,1.0283,0.66053,1.7585,1.202,2.424,0.35402,0.97216,0.88367,1.0991,0.42107,0.43473,0.51154,0.46495,0.36571,0.71983,0.488,0.6561,0.95963,0.40124,0.51576,0.72803,0.77829,0.47771,0.35134,0.72625,1.1865,0.34893,0.62371,0.63438,0.28323,0.61404,0.67431,0.41645,0.7586,0.64277,0.58151,0.43827,0.66196,0.50925,0.62536,0.64713,0.52092,0.43883,0.65865,0.99048,0.54335,1.1289,0.78942,0.72549,0.29629,0.30771,0.6255,0.88103,0.80199,0.80739,0.83709,0.62876,0.5944,0.31987,0.12835,0.27471,0.49008,0.42348
1.1622,0.29472,1.7855,0,0.34519,0.49395,0.1947,0,0,0,0.49029,0,2.1896,0,0.23147,0.29333,0.12066,0.22934,0.35445,0.18007,2.1315,1.1761,2.8381,0.46255,1.4811,0.8526,1.4494,0.55014,0.56286,0.44718,0.6681,0.44055,0.83669,0.31376,0.80132,1.2951,0.61433,0.5476,0.85219,1.2351,0.5919,0.3967,0.91271,1.1948,0.47461,0.69361,0.43574,0.40867,0.94659,0.91217,0.45865,0.83128,0.7496,1.1544,0.41708,0.79843,0.87832,0.8229,0.73088,0.75802,0.60321,0.54417,1.0542,0.83468,0.95424,0.40201,0.41131,0.89862,0.40265,0.65851,0.97874,1.0791,1.1005,1.5253,0.81412,1.1808,0.97644,0.17859,0.27076,0.80823,0.53083
0,0,0,0.12098,0,0,0.010915,0,0,0.19665,0.15352,0,0,0,0,0.13004,0.055944,0.082811,0.32809,0.3622,0.24267,0.28901,0.086374,0.004745,0.031741,0.17024,0.04188,0.0043482,0.0039785,0.028634,0.059283,0.066986,0.07868,0.0099971,0.032654,0.13117,0.03135,0.12066,0.061234,0.022989,0.020808,0.013403,0.059315,0.077956,0.064276,0.0043237,0.0076561,0.017649,0.0093712,0.055173,0,0.0095286,0.041217,0,0.018663,0.0050771,0.011707,0,0.056776,0.030538,0.018012,0.020531,0.073402,0.025329,0.040162,0.013644,0.042176,0.036556,0,0.019296,0,0.018861,0.083905,0,0,0.030957,0,0,0,0,0.0085691
2.7218,0.90849,0.35478,0,1.7769,0.34395,1.2845,0,0,0.94215,1.0261,0.38073,1.9263,0.26847,0.22978,0.33952,0.52,0.50112,1.3363,1.2039,2.5186,1.5191,3.6485,0.64854,1.409,1.2816,1.5425,0.58628,0.57326,0.64243,0.63183,0.5739,1.0188,0.70789,0.9619,1.285,0.48592,0.6236,0.97894,1.0612,0.62404,0.41581,1.0034,1.3834,0.43697,0.96512,0.94408,0.44743,0.95239,0.8911,0.62587,1.0227,0.7326,0.82661,0.75773,0.9635,0.85057,0.96277,0.74363,0.62129,0.71813,0.88932,1.2871,0.77725,1.3137,0.97677,0.94737,0.43445,0.38171,0.79343,0.97598,1.0261,0.89662,1.2536,0.75432,0.87172,0.43509,0.28647,0.41432,0.7182,0.56607
0.44277,0.17778,0.42139,0,0.28549,0.62013,0.195,0,0,0.58828,0.41199,0,0.77928,0,0.0043186,0.18543,0.20617,0.16102,0.59144,0.61171,1.2512,0.72244,1.1407,0.18359,0.63692,0.4892,0.65529,0.20153,0.23856,0.3003,0.31082,0.23436,0.50615,0.13357,0.40917,0.55285,0.30743,0.3857,0.4241,0.48485,0.27263,0.16665,0.39868,0.59597,0.22943,0.30596,0.29454,0.2157,0.36504,0.34126,0.19541,0.32488,0.32761,0.40657,0.22333,0.34269,0.31347,0.36264,0.31248,0.35214,0.32654,0.30188,0.44023,0.30244,0.44549,0.16791,0.27429,0.35711,0.15464,0.35429,0.34049,0.49253,0.49929,0.57097,0.27635,0.44871,0.34767,0.082665,0.21359,0.25097,0.28499
1.9989,0.60379,0.17182,0.010306,1.1029,0.20171,1.3864,0,0,1.3968,0.6732,0.24703,0.94313,0.2302,0.32804,0.2154,0.47026,0.44115,1.2952,1.679,2.2077,1.4287,2.8706,0.55909,0.92811,0.91332,1.087,0.4355,0.44589,0.44844,0.49433,0.52009,0.78224,0.55063,0.76373,0.99521,0.34056,0.47809,0.73844,0.66882,0.43784,0.322,0.8319,1.042,0.31311,0.69877,0.58082,0.26272,0.6824,0.64184,0.56966,0.62224,0.52972,0.48311,0.52707,0.81662,0.71245,0.65042,0.49505,0.42251,0.48094,0.69665,0.91546,0.55584,0.84475,0.61975,0.68209,0.24364,0.22729,0.52355,0.65253,0.69656,0.71007,0.86503,0.41379,0.50729,0.22878,0.27152,0.26207,0.51599,0.40633
0,0,0,0,0,0,0,0,0,0,0,0,0,0,0,0,0,0,0,0,0,0,0,0,0,0,0,0,0,0,0,0,0,0,0,0,0,0,0,0,0,0,0,0,0,0,0,0,0,0,0,0,0,0,0,0,0,0,0,0,0,0,0,0,0,0,0,0,0,0,0,0,0,0,0,0,0,0,0,0,0
0,0,0,0,0,0,0,0,0,0,0,0,0,0,0,0,0,0,0,0,0,0,0,0,0,0,0,0,0,0,0,0,0,0,0,0,0,0,0,0,0,0,0,0,0,0,0,0,0,0,0,0,0,0,0,0,0,0,0,0,0,0,0,0,0,0,0,0,0,0,0,0,0,0,0,0,0,0,0,0,0
0.8911,0.23059,0,0.098376,0.42862,0.32242,0.74008,0,0,2.9956,0.52776,0.13932,0.13172,0.093825,0.16026,0.35986,0.6528,0.28971,2.0991,3.2547,2.9517,1.9374,2.2663,0.31991,0.57624,1.03,0.78315,0.20981,0.41441,0.43545,0.39463,0.60567,0.88699,0.48721,0.83777,0.96552,0.50739,0.87164,0.69605,0.38801,0.40924,0.18077,0.53074,0.79606,0.33438,0.33218,0.35052,0.20518,0.37095,0.59281,0.45586,0.24856,0.47699,0.26867,0.42674,0.70491,0.38666,0.35076,0.33648,0.49716,0.61263,0.59225,0.65056,0.51227,0.49516,0.19664,0.48362,0.20195,0.084134,0.48529,0.32864,0.44864,0.72841,0.41234,0.19153,0.22205,0.082954,0.18696,0.21124,0.27596,0.32952
1.7174,0.87705,0.40502,0.13568,0.82472,0.39894,0.63019,0,0,0.93241,2.0733,0.034577,2.0324,0.0099103,0.089971,0.49972,0.43203,0.47264,1.6565,1.3647,2.1192,1.9193,2.2198,0.26295,0.96633,1.0822,1.023,0.38981,0.43514,0.58103,0.57351,0.46654,0.8698,0.41446,0.57338,1.2041,0.46782,0.79861,0.88884,0.81392,0.52984,0.39488,0.63589,1.3049,0.51671,0.56187,0.68005,0.33021,0.52983,0.73242,0.34476,0.67855,0.74901,0.53341,0.53935,0.56418,0.42256,0.5321,0.6514,0.67634,0.41898,0.66245,1.0748,0.55135,1.2045,0.54868,0.69776,0.36367,0.33638,0.67584,0.92044,0.71401,1.0507,0.73788,0.59537,0.55831,0.36955,0.085816,0.27465,0.42147,0.4764
0.47781,0.31111,0,0,0.30245,0,0.22855,0,0,0.24328,0.034175,0.55472,0,0.15899,0,0.074283,0.14629,0.1034,0.33146,0.36056,0.50121,0.1597,0.76128,0.14234,0.17125,0.24416,0.35851,0.1056,0.073789,0.13199,0.095716,0.11311,0.1425,0.16932,0.24171,0.22355,0.1008,0.11038,0.1179,0.13813,0.09227,0.045692,0.27221,0.22726,0.031559,0.13596,0.094935,0.037613,0.15332,0.1633,0.1118,0.19467,0.10952,0.14085,0.047887,0.20613,0.14341,0.19572,0.18195,0.06947,0.13786,0.14691,0.28112,0.12002,0.23899,0.30232,0.21277,0.070677,0.054032,0.13394,0.16031,0.29318,0.093794,0.22234,0.12782,0.16125,0.008502,0.06571,0.087308,0.14544,0.060961
3.9126,1.4518,2.1348,0,1.8273,0.8906,1.042,0,0,0.27466,2.3987,0,5.5506,0.037079,0.42582,0.6274,0.50134,0.58831,1.3357,0.50212,4.2793,2.8457,6.0885,0.86701,2.9352,1.9532,2.9634,1.1155,1.238,1.1812,1.3129,0.88264,1.8257,0.8801,1.5521,2.6687,1.2381,1.2058,1.9526,2.4897,1.3103,0.91665,1.7089,2.8392,1.0333,1.6569,1.5058,0.8865,1.8423,1.8539,0.95444,1.9552,1.6951,2.0604,1.2033,1.6521,1.5882,1.6993,1.5664,1.5295,1.2676,1.4552,2.4322,1.6619,2.5669,1.3057,1.291,1.3144,0.94997,1.5697,2.3061,2.1161,2.2542,2.8049,1.7908,1.9678,1.5934,0.33321,0.67206,1.4513,1.1714
0.60229,0.27894,0,0,0.40614,0,0.40558,0,0,0.31199,0.018652,0.30276,0.059128,0.20041,0,0.079465,0.1659,0.15492,0.41089,0.44892,0.63786,0.28876,0.9603,0.18685,0.29222,0.30681,0.40175,0.13752,0.098658,0.13937,0.1299,0.1442,0.23098,0.22513,0.30174,0.29047,0.10185,0.12199,0.18603,0.18361,0.1072,0.072928,0.30802,0.31336,0.055311,0.2109,0.13337,0.060329,0.23613,0.20987,0.16267,0.24651,0.14522,0.15117,0.10233,0.24968,0.24547,0.23841,0.21467,0.085612,0.16546,0.17937,0.29909,0.16448,0.27544,0.33857,0.27905,0.075045,0.051351,0.15438,0.17438,0.25771,0.15508,0.28445,0.12517,0.21478,0.0052236,0.078033,0.084331,0.16703,0.088931
0.61721,0.086617,0.29836,0,0.28819,0.0065252,0.47916,0,0,0.4418,0.14039,0,0.56296,0,6.2037,0.04571,0.13129,0.16573,0.33639,0.59151,1.9324,1.4443,2.2343,0.28014,0.49226,0.23553,1.6653,0.81059,0.90676,0.43914,0.2623,0.32117,1.9044,1.5058,0.46408,1.568,1.2821,0.32444,1.5794,0.70587,0.39765,0.24968,1.692,1.022,0.2714,1.3123,0.30619,0.40737,0.58303,0.99154,0.29968,1.4127,1.7897,0.39815,0.37507,1.2691,0.77895,0.74989,0.73705,1.6596,1.4232,0.33457,1.101,0.446,0.48313,0.1313,1.0955,0.20946,0.44723,0.53749,0.87841,0.58769,0.30505,1.8085,0.35314,0.54556,0.13014,0.08219,0.11905,0.25482,0.26164
0.18228,0.066572,0.082242,0.03901,0.092621,0.060942,0.068437,0,0,0.21579,0.16961,0.025509,0.18042,0.01433,0.0099425,0.13162,0.073937,0.097311,0.3899,0.45048,0.4467,0.36349,0.39783,0.050912,0.17464,0.26477,0.18754,0.05172,0.070651,0.091295,0.10372,0.1071,0.16658,0.086925,0.12724,0.24639,0.092352,0.16377,0.15091,0.12791,0.073105,0.050187,0.11217,0.17481,0.10628,0.075909,0.075123,0.062807,0.097336,0.13408,0.05413,0.098121,0.10555,0.11006,0.073508,0.096069,0.088296,0.085554,0.10805,0.11138,0.10226,0.08838,0.17958,0.097919,0.15553,0.073944,0.096169,0.092851,0.037014,0.098772,0.098093,0.11724,0.19338,0.12964,0.082771,0.11519,0.072311,0.020599,0.038604,0.075069,0.070293
0.32419,0.12554,0.04262,0.021143,0.17872,0.085365,0.18824,0,0,0.49317,0.18474,0.063291,0.18163,0.037692,0.035978,0.093151,0.1518,0.090388,0.48615,0.64728,0.68304,0.43581,0.62217,0.088833,0.21224,0.28314,0.25003,0.07795,0.10976,0.12737,0.11906,0.13611,0.23042,0.13021,0.20809,0.26832,0.12513,0.19366,0.19485,0.1454,0.11333,0.065586,0.16027,0.2419,0.092581,0.12269,0.12322,0.069915,0.1296,0.17574,0.11134,0.12522,0.14553,0.11391,0.11029,0.17622,0.12374,0.13038,0.12222,0.13616,0.14914,0.15551,0.21171,0.14045,0.19059,0.11484,0.15386,0.072662,0.041701,0.1442,0.13508,0.15629,0.21105,0.16034,0.09183,0.11594,0.050268,0.0408,0.064979,0.098737,0.095614
0.29613,0.10208,0.077805,0.030058,0.16541,0.064031,0.16959,0,0,0.2102,0.1941,0.042963,0.2047,0.033804,0.04362,0.11775,0.08681,0.14728,0.4025,0.44346,0.46653,0.3911,0.51595,0.086452,0.2061,0.26834,0.23306,0.078145,0.080721,0.10124,0.12301,0.11639,0.18596,0.10614,0.14724,0.27736,0.091493,0.15952,0.17336,0.14542,0.082896,0.062249,0.15655,0.21321,0.10542,0.11731,0.095896,0.066884,0.12973,0.14891,0.083838,0.12706,0.12312,0.11787,0.094475,0.13084,0.12559,0.12003,0.12253,0.11936,0.10282,0.11179,0.21385,0.10716,0.19234,0.10899,0.1321,0.093442,0.049223,0.11363,0.12476,0.14057,0.20027,0.17465,0.088632,0.13079,0.070759,0.034363,0.047966,0.096088,0.082876
0.56515,0.20821,0.079554,0.078783,0.29182,0.1556,0.32942,0,0,1.0076,0.45007,0.091114,0.30746,0.059314,0.058572,0.31211,0.3089,0.26628,3.0648,4.3877,2.1608,1.5585,1.2541,0.27162,0.46267,1.1723,0.57251,0.14932,0.22298,0.34201,0.33824,0.39093,0.68122,1.0669,0.52345,0.88529,0.32697,0.53088,0.54813,0.2746,0.21597,0.46317,0.30174,0.47847,0.31098,0.20999,0.21351,0.18072,0.23038,0.70021,0.2013,0.23348,0.3968,0.20799,0.23329,0.33101,0.28032,0.32476,0.27229,0.37415,0.3436,0.31071,0.60807,0.26418,0.40995,0.19309,0.3004,0.19041,0.069632,0.33005,0.22944,0.27187,0.92141,0.27222,0.19754,0.24923,0.09301,0.073112,0.10763,0.17395,0.2005
0.37923,0.091652,0.027695,0.059601,0.18017,0.11028,0.29262,0,0,1.0706,0.25409,0.067921,0.07921,0.044409,0.070579,0.24712,0.28184,0.20105,3.0068,5.5103,2.4575,1.6059,1.0836,0.18565,0.35118,1.1127,0.48575,0.1097,0.21284,0.30914,0.32492,0.37781,0.70728,1.0053,0.52709,0.85095,0.30469,0.46727,0.4911,0.17381,0.1675,0.43204,0.23516,0.34348,0.2747,0.14499,0.13715,0.14487,0.16203,0.51812,0.18989,0.14061,0.37261,0.13702,0.18737,0.30781,0.2495,0.3096,0.19341,0.33612,0.31839,0.26025,0.52931,0.21338,0.2653,0.094826,0.20574,0.1467,0.035137,0.27199,0.13871,0.17319,1.0117,0.18706,0.12287,0.16938,0.040282,0.079144,0.077146,0.12796,0.16341
1.335,0.41698,0.56026,0.068244,0.64411,0.3855,0.65758,0,0,1.6593,0.67429,0.16136,1.1537,0.10784,0.39404,0.41877,0.50826,0.36146,2.5305,4.1998,4.1484,2.1728,2.9591,0.4672,1.1519,1.4654,1.388,0.44206,0.60392,0.61333,0.67154,0.65478,1.3192,0.77043,1.0196,1.5518,0.73433,0.83216,1.0599,0.84212,0.55237,0.45839,0.87023,1.137,0.50258,0.65608,0.52288,0.35899,0.69861,0.89319,0.48804,0.74124,0.89527,0.69452,0.511,0.85642,0.75103,0.71072,0.65306,0.76518,0.82035,0.65668,1.1329,0.70918,0.8837,0.4514,0.66465,0.50217,0.26168,0.69058,0.7187,0.84396,1.4081,1.0094,0.54887,0.73517,0.43146,0.19018,0.28953,0.5329,0.47709
1.0037,0.32865,0.35644,0.093713,0.44797,0.25665,0.49069,0,0,1.2558,0.70416,0.059282,0.88459,0.056288,0.3396,0.39292,0.37393,0.34939,2.1046,3.1645,2.5054,2.2353,2.2961,0.2984,0.79768,1.2278,1.078,0.35925,0.47168,0.52756,0.47961,0.49974,0.93728,0.7015,0.67631,1.326,0.61349,0.7448,0.8885,0.61801,0.40676,0.38711,0.67005,0.94492,0.45768,0.50452,0.40559,0.32183,0.51167,0.74217,0.36508,0.56396,0.71298,0.46492,0.39955,0.65464,0.52221,0.57918,0.53285,0.59374,0.59643,0.51182,0.94241,0.51281,0.75362,0.31064,0.45699,0.38264,0.24001,0.54355,0.58663,0.59787,0.98005,0.8542,0.43797,0.4942,0.29042,0.12763,0.19977,0.35925,0.37292
1.7307,0.52349,0.67941,0.022122,0.8498,0.32008,0.77871,0,0,1.1603,0.64328,0.2232,1.4949,0.14786,0.41495,0.33968,0.42165,0.36407,1.3377,1.6866,2.695,1.8136,3.6682,0.5228,1.2662,1.1707,1.6122,0.55242,0.66965,0.64217,0.61011,0.57784,1.0518,0.55442,0.95521,1.5368,0.75064,0.72645,1.0573,1.0121,0.59983,0.38186,1.0186,1.3501,0.48439,0.83611,0.63654,0.3799,0.88922,0.98534,0.59074,0.91623,0.84345,0.84017,0.58748,1.0125,0.91754,0.86707,0.74106,0.71129,0.80482,0.73713,1.2134,0.80903,1.058,0.60026,0.67287,0.56094,0.38423,0.70525,0.91348,1.0145,1.0142,1.4016,0.68281,0.84191,0.53746,0.23667,0.32625,0.66021,0.5571
0.35085,0.091028,0.13183,0.0014469,0.17985,0.061334,0.18057,0,0,0.195,0.090721,0.049689,0.25345,0.034253,0.061942,0.051754,0.071676,0.07263,0.34492,0.34403,0.50659,0.28062,0.62243,0.44847,0.23507,0.23168,0.26734,0.10504,0.1092,0.096822,0.12411,0.10702,0.17914,0.20403,0.1765,0.24136,0.10056,0.1102,0.16479,0.1824,0.10496,0.10524,0.17769,0.22039,0.07756,0.14435,0.10184,0.066413,0.17065,0.21368,0.11584,0.14959,0.1342,0.16473,0.11608,0.17738,0.16945,0.15582,0.1242,0.11567,0.12118,0.13331,0.21282,0.13814,0.18263,0.11522,0.12127,0.10355,0.063905,0.12038,0.16067,0.1764,0.19021,0.25058,0.10865,0.16085,0.11676,0.056855,0.061145,0.13846,0.098073
0.98209,0.30343,0.51241,0.011749,0.47429,0.2583,0.36386,0,0,0.42637,0.40471,0.072566,1.0416,0.065024,0.13212,0.2155,0.20788,0.21019,0.71319,0.78996,1.5162,0.91057,1.83,0.28535,0.8402,0.70633,0.85586,0.30532,0.35084,0.34108,0.37695,0.31298,0.58404,0.30332,0.53264,0.81015,0.3706,0.39266,0.5648,0.63001,0.34604,0.23023,0.50994,0.73762,0.29413,0.44387,0.35967,0.23652,0.52513,0.5357,0.29958,0.50663,0.44138,0.563,0.31257,0.5018,0.48733,0.47857,0.43332,0.42165,0.42204,0.4033,0.67112,0.45492,0.62714,0.34845,0.36579,0.38338,0.21405,0.42907,0.53914,0.58728,0.66949,0.77284,0.41166,0.56168,0.40947,0.11867,0.19674,0.41022,0.32417
0.64821,0.20328,0.2174,0.046445,0.31795,0.14622,0.26391,0,0,0.5617,0.33404,0.076252,0.51082,0.050319,0.046592,0.2408,0.20439,0.20169,1.3319,1.8447,1.4216,1.033,1.247,0.20728,0.52058,0.91056,0.52386,0.17834,0.22832,0.29529,0.28947,0.29411,0.49498,0.50997,0.39841,0.71187,0.24933,0.40344,0.44367,0.35837,0.22031,0.24788,0.29651,0.4612,0.28088,0.24058,0.22541,0.17339,0.29724,0.47257,0.2051,0.29927,0.322,0.33548,0.22401,0.32822,0.28743,0.28314,0.28055,0.33131,0.31796,0.29414,0.54468,0.28343,0.43941,0.22622,0.25623,0.24935,0.11033,0.31237,0.31833,0.32187,0.62939,0.39439,0.25582,0.32493,0.22779,0.084503,0.12767,0.25397,0.22559
0.74208,0.25556,0.37354,0.011548,0.38678,0.19796,0.31746,0,0,0.43165,0.31914,0.11316,0.78332,0.066594,0.33295,0.17239,0.18242,0.17705,0.6574,0.81393,1.3609,0.91666,1.7357,0.24174,0.63754,0.52946,0.97765,0.32346,0.35519,0.348,0.30496,0.2733,0.58556,0.25205,0.46789,0.84655,0.51778,0.36116,0.60517,0.53663,0.30975,0.20079,0.60168,0.72829,0.25283,0.46898,0.32354,0.2164,0.46529,0.51261,0.26197,0.5414,0.52488,0.42211,0.28361,0.51074,0.49457,0.49583,0.45062,0.39426,0.44981,0.34529,0.66465,0.40391,0.54047,0.2988,0.34748,0.30535,0.22925,0.39553,0.48735,0.555,0.52111,0.849,0.3636,0.45393,0.26793,0.090613,0.16336,0.30118,0.27071
0.37094,0.11536,0.16706,0.0014127,0.17323,0.071736,0.14986,0,0,0.13626,0.1433,0.039278,0.34742,0.02686,0.19096,0.056018,0.067013,0.06995,0.20203,0.2166,0.51072,0.35996,0.70077,0.11192,0.268,0.21239,0.38114,0.18017,0.1562,0.13942,0.13239,0.1078,0.24264,0.10629,0.18247,0.33218,0.20117,0.12524,0.26666,0.23021,0.12816,0.083672,0.27518,0.31004,0.09673,0.20436,0.12511,0.099957,0.207,0.21757,0.12016,0.25047,0.23652,0.19346,0.12585,0.22596,0.1971,0.20502,0.19428,0.17668,0.18253,0.15452,0.30655,0.1627,0.24121,0.12908,0.14506,0.1268,0.11075,0.18066,0.24754,0.2248,0.21532,0.3961,0.14779,0.20209,0.1482,0.046953,0.069388,0.1468,0.11911
0.37922,0.11195,0.16066,0.001215,0.15921,0.079818,0.14422,0,0,0.25299,0.15036,0.025797,0.36243,0.018113,0.2008,0.071927,0.088694,0.067917,0.28358,0.395,0.65583,0.44424,0.79848,0.10936,0.28945,0.25558,0.3934,0.14683,0.20177,0.15497,0.14281,0.12016,0.2804,0.14449,0.21374,0.36867,0.21837,0.16493,0.27547,0.24484,0.14472,0.094138,0.24969,0.32936,0.11521,0.20353,0.14913,0.098878,0.20615,0.23596,0.13228,0.23732,0.23967,0.20708,0.13806,0.24409,0.20505,0.20559,0.1869,0.20216,0.21293,0.17592,0.2899,0.18574,0.25346,0.12079,0.14336,0.12752,0.10542,0.1864,0.24557,0.24013,0.25755,0.37268,0.1614,0.1961,0.15057,0.047603,0.078895,0.1525,0.13714
0.3299,0.12748,0.12353,0.0084629,0.17267,0.097239,0.14038,0,0,0.25726,0.1943,0.044657,0.33465,0.024761,0.094111,0.089949,0.099609,0.08244,0.42095,0.55523,0.64459,0.48085,0.74104,0.093843,0.27234,0.3199,0.37301,0.12683,0.14997,0.20961,0.13635,0.13311,0.2663,0.13398,0.20375,0.39862,0.21394,0.20106,0.26833,0.21718,0.13303,0.10126,0.22104,0.31727,0.14478,0.18349,0.1502,0.089495,0.17814,0.22474,0.10793,0.21631,0.22045,0.16945,0.12186,0.20869,0.19327,0.19698,0.18566,0.18236,0.19291,0.16469,0.3042,0.16297,0.25673,0.12988,0.1509,0.13277,0.097199,0.18388,0.20412,0.2377,0.28021,0.31343,0.16771,0.17439,0.12068,0.037749,0.084629,0.12294,0.13284
0.34015,0.10013,0.15948,0.01514,0.14675,0.086969,0.13372,0,0,0.20147,0.16572,0.027984,0.32143,0.019943,0.048575,0.088305,0.080457,0.086554,0.35975,0.50428,0.60987,0.37775,0.60838,0.10395,0.26008,0.27099,0.28247,0.10407,0.11943,0.11782,0.15537,0.12394,0.22026,0.12602,0.18711,0.29897,0.12358,0.15338,0.19957,0.20266,0.11318,0.085584,0.17262,0.25017,0.10815,0.13933,0.10591,0.078981,0.17052,0.18602,0.10528,0.1622,0.16692,0.18389,0.10691,0.16968,0.15919,0.15425,0.14404,0.14488,0.1372,0.13847,0.25048,0.14662,0.21612,0.11085,0.1242,0.12711,0.073672,0.14734,0.17732,0.18645,0.26499,0.24981,0.12865,0.17882,0.14266,0.043829,0.065456,0.14168,0.10869
0.33125,0.09039,0.1207,0.019635,0.15298,0.075262,0.16147,0,0,0.35488,0.15473,0.037954,0.24802,0.025409,0.068264,0.10465,0.10557,0.093994,0.4772,0.67299,0.68249,0.45175,0.66132,0.10287,0.24785,0.316,0.29053,0.097257,0.11533,0.13202,0.14225,0.17305,0.23586,0.13537,0.20948,0.33836,0.14601,0.18752,0.22097,0.18064,0.11517,0.078347,0.18277,0.2485,0.1223,0.13664,0.10239,0.075146,0.16152,0.19624,0.11354,0.14952,0.16169,0.15488,0.11305,0.1867,0.16675,0.14501,0.14618,0.15372,0.15921,0.14282,0.27191,0.15385,0.19578,0.10348,0.13139,0.1173,0.061045,0.14833,0.14969,0.16909,0.2604,0.23088,0.11737,0.15657,0.098361,0.048478,0.058554,0.1286,0.10208
0.56531,0.18509,0.23846,0.023992,0.28252,0.1691,0.25264,0,0,0.54067,0.3001,0.049742,0.53368,0.042342,0.42109,0.16934,0.18592,0.15622,0.86507,1.3106,1.4304,0.88141,1.2523,0.17914,0.48113,0.55326,0.64757,0.22773,0.27998,0.27475,0.26298,0.24536,0.61674,0.33758,0.38663,0.67981,0.35718,0.33806,0.50022,0.38269,0.23435,0.17734,0.43196,0.51663,0.21735,0.33756,0.24135,0.18091,0.31477,0.3935,0.20025,0.38514,0.4419,0.29846,0.22524,0.39876,0.32337,0.32933,0.30191,0.39109,0.39126,0.27828,0.5071,0.29004,0.40449,0.2015,0.3187,0.21999,0.13909,0.30892,0.35278,0.36769,0.52199,0.52635,0.24754,0.33201,0.19171,0.071169,0.1252,0.21219,0.21034
0.31704,0.10288,0.073323,0.0024995,0.16095,0.036589,0.14581,0,0,0.2435,0.11725,0.048462,0.21094,0.033838,0.27299,0.072451,0.086142,0.073113,1.1109,1.5274,0.68496,0.54089,0.54122,0.16729,0.20488,0.46736,0.22855,0.081794,0.11829,0.11334,0.12337,0.11547,0.27679,0.83608,0.19479,0.28132,0.105,0.14538,0.201,0.15701,0.090933,0.29826,0.13024,0.19109,0.096525,0.13112,0.093897,0.061843,0.13053,0.42045,0.093797,0.13589,0.16811,0.13794,0.10699,0.16753,0.12916,0.17135,0.11402,0.19027,0.159,0.14209,0.22212,0.12186,0.17857,0.11127,0.14939,0.083256,0.048174,0.12968,0.1406,0.13172,0.25854,0.17235,0.10721,0.12595,0.079718,0.039926,0.048361,0.10535,0.087745
0.47304,0.14937,0.20222,0.0088164,0.23618,0.12103,0.2184,0,0,0.45215,0.17516,0.074707,0.40171,0.048976,0.090855,0.11453,0.14866,0.10953,0.58855,0.86482,0.97893,0.56313,1.007,0.15628,0.38851,0.39429,0.45815,0.15163,0.18896,0.18613,0.1978,0.19295,0.34233,0.21035,0.34876,0.4474,0.22068,0.23663,0.30596,0.2938,0.17471,0.1242,0.27488,0.38014,0.14514,0.21866,0.17163,0.11124,0.25798,0.28983,0.17288,0.24527,0.2423,0.25618,0.16617,0.2876,0.25481,0.25117,0.21637,0.22114,0.24446,0.22097,0.35494,0.23917,0.30048,0.17423,0.20026,0.17347,0.09951,0.22624,0.25372,0.29346,0.37889,0.37733,0.18825,0.25691,0.17042,0.070029,0.10245,0.19783,0.16136
0.73679,0.23778,0.35571,0.038545,0.34338,0.17799,0.30974,0,0,0.56715,0.40035,0.075201,0.75177,0.051313,0.33411,0.24136,0.20863,0.22455,1.0834,1.5196,1.6215,1.2016,1.7632,0.23259,0.64316,0.76678,0.90218,0.30044,0.35474,0.39633,0.34399,0.33921,0.65511,0.33064,0.48694,1.0206,0.50812,0.46721,0.6637,0.51371,0.30779,0.22357,0.54785,0.71663,0.33031,0.43273,0.3018,0.22326,0.43394,0.54548,0.26605,0.50623,0.54765,0.41597,0.28626,0.50781,0.47642,0.45014,0.44031,0.45656,0.47105,0.35065,0.72971,0.3969,0.56365,0.26612,0.34671,0.32218,0.21365,0.40745,0.47097,0.50781,0.69213,0.76606,0.36701,0.43532,0.2741,0.095597,0.15805,0.30325,0.28583
0.24132,0.093485,0.15866,0.0086622,0.1221,0.093067,0.099667,0,0,0.28025,0.14625,0.031883,0.32795,0.016918,0.25687,0.085068,0.091489,0.06965,0.37624,0.51162,0.72151,0.52277,0.80982,0.091124,0.27665,0.25253,0.51887,0.17109,0.19758,0.20001,0.13371,0.13764,0.32366,0.11604,0.22585,0.47779,0.38545,0.20612,0.35224,0.24615,0.15552,0.097614,0.31145,0.37642,0.1407,0.23891,0.1482,0.10417,0.20947,0.265,0.11113,0.28636,0.31607,0.17581,0.12714,0.26122,0.24937,0.25069,0.24485,0.22554,0.26752,0.16069,0.34658,0.1929,0.25237,0.1072,0.16145,0.13296,0.1296,0.22392,0.23434,0.2754,0.2584,0.46629,0.17047,0.1955,0.10585,0.029915,0.076371,0.11683,0.12895
0.32233,0.11635,0.13692,0.03228,0.15172,0.11305,0.13547,0,0,0.46613,0.24173,0.033804,0.30924,0.019619,0.062937,0.14606,0.13709,0.11758,0.59145,0.75966,0.79163,0.61448,0.7588,0.096682,0.28379,0.39561,0.35041,0.10312,0.14448,0.18199,0.16067,0.17114,0.29659,0.15556,0.23447,0.42534,0.19957,0.29877,0.27678,0.21514,0.14678,0.09157,0.1944,0.31131,0.16606,0.15097,0.13206,0.098214,0.17028,0.24036,0.11625,0.17536,0.20997,0.17685,0.13045,0.20128,0.17213,0.16475,0.1726,0.2039,0.2014,0.16621,0.30383,0.17966,0.26065,0.11269,0.16494,0.1443,0.07485,0.1879,0.18496,0.20931,0.31689,0.25104,0.15804,0.1718,0.11874,0.040324,0.073572,0.12744,0.13103
0.55341,0.18027,0.2339,0.017982,0.26143,0.13645,0.22968,0,0,0.40859,0.29533,0.039635,0.54969,0.032841,0.33631,0.14773,0.15141,0.14026,0.67032,0.8764,1.1068,0.80465,1.2123,0.1587,0.44808,0.47757,0.64451,0.24102,0.26488,0.26662,0.22947,0.22137,0.48172,0.23608,0.33277,0.66326,0.37436,0.30382,0.51993,0.37046,0.2207,0.15368,0.4322,0.52133,0.20686,0.33699,0.2288,0.17418,0.30957,0.38854,0.19049,0.39418,0.42717,0.29026,0.21652,0.38239,0.3243,0.32688,0.31523,0.34603,0.36037,0.26024,0.5222,0.28108,0.40255,0.19262,0.27476,0.20654,0.15888,0.30658,0.36494,0.3528,0.43661,0.57788,0.25579,0.31469,0.19113,0.065772,0.11258,0.20895,0.2018
0.66204,0.2064,0.36309,0.0072304,0.30351,0.16707,0.22279,0,0,0.24394,0.28964,0.049733,0.75066,0.034715,0.16098,0.13411,0.12101,0.12601,0.35966,0.33221,0.94181,0.59943,1.2429,0.18813,0.53531,0.41314,0.6121,0.22285,0.25215,0.23111,0.24957,0.19382,0.39471,0.19751,0.34224,0.54982,0.28018,0.25293,0.39677,0.47043,0.23969,0.15514,0.37396,0.51998,0.19284,0.3275,0.24937,0.16367,0.36567,0.36016,0.19856,0.37046,0.33809,0.38324,0.21949,0.35771,0.33018,0.3353,0.306,0.29236,0.30302,0.27484,0.46701,0.31518,0.43833,0.23221,0.25895,0.25771,0.16811,0.2927,0.38795,0.42377,0.42445,0.57782,0.29693,0.38079,0.29152,0.078093,0.13589,0.27828,0.21745
0.37874,0.12468,0.17123,0.0064405,0.17565,0.09245,0.14353,0,0,0.2532,0.18555,0.032693,0.38878,0.019947,0.089247,0.075431,0.092815,0.070689,0.27837,0.31506,0.60795,0.38826,0.72489,0.10654,0.28935,0.24995,0.3477,0.1221,0.14668,0.13931,0.13717,0.12161,0.23787,0.11257,0.20028,0.32419,0.17421,0.16982,0.23262,0.23588,0.15267,0.087038,0.21169,0.301,0.11071,0.17924,0.14339,0.088838,0.19205,0.21362,0.11765,0.20427,0.19539,0.19544,0.12611,0.20873,0.18577,0.18477,0.17078,0.17153,0.17799,0.16275,0.26281,0.17859,0.2438,0.12548,0.15259,0.12935,0.088225,0.1694,0.21645,0.22775,0.24265,0.30502,0.15749,0.19112,0.13565,0.043304,0.073873,0.14833,0.12411
0.17533,0.066787,0.083587,0.0030214,0.085246,0.04116,0.076883,0,0,0.08146,0.10072,0.011792,0.1981,0.0098833,0.040814,0.037717,0.039123,0.038662,0.43483,0.59189,0.36746,0.26913,0.33611,0.077802,0.14022,0.20483,0.16416,0.058057,0.069491,0.077238,0.075545,0.060256,0.13111,0.26893,0.1037,0.17152,0.079641,0.077163,0.11798,0.1112,0.063394,0.13531,0.09842,0.14473,0.060771,0.084098,0.071698,0.042285,0.08898,0.18634,0.053981,0.096202,0.10134,0.088074,0.062331,0.093081,0.093715,0.1061,0.081158,0.08327,0.077225,0.084534,0.13723,0.079141,0.12058,0.06235,0.070764,0.062864,0.041898,0.081594,0.10411,0.11068,0.15963,0.13848,0.077851,0.092483,0.065251,0.019552,0.033943,0.065767,0.061426
0.43882,0.15241,0.21232,0.014762,0.2271,0.10871,0.21929,0,0,0.26405,0.17906,0.077555,0.40774,0.046085,0.30534,0.093064,0.10555,0.10735,0.31275,0.35566,0.77016,0.51429,0.98977,0.14503,0.34287,0.2705,0.54309,0.21079,0.20348,0.18614,0.16821,0.15519,0.35256,0.12964,0.25339,0.46401,0.28053,0.18085,0.3663,0.29592,0.17022,0.10866,0.45474,0.42556,0.12582,0.29553,0.18145,0.13082,0.26619,0.29562,0.15869,0.35798,0.32851,0.2235,0.16594,0.32411,0.27817,0.28109,0.25994,0.24093,0.27162,0.20721,0.38752,0.22213,0.29859,0.1705,0.23022,0.16564,0.13258,0.22209,0.30305,0.30686,0.24978,0.51183,0.18695,0.27468,0.14234,0.060344,0.089402,0.16719,0.15066
0.78091,0.3,0.33484,0.023375,0.37721,0.19578,0.33092,0,0,0.47714,0.44269,0.078008,0.81612,0.056485,0.22221,0.17474,0.19192,0.17613,0.59746,0.62588,1.2123,0.87377,1.5806,0.21671,0.59751,0.5069,0.79198,0.28613,0.32337,0.32188,0.29371,0.2542,0.50801,0.22916,0.42217,0.73124,0.40848,0.34892,0.53231,0.49573,0.29159,0.1925,0.5127,0.72457,0.23919,0.40747,0.31757,0.18687,0.41436,0.46396,0.25131,0.4689,0.44997,0.38837,0.26763,0.45734,0.41964,0.42381,0.40586,0.36211,0.3668,0.35318,0.59886,0.37058,0.54343,0.28882,0.32756,0.2708,0.20941,0.37374,0.48184,0.50127,0.49113,0.71953,0.33977,0.39978,0.26809,0.088339,0.15885,0.28814,0.2701
0.24887,0.084622,0.12758,0.018486,0.11429,0.072294,0.095379,0,0,0.19224,0.16814,0.010391,0.2849,0.0095632,0.0566,0.1019,0.070456,0.083534,0.37247,0.48012,0.51399,0.40595,0.54394,0.073153,0.22854,0.29611,0.26372,0.085628,0.1085,0.14089,0.12179,0.12,0.205,0.11104,0.15461,0.32329,0.14645,0.17853,0.2026,0.17634,0.10287,0.077531,0.1454,0.22943,0.1449,0.12392,0.10187,0.073466,0.13793,0.17484,0.077594,0.1484,0.15333,0.15179,0.092068,0.14564,0.14325,0.13086,0.13896,0.14594,0.14183,0.11643,0.23673,0.12992,0.19689,0.088178,0.10797,0.12178,0.066236,0.13441,0.15049,0.16745,0.25367,0.21619,0.13244,0.1472,0.11254,0.028698,0.05154,0.10628,0.10175
0.48535,0.15361,0.18936,0.0012629,0.25636,0.097909,0.21617,0,0,0.19394,0.18568,0.04546,0.46393,0.037032,0.27793,0.073912,0.094818,0.094403,0.25542,0.25735,0.68142,0.45446,0.95351,0.13827,0.35025,0.25757,0.49678,0.18372,0.19465,0.18134,0.15934,0.13615,0.32334,0.15318,0.23655,0.43012,0.25255,0.16483,0.33518,0.30415,0.16914,0.10896,0.34683,0.39692,0.12585,0.30144,0.19791,0.11812,0.25967,0.27356,0.14752,0.32055,0.30177,0.22643,0.16547,0.2974,0.26658,0.27133,0.23502,0.22769,0.25677,0.20304,0.34791,0.21605,0.30209,0.17161,0.22899,0.14932,0.12974,0.21025,0.27948,0.30102,0.25087,0.4607,0.19889,0.24867,0.14536,0.055057,0.095242,0.17142,0.15017
0.40075,0.14503,0.11042,0.0020757,0.23277,0.08749,0.16679,0,0,0.18997,0.20861,0.029465,0.39136,0.021737,0.060194,0.067897,0.088395,0.07163,0.24107,0.22597,0.5041,0.33912,0.67382,0.090544,0.26344,0.22401,0.31813,0.1044,0.13239,0.13778,0.11243,0.094709,0.21459,0.10182,0.17235,0.27845,0.14542,0.13384,0.21124,0.21496,0.1256,0.086227,0.19766,0.28714,0.09603,0.18371,0.19384,0.089248,0.16954,0.17657,0.10519,0.19382,0.16659,0.15677,0.13713,0.18583,0.16108,0.18073,0.1501,0.1441,0.15824,0.16505,0.22449,0.15434,0.23759,0.13885,0.1547,0.096843,0.076055,0.15067,0.19364,0.21984,0.196,0.25939,0.15366,0.16577,0.089288,0.03585,0.082393,0.11379,0.11768
0.2217,0.069251,0.11076,0.0051175,0.11798,0.068524,0.080683,0,0,0.11893,0.10834,0.012485,0.24642,0.010516,0.085652,0.060711,0.053642,0.053432,0.21823,0.25527,0.37015,0.28779,0.4301,0.063152,0.18528,0.18429,0.22757,0.089208,0.093882,0.087803,0.089672,0.074336,0.17202,0.071722,0.11946,0.22031,0.10931,0.10645,0.17199,0.15089,0.083226,0.054389,0.15242,0.18071,0.074067,0.11726,0.095451,0.11939,0.12471,0.13563,0.072725,0.14268,0.14599,0.12446,0.091087,0.13734,0.10229,0.12136,0.11323,0.12336,0.12515,0.094071,0.18514,0.10663,0.1559,0.075905,0.093058,0.083953,0.054408,0.11245,0.15148,0.13287,0.16256,0.22178,0.098613,0.13872,0.095049,0.026398,0.046828,0.089383,0.076736
0.59392,0.16638,0.2843,0.0030112,0.27831,0.12851,0.23225,0,0,0.23827,0.19263,0.056399,0.56751,0.045613,0.13585,0.10427,0.11019,0.11485,0.30828,0.3164,0.79826,0.50705,1.1156,0.17982,0.45586,0.3501,0.54223,0.20473,0.21691,0.19369,0.21455,0.17707,0.3317,0.16776,0.30703,0.47451,0.2436,0.20453,0.33874,0.3736,0.19938,0.12683,0.34367,0.44405,0.1541,0.28568,0.20094,0.1382,0.33546,0.31592,0.18849,0.32874,0.28588,0.32458,0.19106,0.32221,0.30295,0.30208,0.26889,0.23667,0.25594,0.23861,0.41284,0.2672,0.36051,0.20435,0.21609,0.21575,0.14494,0.25658,0.32976,0.35667,0.34617,0.52496,0.23368,0.32748,0.24359,0.077287,0.11484,0.2449,0.18513
0.53549,0.16809,0.25204,0.01631,0.23956,0.11053,0.20097,0,0,0.35032,0.24498,0.055264,0.52538,0.037298,0.21255,0.13214,0.13747,0.12128,0.86203,0.9308,0.93894,0.67662,1.1373,0.20715,0.42784,0.51208,0.54959,0.19797,0.22841,0.22479,0.21532,0.19792,0.38148,0.49713,0.31734,0.54876,0.28352,0.26561,0.39114,0.33853,0.20403,0.24435,0.35113,0.45743,0.17971,0.27688,0.19252,0.13828,0.29065,0.55698,0.18012,0.33232,0.32649,0.29713,0.19101,0.32994,0.29754,0.28922,0.2675,0.27312,0.28632,0.25437,0.43943,0.26907,0.36606,0.19338,0.22883,0.2008,0.13519,0.25923,0.3249,0.32147,0.36901,0.48586,0.23388,0.29831,0.20575,0.06532,0.099707,0.22002,0.18558
0.29613,0.081087,0.098988,0,0.13143,0.049436,0.13932,0,0,0.21042,0.090074,0.029554,0.21127,0.022581,0.050177,0.041668,0.068029,0.053336,0.19357,0.26647,0.40073,0.25998,0.53259,0.087716,0.18689,0.17359,0.21939,0.085397,0.10002,0.084325,0.095188,0.089442,0.15164,0.086627,0.14785,0.20906,0.092872,0.10034,0.14979,0.14578,0.08777,0.055291,0.14723,0.19353,0.062298,0.11663,0.089591,0.057915,0.13545,0.14069,0.10952,0.12499,0.11733,0.12827,0.094812,0.15895,0.12754,0.12177,0.10059,0.10619,0.10962,0.12221,0.17599,0.11784,0.15598,0.087466,0.095997,0.078897,0.052497,0.11281,0.14418,0.13556,0.15347,0.20206,0.088592,0.1245,0.091496,0.044608,0.048719,0.10602,0.08623
0.60133,0.21032,0.25546,0.0031329,0.3058,0.11703,0.21669,0,0,0.16336,0.25242,0.07327,0.61627,0.048723,0.3368,0.10755,0.10894,0.1151,0.31968,0.28094,0.86662,0.57184,1.1762,0.1613,0.45001,0.36067,0.64557,0.25346,0.25551,0.24064,0.20881,0.16772,0.41526,0.1787,0.29868,0.56641,0.34074,0.21552,0.44133,0.38727,0.21699,0.14031,0.47291,0.51416,0.16965,0.36083,0.23504,0.16178,0.33637,0.3696,0.17797,0.47653,0.41267,0.31488,0.20727,0.3703,0.33057,0.34554,0.32178,0.3016,0.34218,0.25355,0.48236,0.27262,0.41246,0.23321,0.28791,0.20783,0.18058,0.29359,0.40276,0.38484,0.34815,0.61916,0.26415,0.34707,0.22334,0.062577,0.12038,0.23171,0.19748
0.40994,0.15219,0.19673,0.011573,0.18707,0.10078,0.15754,0,0,0.26773,0.23796,0.035202,0.45627,0.024513,0.36439,0.098798,0.10812,0.095246,0.46399,0.63581,0.8939,0.61739,0.92469,0.12357,0.33482,0.33141,0.5345,0.20441,0.22036,0.20944,0.18352,0.15489,0.40691,0.18879,0.25199,0.5233,0.3212,0.22038,0.40845,0.30183,0.17725,0.12622,0.37063,0.42138,0.1497,0.29011,0.17253,0.14137,0.24981,0.31011,0.14267,0.35243,0.42753,0.22506,0.16474,0.31319,0.25342,0.26905,0.26317,0.28492,0.30013,0.20095,0.41075,0.21822,0.32274,0.15083,0.24474,0.1569,0.14188,0.25224,0.31542,0.2902,0.34155,0.4898,0.20208,0.25233,0.16235,0.043071,0.08955,0.16328,0.15495
0.53121,0.14602,0.3213,0,0.22385,0.13264,0.15237,0,0,0.15993,0.17972,0.048014,0.58818,0.027062,0.085971,0.10925,0.089753,0.096706,0.25793,0.24795,0.73543,0.42696,0.97685,0.16087,0.45293,0.36618,0.45587,0.17732,0.20192,0.17073,0.21442,0.15734,0.29147,0.16429,0.28255,0.42154,0.18947,0.19685,0.29434,0.36286,0.18803,0.11634,0.26742,0.38571,0.15716,0.23085,0.17219,0.12782,0.30079,0.29931,0.16542,0.28519,0.23868,0.37673,0.16577,0.27407,0.26404,0.25654,0.23542,0.23443,0.23199,0.21691,0.36952,0.25342,0.3449,0.18484,0.17922,0.22989,0.12776,0.23351,0.32307,0.32345,0.35773,0.4572,0.23216,0.32661,0.28331,0.071169,0.11146,0.25795,0.18453
0.4018,0.11118,0.11728,0.0056146,0.2073,0.073609,0.16794,0,0,0.25663,0.18359,0.016492,0.34703,0.018506,0.081818,0.07372,0.08779,0.078303,0.29227,0.34255,0.54664,0.37069,0.69004,0.11452,0.25404,0.24702,0.30943,0.11653,0.136,0.12404,0.12594,0.11602,0.22221,0.12874,0.18516,0.29306,0.13842,0.14669,0.22181,0.20995,0.12258,0.083179,0.20058,0.26852,0.096302,0.17043,0.15216,0.094503,0.17888,0.19438,0.12352,0.18965,0.1765,0.16747,0.16461,0.201,0.15986,0.16675,0.14527,0.15284,0.16713,0.16486,0.24767,0.16111,0.22813,0.12165,0.14445,0.10225,0.079412,0.1559,0.20051,0.19468,0.21063,0.272,0.13695,0.16648,0.11379,0.048413,0.072809,0.12944,0.11622
0.5437,0.16023,0.21423,0.0014575,0.25153,0.10778,0.24829,0,0,0.4045,0.18325,0.06774,0.45466,0.043087,0.26417,0.091935,0.13386,0.10348,0.39571,0.53696,0.87422,0.57955,1.1348,0.16698,0.38916,0.34536,0.53173,0.19965,0.22945,0.2027,0.19072,0.18284,0.3754,0.19235,0.30578,0.49608,0.27138,0.21598,0.3738,0.32649,0.19359,0.11853,0.37383,0.43784,0.14537,0.2923,0.19676,0.13596,0.28785,0.32039,0.19761,0.32331,0.32019,0.2642,0.1918,0.37425,0.28821,0.28668,0.25142,0.26468,0.29204,0.24639,0.40303,0.25631,0.32773,0.17693,0.23449,0.17252,0.13171,0.24768,0.3201,0.31197,0.31456,0.499,0.20678,0.27207,0.17568,0.079124,0.10414,0.20786,0.17997
0.37665,0.10647,0.20356,0.0029029,0.1918,0.085157,0.1871,0,0,0.19165,0.11855,0.040707,0.37751,0.036591,0.14005,0.072985,0.081188,0.085795,0.28946,0.37595,0.66219,0.39932,0.8883,0.13779,0.32645,0.26124,0.44475,0.15042,0.16649,0.16214,0.15456,0.14106,0.26295,0.1281,0.23401,0.40201,0.22378,0.15954,0.27383,0.26031,0.14883,0.10308,0.27714,0.34702,0.1235,0.22631,0.14732,0.087475,0.23377,0.24956,0.13695,0.2493,0.22379,0.21985,0.13176,0.24895,0.2893,0.23192,0.20556,0.18048,0.20267,0.16298,0.31011,0.20145,0.24701,0.14427,0.15999,0.15457,0.10403,0.16617,0.22522,0.2738,0.25609,0.40013,0.17359,0.22611,0.14562,0.057522,0.080373,0.16544,0.13835
0.43448,0.14254,0.20791,0,0.23668,0.1074,0.18622,0,0,0.18954,0.16274,0.060566,0.44036,0.038742,0.14699,0.077096,0.093257,0.089388,0.36559,0.50858,0.68317,0.48283,0.91513,0.13813,0.34949,0.28055,0.48609,0.17058,0.18198,0.18017,0.16327,0.13373,0.29195,0.18526,0.25147,0.41409,0.24525,0.16647,0.3009,0.28819,0.16137,0.12722,0.30529,0.38208,0.12299,0.25111,0.18019,0.11314,0.25412,0.26447,0.14255,0.28409,0.25902,0.23287,0.14983,0.26996,0.25283,0.33119,0.23334,0.19439,0.22106,0.19718,0.33901,0.21246,0.29321,0.17015,0.17959,0.16164,0.12686,0.21663,0.25923,0.29475,0.27808,0.45219,0.19652,0.24776,0.15585,0.055072,0.092565,0.17351,0.14733
0.40604,0.16031,0.20069,0.01668,0.19867,0.10058,0.15404,0,0,0.1976,0.21652,0.061193,0.44115,0.037912,0.15701,0.10582,0.095009,0.099177,0.33312,0.34529,0.68222,0.48276,0.85003,0.11966,0.34391,0.30211,0.48011,0.17567,0.17979,0.18455,0.16569,0.14651,0.29087,0.13398,0.23543,0.4402,0.26033,0.18954,0.31536,0.28583,0.1621,0.10576,0.30683,0.39765,0.14195,0.23638,0.16264,0.11473,0.24584,0.26584,0.12798,0.28752,0.27534,0.23225,0.14186,0.2573,0.24355,0.25359,0.28071,0.2117,0.22367,0.18333,0.36794,0.21064,0.29993,0.17081,0.17855,0.16784,0.12901,0.22647,0.27767,0.29338,0.28724,0.45458,0.1959,0.24475,0.15757,0.044342,0.087658,0.16674,0.14297
0.37292,0.12783,0.20619,0.0088875,0.16443,0.11228,0.13023,0,0,0.28922,0.22271,0.023145,0.42671,0.014978,0.35023,0.10806,0.10485,0.095705,0.45345,0.59444,0.79187,0.53289,0.80823,0.11039,0.33151,0.35343,0.41613,0.15826,0.19265,0.17957,0.1651,0.15263,0.37326,0.22147,0.23837,0.45217,0.23755,0.22181,0.34293,0.27053,0.16128,0.1075,0.28172,0.35146,0.14767,0.22687,0.15469,0.12381,0.21435,0.26887,0.13383,0.26696,0.29531,0.22911,0.14786,0.26833,0.21183,0.20929,0.20971,0.31757,0.26126,0.18392,0.34801,0.1974,0.28343,0.12333,0.20056,0.16123,0.10664,0.21998,0.27434,0.24157,0.33481,0.37544,0.1788,0.23501,0.16507,0.045655,0.081621,0.15671,0.1515
0.33969,0.097655,0.14879,0.0047536,0.17235,0.094415,0.13443,0,0,0.32319,0.12511,0.041648,0.32071,0.02625,0.27235,0.089967,0.10415,0.074761,0.37763,0.51062,0.76986,0.48542,0.8293,0.10488,0.3009,0.30758,0.43053,0.14827,0.18401,0.17226,0.14177,0.14334,0.33863,0.16783,0.23895,0.42305,0.25551,0.19868,0.32386,0.25427,0.15177,0.090405,0.28802,0.32284,0.13014,0.232,0.15404,0.11391,0.21021,0.25561,0.12529,0.27466,0.28209,0.2056,0.14662,0.26849,0.21571,0.21582,0.20093,0.23691,0.29841,0.17447,0.31381,0.19345,0.24919,0.12451,0.19751,0.13878,0.10114,0.19752,0.23017,0.25223,0.26988,0.37662,0.16606,0.21776,0.1327,0.045534,0.084091,0.14611,0.13458
0.45089,0.14728,0.13488,0.0054445,0.21448,0.08771,0.19567,0,0,0.31395,0.19877,0.044601,0.36995,0.028595,0.064337,0.078133,0.10912,0.081673,0.34314,0.41941,0.61925,0.41858,0.76324,0.11593,0.28894,0.28592,0.33209,0.12612,0.15276,0.14778,0.14378,0.12921,0.24201,0.15072,0.21704,0.31645,0.15422,0.16476,0.23501,0.23174,0.13944,0.099442,0.22079,0.31236,0.10735,0.18435,0.16144,0.086035,0.19692,0.22819,0.14035,0.20451,0.18979,0.19317,0.14533,0.22762,0.1743,0.19345,0.16549,0.16759,0.17531,0.21888,0.27594,0.17832,0.26355,0.14676,0.16218,0.11885,0.088826,0.18876,0.22551,0.22056,0.24439,0.29724,0.15147,0.18558,0.13623,0.055674,0.08146,0.15215,0.13389
0.58279,0.19287,0.22754,0.01695,0.27029,0.11138,0.22391,0,0,0.30031,0.28083,0.074315,0.53843,0.04152,0.18436,0.13825,0.12936,0.13605,0.58476,0.74279,0.93031,0.67114,1.0941,0.16117,0.41869,0.46104,0.55664,0.21788,0.21921,0.23768,0.22648,0.21421,0.38403,0.20515,0.30358,0.57344,0.28965,0.26226,0.41064,0.34289,0.19608,0.14057,0.35956,0.46121,0.19007,0.27506,0.19121,0.14744,0.29669,0.34326,0.176,0.33879,0.3378,0.28655,0.19011,0.32421,0.28881,0.28961,0.28922,0.27614,0.27458,0.24028,0.51833,0.25294,0.38835,0.20688,0.22126,0.20108,0.15281,0.28328,0.33552,0.31405,0.40882,0.5167,0.23762,0.29068,0.20587,0.068982,0.10289,0.22154,0.18216
0.39314,0.12074,0.20559,0.0066751,0.18628,0.087323,0.15515,0,0,0.26986,0.1644,0.036209,0.41986,0.026058,0.085227,0.086024,0.097936,0.077802,0.28993,0.34172,0.66458,0.41677,0.83245,0.11939,0.32389,0.27379,0.38604,0.13197,0.16028,0.14532,0.15129,0.13832,0.25067,0.12844,0.23345,0.35594,0.18398,0.17698,0.25224,0.26409,0.15206,0.092515,0.23521,0.32571,0.11905,0.19493,0.15002,0.096915,0.21914,0.23987,0.13448,0.21851,0.20481,0.22427,0.14114,0.2353,0.21411,0.20713,0.18896,0.17876,0.19317,0.17721,0.28866,0.21433,0.2562,0.1402,0.15355,0.14806,0.094488,0.1797,0.2301,0.24559,0.2528,0.34311,0.17526,0.21633,0.15142,0.051197,0.074539,0.16709,0.13228
0.64481,0.24476,0.22932,0.010326,0.30717,0.12549,0.23005,0,0,0.2545,0.35041,0.070343,0.63271,0.042575,0.090075,0.13331,0.12966,0.13625,0.43895,0.41454,0.80797,0.59758,1.0621,0.154,0.43563,0.41413,0.50398,0.19089,0.21339,0.22335,0.21758,0.17173,0.34107,0.18363,0.28615,0.49319,0.23484,0.25051,0.35246,0.35835,0.20253,0.13752,0.30847,0.466,0.17602,0.26593,0.22533,0.13824,0.28847,0.31838,0.17368,0.32256,0.29553,0.2978,0.19498,0.29354,0.25614,0.2789,0.2625,0.25041,0.24277,0.25552,0.4324,0.24996,0.43531,0.2359,0.23844,0.19034,0.14598,0.27263,0.34816,0.33756,0.37902,0.44899,0.25505,0.28967,0.22096,0.064649,0.11971,0.22655,0.19148
0.31494,0.12829,0.072414,0.0026295,0.17119,0.035453,0.1265,0,0,0.075755,0.11964,0.066697,0.24124,0.039226,0.018349,0.047506,0.058561,0.057872,0.15497,0.11106,0.30935,0.18462,0.45167,0.072821,0.18142,0.1598,0.20884,0.076569,0.076226,0.084694,0.083645,0.068037,0.12735,0.085771,0.12436,0.17453,0.074766,0.081179,0.12641,0.14229,0.078129,0.053302,0.13203,0.18564,0.059086,0.11323,0.098698,0.05045,0.12256,0.12607,0.073001,0.1367,0.10353,0.11962,0.077929,0.11878,0.11213,0.12131,0.11205,0.081669,0.090923,0.10666,0.17265,0.10252,0.17681,0.14021,0.11679,0.067261,0.05214,0.10319,0.13421,0.1441,0.12769,0.17138,0.10728,0.12252,0.069967,0.029604,0.049701,0.096259,0.069429
0.3303,0.1308,0.082195,0.0090175,0.1842,0.06425,0.15446,0,0,0.2067,0.1688,0.052077,0.2646,0.035867,0.16984,0.068545,0.087044,0.077814,0.26748,0.26731,0.50533,0.30132,0.56171,0.085031,0.21129,0.20081,0.26944,0.095463,0.10037,0.10916,0.10397,0.095836,0.22346,0.12775,0.15858,0.25226,0.12493,0.13182,0.20005,0.17604,0.1054,0.067114,0.19778,0.23357,0.080262,0.16762,0.122,0.068618,0.14378,0.1655,0.088887,0.18722,0.18636,0.12868,0.10267,0.17465,0.13795,0.14205,0.12994,0.14734,0.16002,0.13076,0.20486,0.12458,0.19828,0.12957,0.20075,0.080565,0.058156,0.12779,0.16083,0.17073,0.17089,0.20567,0.11505,0.14635,0.070677,0.032717,0.059974,0.10132,0.087461
0.17317,0.046193,0.15529,0.006759,0.073052,0.07234,0.047712,0,0,0.07464,0.07608,0.01496,0.23297,0.0083413,0.028082,0.057231,0.035549,0.047599,0.14662,0.16483,0.33016,0.21818,0.40495,0.062789,0.1915,0.16899,0.20476,0.072162,0.077204,0.083061,0.092022,0.073993,0.13339,0.061569,0.11879,0.20272,0.08897,0.099732,0.13004,0.1515,0.077271,0.051559,0.12306,0.16698,0.078292,0.094526,0.066044,0.053533,0.12414,0.12559,0.063175,0.11687,0.10331,0.14274,0.062846,0.11112,0.11526,0.11056,0.10564,0.10243,0.097228,0.082865,0.161,0.10388,0.13688,0.06453,0.069671,0.12172,0.053733,0.097754,0.12281,0.14432,0.16249,0.19624,0.10066,0.14207,0.11967,0.026345,0.043048,0.095524,0.077633
0.15941,0.052669,0.076392,0,0.070463,0.034391,0.048867,0,0,0.034139,0.077256,0.012556,0.18486,0.0062662,0.065827,0.025047,0.022398,0.027528,0.058862,0.043343,0.18888,0.15025,0.30452,0.04254,0.11738,0.08209,0.16877,0.069191,0.070067,0.066758,0.058554,0.042274,0.092592,0.039112,0.074814,0.14758,0.095208,0.056794,0.10982,0.1085,0.05786,0.037726,0.10813,0.14177,0.046748,0.090162,0.056943,0.038088,0.091562,0.092831,0.046149,0.11149,0.10257,0.087091,0.053583,0.093134,0.08516,0.095259,0.089137,0.074377,0.077793,0.067991,0.13432,0.07278,0.11525,0.054918,0.055213,0.058991,0.062541,0.083565,0.1084,0.10659,0.093671,0.1786,0.074148,0.084704,0.073421,0.017635,0.03306,0.065854,0.054901
0.28957,0.098706,0.11518,0.0036111,0.13503,0.072642,0.10377,0,0,0.18154,0.1431,0.028694,0.28161,0.017368,0.072938,0.061621,0.071408,0.058589,0.25723,0.30933,0.45956,0.3137,0.51532,0.07388,0.21693,0.21428,0.26845,0.10406,0.11422,0.11643,0.10796,0.094705,0.18959,0.097065,0.15682,0.25949,0.15166,0.13145,0.19538,0.17416,0.10242,0.067735,0.167,0.23327,0.087457,0.13471,0.104,0.072575,0.14943,0.16411,0.091428,0.16711,0.16812,0.14675,0.096982,0.16146,0.12542,0.14998,0.14427,0.14145,0.14007,0.13321,0.22957,0.12761,0.19843,0.10021,0.11185,0.098942,0.077043,0.17059,0.17658,0.16067,0.20103,0.25195,0.1191,0.14805,0.11651,0.032493,0.056393,0.1106,0.095895
0.34925,0.12735,0.15682,0,0.15215,0.063948,0.11847,0,0,0.11261,0.17852,0.031459,0.37897,0.017971,0.10919,0.056056,0.061269,0.058922,0.16379,0.1445,0.43809,0.31012,0.61139,0.090322,0.24968,0.20002,0.30298,0.13061,0.13784,0.11839,0.11902,0.087543,0.19832,0.096396,0.16109,0.27475,0.14538,0.11852,0.21303,0.21145,0.11988,0.079164,0.20873,0.27547,0.089696,0.16403,0.12244,0.089551,0.17592,0.1884,0.10704,0.20999,0.19257,0.18597,0.11425,0.19115,0.1557,0.16439,0.16202,0.16159,0.14951,0.14577,0.24907,0.14968,0.23212,0.11937,0.12895,0.11386,0.091541,0.16174,0.24864,0.19454,0.21032,0.3081,0.14013,0.1809,0.14656,0.038084,0.063523,0.13685,0.11529
0.26991,0.095234,0.14204,0.0026561,0.13141,0.075991,0.10389,0,0,0.12629,0.11377,0.047264,0.28567,0.021817,0.060011,0.055039,0.058236,0.054539,0.15944,0.14822,0.42262,0.25965,0.55783,0.081464,0.22343,0.16615,0.28345,0.097436,0.11073,0.11326,0.10281,0.081235,0.16981,0.074188,0.15306,0.24336,0.14036,0.11018,0.16918,0.18974,0.10362,0.06914,0.17363,0.23542,0.081988,0.14513,0.11419,0.064531,0.15631,0.15314,0.082673,0.16483,0.14555,0.15296,0.091129,0.15304,0.1555,0.15355,0.14063,0.11689,0.13459,0.11713,0.19152,0.13124,0.18488,0.10529,0.11245,0.10992,0.07395,0.12091,0.15982,0.22585,0.17821,0.2548,0.12919,0.16039,0.11417,0.032259,0.066148,0.11107,0.094852
0.33631,0.10644,0.16082,0.013118,0.12748,0.085521,0.11758,0,0,0.22764,0.18586,0.016787,0.33785,0.014576,0.034582,0.10078,0.087308,0.086264,0.5999,0.96115,0.78281,0.47252,0.61909,0.097523,0.28277,0.36068,0.29547,0.10361,0.13185,0.14823,0.16222,0.13889,0.26762,0.16166,0.2194,0.36824,0.14621,0.18519,0.23245,0.21099,0.12257,0.1107,0.1569,0.25608,0.13789,0.13428,0.11302,0.087651,0.16843,0.19515,0.10391,0.16555,0.19017,0.18781,0.10946,0.17132,0.16147,0.16083,0.15286,0.17986,0.15988,0.14408,0.27678,0.14997,0.23046,0.10359,0.12496,0.13739,0.072145,0.16794,0.19181,0.19785,0.41625,0.23765,0.14222,0.18734,0.15116,0.03802,0.067378,0.1396,0.12101
0.36469,0.1082,0.21854,0,0.17476,0.095892,0.14045,0,0,0.12635,0.12798,0.039017,0.41218,0.026213,0.20102,0.066251,0.065036,0.073759,0.17378,0.17426,0.55022,0.40382,0.83888,0.12597,0.32006,0.22161,0.472,0.18689,0.18707,0.16256,0.14994,0.12074,0.2646,0.10567,0.21423,0.39962,0.25869,0.14385,0.30166,0.28163,0.15106,0.094166,0.31525,0.36785,0.11523,0.24179,0.14666,0.11725,0.25043,0.25194,0.13414,0.28867,0.2674,0.23535,0.1386,0.26647,0.24737,0.25643,0.2372,0.19776,0.21876,0.17182,0.343,0.19958,0.26768,0.13632,0.14746,0.1627,0.13488,0.20637,0.27551,0.27736,0.23302,0.50073,0.1766,0.24124,0.17611,0.051928,0.083186,0.16902,0.14039
0.21051,0.076263,0.10945,0,0.098673,0.043551,0.063041,0,0,0.055072,0.096896,0.021048,0.24694,0.010824,0.036833,0.03969,0.034951,0.035124,0.11833,0.10741,0.28074,0.19428,0.38348,0.05125,0.15997,0.13488,0.18968,0.06543,0.076019,0.081622,0.072458,0.057596,0.11677,0.06168,0.10029,0.17965,0.088744,0.084975,0.12529,0.1358,0.07319,0.049674,0.10805,0.16299,0.066236,0.097949,0.081525,0.048919,0.1046,0.1138,0.055187,0.11556,0.10352,0.11214,0.065482,0.10361,0.1007,0.10457,0.095919,0.08837,0.09051,0.082159,0.14801,0.095661,0.14268,0.08007,0.077403,0.078308,0.052543,0.091538,0.11758,0.13195,0.13085,0.16571,0.11516,0.11102,0.082168,0.020502,0.040063,0.080055,0.066098
0.26445,0.077632,0.17095,0.0047949,0.12279,0.076144,0.083221,0,0,0.06875,0.097843,0.028591,0.29218,0.019998,0.061273,0.059478,0.047517,0.055813,0.16076,0.15943,0.40491,0.23606,0.50915,0.081704,0.23503,0.18448,0.25499,0.096342,0.099456,0.091395,0.10845,0.082732,0.16864,0.078025,0.14738,0.22945,0.10959,0.099467,0.16598,0.18753,0.09564,0.063542,0.17094,0.20651,0.079275,0.13187,0.094706,0.074098,0.15785,0.1563,0.08351,0.1635,0.13919,0.16988,0.085714,0.1468,0.14124,0.14196,0.12904,0.12508,0.1278,0.10839,0.19497,0.12715,0.1745,0.09847,0.10602,0.11901,0.064633,0.12253,0.16345,0.17641,0.1856,0.24375,0.11955,0.19153,0.13221,0.03372,0.054985,0.12234,0.090602
0.15434,0.033792,0.11434,0,0.049572,0.047721,0.030358,0,0,0.020775,0.052385,0.0012194,0.19137,0.00039342,0.011823,0.030201,0.016664,0.024424,0.048527,0.030669,0.19222,0.11221,0.2629,0.047974,0.13859,0.10461,0.12174,0.057149,0.06177,0.051155,0.069983,0.042041,0.078764,0.039946,0.079081,0.11686,0.047994,0.055607,0.081544,0.11612,0.054907,0.036263,0.071651,0.11202,0.049024,0.062352,0.04126,0.041068,0.094975,0.087197,0.049643,0.085106,0.072439,0.1192,0.047387,0.076671,0.073576,0.072232,0.067195,0.07106,0.062998,0.064361,0.11169,0.071986,0.10767,0.045484,0.041415,0.081088,0.045316,0.077998,0.10711,0.10157,0.12114,0.14393,0.071568,0.10694,0.13216,0.023203,0.033076,0.086221,0.060473
0.085496,0.016693,0.025746,0,0.040181,0.013969,0.044355,0,0,0.057643,0.014976,0.011602,0.049268,0.0072352,0.009192,0.010592,0.016651,0.014602,0.04696,0.074181,0.10431,0.060707,0.14252,0.028757,0.049446,0.047774,0.050686,0.022289,0.024042,0.0197,0.026469,0.025508,0.035998,0.02463,0.040005,0.050176,0.016698,0.023248,0.034545,0.038296,0.021579,0.013377,0.037396,0.04544,0.01539,0.029073,0.020394,0.014041,0.037097,0.034079,0.029796,0.029355,0.023659,0.036861,0.024821,0.042512,0.03578,0.031423,0.02328,0.024196,0.026611,0.03238,0.046073,0.029964,0.038781,0.023692,0.023601,0.021976,0.0134,0.026779,0.034266,0.035331,0.037508,0.052247,0.021983,0.033578,0.028565,0.01841,0.014474,0.032543,0.022767
0.078885,0.024486,0.02675,0,0.039828,0.024736,0.029341,0,0,0.044635,0.032847,0.010565,0.068101,0.0053588,0.0091245,0.013603,0.018174,0.013969,0.047377,0.049556,0.10883,0.065123,0.13465,0.021195,0.056183,0.049465,0.062623,0.022575,0.027307,0.030268,0.027091,0.021115,0.043398,0.020446,0.04011,0.056852,0.029216,0.029069,0.040525,0.04567,0.025229,0.015916,0.03797,0.056,0.018942,0.034468,0.032123,0.017071,0.037776,0.035652,0.022302,0.038702,0.033711,0.039565,0.025583,0.038345,0.034263,0.036196,0.03154,0.029645,0.033681,0.03247,0.047096,0.029898,0.049215,0.02726,0.02965,0.02461,0.017215,0.031852,0.03917,0.049651,0.045555,0.057362,0.029441,0.037524,0.027907,0.0099193,0.025724,0.029672,0.025958
0.19163,0.05025,0.091859,0,0.079421,0.033435,0.066455,0,0,0.067078,0.057987,0.020245,0.16918,0.01221,0.022468,0.03043,0.031769,0.032191,0.088087,0.094553,0.23042,0.13472,0.31345,0.055213,0.13476,0.1132,0.13282,0.054944,0.06072,0.050583,0.067457,0.053347,0.084615,0.051235,0.0891,0.12549,0.051415,0.057924,0.086522,0.10759,0.058274,0.035474,0.081687,0.11685,0.044936,0.071365,0.051034,0.037484,0.092675,0.090501,0.055828,0.085697,0.070708,0.10533,0.05232,0.088046,0.081133,0.078051,0.069014,0.065477,0.067319,0.069766,0.11666,0.077099,0.10714,0.060735,0.057625,0.062823,0.039449,0.071866,0.097074,0.095909,0.10858,0.13407,0.067676,0.096043,0.083685,0.025657,0.034134,0.089736,0.054539
0.86956,0.27662,0.38434,0.006638,0.39878,0.24187,0.33338,0,0,0.51026,0.41755,0.054059,0.8699,0.041414,0.14696,0.18152,0.19598,0.17687,0.64681,0.76925,1.3142,0.89088,1.685,0.24914,0.67841,0.64055,0.76053,0.28399,0.34786,0.34817,0.32966,0.26977,0.53434,0.27186,0.46297,0.75348,0.3615,0.37941,0.53234,0.53557,0.31061,0.21107,0.46894,0.69779,0.27404,0.39828,0.33624,0.205,0.4463,0.4863,0.28928,0.46528,0.42747,0.48004,0.29926,0.48566,0.43221,0.4222,0.37698,0.40326,0.39502,0.3911,0.61105,0.38884,0.57688,0.27907,0.31688,0.32525,0.20952,0.39694,0.52098,0.52176,0.59959,0.70945,0.35597,0.45313,0.37391,0.11435,0.19024,0.34744,0.33191
