0.29414,0.078787,0.094533,0,0,0,0,0,0,0,0,0,0,0.044927,0.020266,0.11464,0.033204,0.037355,0.19277,0.1662,0.16329,0.14186,0.17265,0.30392,0.096433,0.089737,0.24235,0.10943,0.058921,0.12294,0.14128,0.13273,0.24223,0.18043,0.11853,0.14127,0.13931,0.22997,0.1128,0.12611,0.063183,0.26423,0.078025,0.20504,0.068451,0.18852,0.084889,0.096477,0.14741,0.15463,0.2945,0.088844,0.1379,0.094827,0.099861,0.11722,0.15444,0.12179,0.097164,0.27328,0.18901,0.24554,0.17128,0.15461,0.21358,0.059692,0.20053,0.10078,0.13019,0.21024,0.25999,0.25614,0.13636,0.15948,0.28978,0.31226,0.38541,0.10736,0.27683,0.16943,0.15722
0.25049,0.1059,0.12325,0,0,0,0,0.019927,0,0,0,0,0,0.082297,0.020266,0.13208,0.040545,0.043186,0.21396,0.2145,0.1965,0.20592,0.20095,0.34681,0.12663,0.099246,0.29586,0.14389,0.083054,0.12866,0.16168,0.15026,0.28353,0.20711,0.14794,0.17134,0.1657,0.2869,0.13632,0.14505,0.09073,0.30599,0.090016,0.21349,0.092122,0.22775,0.092689,0.11833,0.18326,0.17346,0.3386,0.11028,0.14942,0.12603,0.12049,0.13472,0.15719,0.13554,0.11474,0.29808,0.20205,0.26617,0.17925,0.18215,0.23611,0.079746,0.23285,0.13221,0.13091,0.2148,0.3081,0.30999,0.17268,0.17699,0.33263,0.351,0.42068,0.15936,0.31623,0.19426,0.18461
0.27115,0.11119,0.25225,0,0,0,0,0,0,0,0,0.084865,0,0.08294,0.0079835,0.21269,0.067489,0.064194,0.31154,0.33051,0.22792,0.47949,0.32503,0.66641,0.16887,0.13928,0.45398,0.20924,0.1154,0.16099,0.2456,0.25046,0.43698,0.29539,0.2844,0.29131,0.31704,0.46057,0.2717,0.25783,0.11433,0.4161,0.16006,0.36535,0.13625,0.39951,0.1332,0.18044,0.27841,0.26116,0.50829,0.15452,0.2523,0.18741,0.19271,0.29235,0.25551,0.2388,0.16175,0.57099,0.30906,0.4487,0.3831,0.24668,0.36088,0.13921,0.34942,0.23591,0.19541,0.34093,0.51716,0.45999,0.2756,0.25915,0.47961,0.54189,0.57362,0.3573,0.38473,0.36182,0.33968
0,0,0,0.98626,0.59826,0,0,0.080779,0.55956,0,0,0.14853,0,0,0,0.58594,0.33485,0.55028,0.49783,0.56865,0.77433,1.5884,0.42447,1.9715,0.34948,0.27609,0.74275,0.39029,0.31556,0.61333,0.67376,0.49908,1.0828,1.2017,0.5071,0.48809,0.51908,0.86249,0.55581,0.62245,0.27925,0.47184,0.73805,0.60546,0.3646,0.78245,0.34106,0.34969,0.57612,0.51747,1.2165,0.60289,0.92651,0.36274,0.71246,0.48387,0.94646,0.45263,0.46332,1.0645,0.41157,1.0595,0.45513,0.28289,0.62724,0.14086,0.53565,0.83546,0.70207,1.1782,0.81233,0.58711,0.55645,0.75698,0.99384,1.3266,1.585,0.4141,0.57658,0.51324,0.75738
0,0,0,0.65786,0.72402,0,0,0.12341,0.51451,0,0,0.22691,0,0,0,0.49113,0.32741,0.54084,0.33313,0.58851,0.6981,1.521,0.25002,1.817,0.32239,0.24152,0.64641,0.35886,0.31691,0.52567,0.60361,0.44132,1.0022,1.0172,0.48509,0.37785,0.48963,0.81499,0.53348,0.55494,0.25533,0.37618,0.59666,0.50905,0.33858,0.63042,0.3356,0.36108,0.47153,0.46733,1.0228,0.64015,0.79843,0.31173,0.70252,0.45477,0.84268,0.35683,0.36952,0.88617,0.31947,0.82856,0.36014,0.15858,0.513,0.14321,0.40304,0.78366,0.62953,0.94309,0.72815,0.42569,0.58533,0.60255,0.78425,1.2172,1.2813,0.37788,0.43524,0.4097,0.63369
0,0,0,0,0,0,0,0,0,0,0,0,0,0,0,0,0,0,0,0,0,0,0,0,0,0,0,0,0,0,0,0,0,0,0,0,0,0,0,0,0,0,0,0,0,0,0,0,0,0,0,0,0,0,0,0,0,0,0,0,0,0,0,0,0,0,0,0,0,0,0,0,0,0,0,0,0,0,0,0,0
0,0,0,0,0,0,0.063393,0,0,0,0,0,0,0,0,0,0.014251,0.029572,0,0,0,0.12463,0.038768,0.1044,0.012833,0.016144,0.0073201,0,0,0.015469,0,0.024945,0,0.071034,0.012219,0.019767,0.010259,0.015262,0,0.015139,0,0.016409,0.01021,0.028494,0.0062626,0.023352,0.011723,0.015946,0.0082412,0.015787,0.060027,0,0.0020421,0,0.013612,0.09707,0.013925,0.0077265,0,0,0,0.023148,0.025495,0.0087262,0.03218,0.0027407,0.010375,0.0037254,0,0,0.04578,0,0,0.10129,0,0,0,0.06538,0,0.027522,0.0032568
0,0.017447,0,0.083876,0.11653,0,0,1.796,0,0,0,0.90018,0,0.20708,0,1.0638,0.62397,0.70547,0.37189,0.81995,1.9966,2.5613,0.83864,2.691,1.419,0.71875,1.0143,0.52986,0.71658,1.4244,0.99491,1.1031,1.3146,1.3229,0.80052,0.6158,0.70727,0.92921,0.93556,0.75912,0.87168,0.80021,0.9939,1.0526,1.1608,0.84254,0.33999,0.46429,1.0634,0.58179,0.87681,1.0491,0.60663,1.4292,1.0492,0.45887,0.84403,0.98227,0.97857,0.90322,0.57265,0.44163,0.49001,0.50262,0.75125,0.52767,0.5042,0.73447,0.76554,0.74918,0.88258,1.0677,0.68436,0.64575,0.36224,1.2917,0.29284,0.33932,0.1072,0.52051,0.67809
0,0,0,0.57369,0.47972,0,0,0,1.0622,0,0,0.22493,0,0,0,0.31358,0.25553,0.35978,0.29935,0.47359,0.26963,1.4451,0.060279,1.4382,0.25225,0.20344,0.36032,0.19367,0.31491,0.41626,0.4569,0.30734,0.64966,0.79336,0.30147,0.16079,0.44619,0.50883,0.4492,0.47489,0.22837,0.22367,0.51872,0.37405,0.23134,0.35141,0.26756,0.14759,0.30434,0.34619,0.6149,0.43509,0.66088,0.22592,0.43133,0.30135,0.61857,0.15206,0.24942,0.48066,0.18977,0.38289,0.2784,0.050954,0.38582,0.077564,0.24511,0.64086,0.31475,0.72918,0.35573,0.2574,0.3924,0.31965,0.58753,0.77568,0.29651,0.24134,0.12286,0.2595,0.42747
0,0,0,0,0,0,0,0,0,0,0,0,0,0,0,0,0,0,0,0,0,0,0,0,0,0,0,0,0,0,0,0,0,0,0,0,0,0,0,0,0,0,0,0,0,0,0,0,0,0,0,0,0,0,0,0,0,0,0,0,0,0,0,0,0,0,0,0,0,0,0,0,0,0,0,0,0,0,0,0,0
0,0,0,0,0,0,0,0,0,0,0.12912,0,0,0,0,0.021478,0.021735,0,0.016981,0.022064,0,0.038677,0.0034531,0.069453,0.017697,0.0083935,0.019245,0.015864,0.0083326,0,0.029125,0.036585,0.027921,0.041063,0.01861,0.014588,0.026196,0.06168,0.025612,0.034057,0.0060554,0.02271,0.0076467,0.046443,0.01516,0.05521,0.0027879,0.011165,0.065154,0.026987,0.046417,0.0062249,0.0028607,0.029139,0.0012168,0.047405,0.036744,0.023682,0,0.026117,0.015069,0.036821,0.032715,0.016357,0.043353,0.011395,0.018938,0.013342,0.020157,0.029843,0.066018,0.043768,0.012857,0,0.011073,0.030284,0.020822,0.044077,0.012739,0.053862,0.01913
0,0,0.06929,0.12975,0.18026,0,0,0.75731,0.19164,0,0,3.7302,0,0.48825,0,0.38205,0.77676,0.48904,0.14886,1.3097,1.8944,2.3699,0.98983,1.732,0.98359,1.0395,1.0554,0.88719,0.92521,0.73765,0.73709,0.6093,1.2999,1.0889,0.64001,0.55896,0.69749,0.88383,0.85036,0.78675,1.0183,0.6257,0.76018,0.98239,0.68564,1.0563,0.31692,0.24629,0.91573,0.96275,0.65914,0.97192,0.65931,1.3736,0.82425,0.69694,0.86246,0.76094,0.83353,0.71444,0.49461,0.71781,0.5642,0.49674,1.0195,0.41302,0.48538,0.76377,0.87674,0.82231,0.78946,0.84508,0.44096,0.48686,0.58201,0.61428,0.71925,0.50877,0.03499,0.67599,0.78551
0,0,0,0,0,0,0,0,0,0,0,0,0,0,0,0,0,0,0,0,0,0,0,0,0,0,0,0,0,0,0,0,0,0,0,0,0,0,0,0,0,0,0,0,0,0,0,0,0,0,0,0,0,0,0,0,0,0,0,0,0,0,0,0,0,0,0,0,0,0,0,0,0,0,0,0,0,0,0,0,0
0.20035,0.11543,0.12895,0,0,0,0,0.33175,0,0,0,0.92975,0,0.41868,0,0.23336,0.30847,0.1729,0.23341,0.76299,0.91181,1.0897,0.6226,0.75855,0.5765,0.53214,0.71256,0.46859,0.48767,0.37823,0.41594,0.36326,0.68111,0.64794,0.32856,0.42003,0.32898,0.59678,0.35605,0.39307,0.51205,0.5631,0.34908,0.54901,0.36722,0.63458,0.20378,0.25436,0.57594,0.51792,0.55471,0.43243,0.29684,0.67763,0.3399,0.35709,0.47519,0.4153,0.46905,0.47121,0.35405,0.45153,0.2953,0.40307,0.56104,0.2516,0.40778,0.36576,0.38008,0.4527,0.60964,0.74386,0.25564,0.33621,0.50275,0.46522,0.64189,0.36698,0.32348,0.41322,0.44544
0.074928,0.023567,0.010291,0,0,0,0,0,0,0,0,0,0,0,0.036656,0.02537,0.0064205,0.008235,0.040973,0.027949,0.043872,0.036136,0.040879,0.084715,0.04357,0.026205,0.065518,0.044967,0.017176,0.019512,0.023178,0.02266,0.052176,0.034154,0.050437,0.036209,0.040133,0.062601,0.024272,0.0418,0.013499,0.059927,0.013139,0.039271,0.010076,0.059184,0.0018606,0.015495,0.037144,0.040529,0.074131,0.0185,0.033774,0.023387,0.026307,0.039768,0.018892,0.032147,0.023727,0.043287,0.034425,0.060503,0.033478,0.040211,0.048251,0.018552,0.042455,0.042084,0.014122,0.032355,0.068302,0.035788,0.036047,0.021729,0.074742,0.071921,0.1137,0.042951,0.070331,0.04287,0.041037
0.092195,0.033409,0.059633,0.17577,0.13398,0,0,0.30732,0.091747,0,0.0072899,0.1312,0,0.042082,0.0055182,0.48495,0.21837,0.30006,0.28587,0.34705,0.52642,1.0064,0.36412,1.2286,0.3822,0.24056,0.50988,0.26872,0.21831,0.45374,0.42693,0.4279,0.67495,0.64819,0.37266,0.32435,0.37716,0.53313,0.43359,0.38808,0.23678,0.3896,0.41107,0.4671,0.36052,0.49028,0.18807,0.24164,0.43626,0.31097,0.66166,0.38057,0.3723,0.42193,0.41122,0.35688,0.45942,0.35748,0.32022,0.62339,0.32617,0.49108,0.35234,0.24043,0.43484,0.17841,0.33478,0.3609,0.40087,0.51952,0.54673,0.48683,0.34728,0.40239,0.42735,0.74012,0.58979,0.3164,0.27015,0.37855,0.4047
0.033642,0.012921,0.023839,0.12655,0.11253,0,0.0057044,0.2271,0.094194,0,0.0092938,0.33606,0,0.070082,0.0017595,0.27512,0.21581,0.20752,0.1623,0.33999,0.48051,0.82687,0.28782,0.8371,0.30844,0.25182,0.36674,0.2318,0.22744,0.30967,0.3154,0.29008,0.47613,0.49271,0.25759,0.23632,0.26904,0.39692,0.31482,0.29422,0.22061,0.26976,0.2906,0.36799,0.24088,0.39362,0.13687,0.16339,0.33403,0.25762,0.43185,0.29859,0.27027,0.36182,0.29865,0.28294,0.3632,0.28432,0.25952,0.39189,0.21722,0.35311,0.23915,0.17748,0.34693,0.12946,0.2164,0.28315,0.30426,0.37839,0.38636,0.36065,0.2134,0.27816,0.29345,0.44169,0.40387,0.23744,0.13893,0.27407,0.29329
0.036349,0.013218,0.021778,0.19973,0.17852,0,0.011369,0.2466,0.12737,0,0,0.2032,0,0.037726,0.0021674,0.36308,0.1993,0.60934,0.19823,0.31234,0.45458,1.0456,0.31967,1.1095,0.4097,0.20309,0.39263,0.29684,0.19641,0.36471,0.38001,0.33956,0.68001,0.74011,0.35377,0.30914,0.44727,0.43406,0.34192,0.34188,0.2155,0.32177,0.39674,0.39959,0.35519,0.41882,0.19953,0.22982,0.3841,0.28047,0.81763,0.38774,0.34389,0.32249,0.39191,0.4311,0.62614,0.26987,0.27133,0.49363,0.22513,0.42799,0.36009,0.17324,0.40372,0.12703,0.26021,0.3401,0.51137,0.47055,0.43691,0.34668,0.2957,0.48185,0.36699,0.61769,0.49338,0.30216,0.19628,0.52674,0.34886
0.1241,0.043323,0.069922,0.11954,0.072747,0,0,0.086003,0.070112,0,0.0046137,0.040921,0,0.033694,0.0071343,0.22884,0.10312,0.13115,0.24042,0.2193,0.26601,0.45979,0.2268,0.66219,0.17329,0.12806,0.326,0.15361,0.10461,0.22821,0.24394,0.2284,0.37264,0.36214,0.19804,0.20849,0.21635,0.33594,0.22287,0.21925,0.11407,0.27902,0.20712,0.28776,0.15678,0.30224,0.1194,0.13977,0.24407,0.19449,0.42075,0.18138,0.23816,0.19479,0.21753,0.19222,0.27941,0.21352,0.17672,0.40247,0.21819,0.35347,0.2236,0.17256,0.27858,0.087872,0.23948,0.21212,0.22412,0.34732,0.34876,0.32272,0.20236,0.25446,0.34541,0.46097,0.45817,0.1868,0.25669,0.24968,0.2565
0.073319,0.029763,0.050834,0.093575,0.088069,0,0,0.12994,0.076012,0,0.0041081,0.24671,0,0.075478,0.0033349,0.19038,0.14804,0.1416,0.15028,0.56059,0.4626,0.62311,0.38138,0.71253,0.26766,0.25061,0.31948,0.23528,0.37918,0.28287,0.30689,0.22123,0.48579,0.52072,0.20393,0.21051,0.24316,0.38373,0.25325,0.24204,0.1757,0.24142,0.26883,0.32523,0.18345,0.32942,0.12738,0.16002,0.2868,0.24033,0.41534,0.24036,0.27563,0.29446,0.23239,0.22154,0.30879,0.33422,0.2168,0.34965,0.19203,0.33965,0.21666,0.1657,0.33648,0.11834,0.20076,0.23243,0.24445,0.33487,0.3733,0.35409,0.18203,0.21378,0.29379,0.51708,0.40424,0.21466,0.1625,0.2341,0.25615
0.12311,0.046597,0.059909,0.21776,0.17854,0,0,0.54075,0.073959,0,0,0.60987,0,0.15415,0.0089462,0.49351,0.35755,0.3522,0.31153,0.79058,1.5964,1.5286,0.83005,1.645,0.75291,0.79933,0.73888,0.58952,0.77592,0.83942,0.69501,0.59324,1.0064,1.0991,0.47418,0.45904,0.45805,0.7675,0.61021,0.58264,0.45272,0.53556,0.64761,0.81011,0.52682,0.7113,0.28304,0.3509,0.70975,0.52033,0.83168,0.6159,0.51037,0.82812,0.64266,0.45144,0.70441,0.75645,0.59817,0.79377,0.45125,0.81919,0.41003,0.42001,0.73573,0.31167,0.44314,0.51341,0.58707,0.67324,0.88522,0.83421,0.42216,0.54603,0.58588,0.92052,0.94378,0.3376,0.3498,0.4621,0.54797
0.12332,0.056305,0.14532,0.51505,0.44853,0,0.042801,0.79984,0.45703,0,0.01419,0.87972,0,0.21242,0.0084964,1.0879,0.70945,0.93408,0.62088,1.2279,1.7626,4.1257,1.2325,3.7011,1.2524,1.0374,1.3839,0.87841,0.94129,1.2159,1.2928,1.1859,1.9551,2.2783,1.1178,1.0046,1.1254,1.575,1.2211,1.2517,0.78991,1.0899,1.1684,1.4667,0.94739,1.5611,0.61481,0.75639,1.2665,1.0183,2.0023,1.1356,1.061,1.3121,1.1665,1.5534,1.4712,1.0777,0.98188,1.6024,0.80285,1.4273,1.0969,0.649,1.4537,0.52437,0.86801,1.1449,1.1624,1.4142,1.6482,1.4463,0.8634,1.3498,1.1647,1.747,1.4318,1.1884,0.48322,1.1755,1.1354
0.11854,0.043398,0.077808,0.10872,0.058234,0,0.010517,0.20686,0.015058,0,0.0010007,0.29021,0,0.095861,0.007592,0.31089,0.19505,0.22557,0.2419,0.5936,0.75597,0.97352,0.79016,1.1447,0.43557,0.43489,0.47496,0.37746,0.54027,0.49808,0.43552,0.36418,0.73053,0.84825,0.31056,0.352,0.36194,0.53151,0.36667,0.3603,0.23393,0.39103,0.40589,0.54061,0.27665,0.48717,0.19528,0.23927,0.42775,0.33893,0.66565,0.32339,0.3965,0.45822,0.3508,0.42189,0.45693,0.55927,0.32224,0.54907,0.30703,0.56632,0.35563,0.27192,0.54643,0.17787,0.32312,0.28899,0.3661,0.46906,0.57446,0.55084,0.23926,0.44399,0.4316,0.70897,0.62589,0.29874,0.26673,0.38543,0.36467
0.24845,0.089175,0.18994,0.60117,0.50387,0,0.033718,0.79028,0.42774,0,0.023962,0.6046,0,0.13905,0.018731,1.2489,0.67542,0.93214,0.8409,1.3204,1.7838,3.4805,1.3628,4.2088,1.2525,0.88386,1.5401,0.87242,0.95687,1.41,1.3755,1.2646,2.2033,2.3029,1.1774,1.0584,1.2098,1.7189,1.274,1.273,0.73442,1.1905,1.2833,1.4982,1.0235,1.5699,0.61584,0.79702,1.3432,1.0233,2.1567,1.1364,1.2623,1.256,1.2832,1.3396,1.512,1.2912,0.9953,1.8653,0.92174,1.6167,1.1315,0.71587,1.4496,0.53605,1.0198,1.2129,1.214,1.6269,1.7518,1.4941,1.0285,1.3159,1.383,2.3011,1.834,1.1644,0.78602,1.235,1.2411
0.095695,0.039523,0.058424,0.12936,0.10852,0,0.0050312,0.50584,0.091072,0,0.0074115,0.41679,0,0.12828,0.011694,0.47162,0.30209,0.41781,0.26712,0.60208,0.99102,1.4297,0.6295,1.5203,0.83367,0.50252,0.64099,0.41555,0.49856,0.67418,0.57026,0.52762,0.8918,0.91883,0.45791,0.41413,0.49211,0.63799,0.48772,0.48077,0.39117,0.48933,0.57128,0.67003,0.50241,0.63638,0.21828,0.31537,0.62226,0.41773,0.75998,0.5163,0.41501,0.71626,0.50461,0.47365,0.63431,0.60412,0.49282,0.67034,0.36162,0.54735,0.40171,0.31674,0.57113,0.27562,0.36524,0.44993,0.49786,0.55731,0.6884,0.68247,0.36187,0.47079,0.46989,0.81138,0.60545,0.37111,0.24202,0.50906,0.46361
0.065633,0.022831,0.035514,0.075322,0.05992,0,0.004665,0.18884,0.054133,0,0.0025909,0.32465,0,0.087273,0.0051838,0.21878,0.18178,0.15265,0.14549,0.41549,0.77543,0.87277,0.46323,0.79076,0.37037,0.55091,0.35188,0.36348,0.47505,0.39766,0.35759,0.3008,0.49991,0.6022,0.23364,0.22864,0.24822,0.3938,0.33458,0.32503,0.21555,0.25246,0.30673,0.46669,0.22076,0.37427,0.15837,0.16347,0.3537,0.28266,0.42395,0.30258,0.22368,0.44896,0.29183,0.30091,0.36939,0.36744,0.28733,0.39092,0.23322,0.45882,0.23038,0.22027,0.42028,0.15534,0.21637,0.2297,0.31306,0.30979,0.48706,0.45204,0.17253,0.29399,0.27387,0.37142,0.44875,0.20468,0.14461,0.2651,0.2722
0.17915,0.068788,0.117,0.2048,0.16209,0,0.0021378,0.26935,0.096904,0,0.0060039,0.33313,0,0.11811,0.013099,0.46867,0.26757,0.29827,0.37433,0.53533,0.72447,1.1768,0.51133,1.3926,0.47748,0.35564,0.72012,0.3708,0.31058,0.48677,0.51775,0.47776,0.81569,0.77964,0.45023,0.441,0.44319,0.71317,0.48385,0.47846,0.31482,0.53995,0.46635,0.60959,0.38972,0.68465,0.2312,0.31471,0.55833,0.45043,0.83763,0.44439,0.47003,0.51206,0.4757,0.46196,0.59213,0.47431,0.41405,0.79085,0.42808,0.69265,0.45033,0.34121,0.59223,0.22527,0.45641,0.47057,0.47152,0.66937,0.74472,0.66675,0.41397,0.48631,0.6494,0.88643,0.92228,0.44669,0.42676,0.50879,0.53551
0.095313,0.03942,0.06354,0.12681,0.10603,0,0,0.16579,0.061373,0,0.0058317,0.32998,0,0.091523,0.010594,0.29104,0.19927,0.2657,0.20784,0.46454,0.68108,0.88014,0.47882,0.92954,0.36475,0.43287,0.43692,0.43271,0.40869,0.38909,0.37659,0.32568,0.62992,0.64073,0.28961,0.27925,0.35602,0.4877,0.38077,0.35106,0.2224,0.31522,0.34628,0.47038,0.25597,0.44917,0.17228,0.20108,0.39595,0.3242,0.58513,0.32971,0.31879,0.42312,0.33651,0.33586,0.45921,0.38316,0.28634,0.49524,0.27815,0.53496,0.29701,0.24307,0.47476,0.15787,0.28472,0.29771,0.38825,0.4184,0.54773,0.47393,0.2501,0.36586,0.37721,0.54708,0.6159,0.27469,0.24044,0.38164,0.35437
0.04824,0.021387,0.032941,0.096369,0.088015,0,0,0.21076,0.093803,0,0.0028792,0.32345,0,0.089531,0.0038035,0.22225,0.18379,0.16526,0.13305,0.70371,0.84262,0.88652,0.6442,0.95831,0.41133,0.53177,0.34399,0.38415,0.87355,0.49431,0.44866,0.29594,0.65505,0.90712,0.23481,0.23788,0.3039,0.49327,0.35661,0.32586,0.21969,0.23307,0.42389,0.48065,0.23006,0.35662,0.14753,0.19485,0.37841,0.28041,0.48964,0.31915,0.32383,0.47169,0.30883,0.26837,0.39051,0.57321,0.28401,0.36652,0.21907,0.46409,0.24283,0.20637,0.49123,0.17664,0.21481,0.25927,0.29124,0.35898,0.47624,0.49069,0.19255,0.25937,0.25532,0.55099,0.40951,0.19406,0.12279,0.23661,0.26933
0.09741,0.032064,0.044471,0.18127,0.14129,0,0.0048423,0.40542,0.12,0,0,0.24957,0,0.0672,0.0041815,0.44705,0.24217,0.29697,0.28089,0.50804,0.88219,1.1083,0.57476,1.3666,0.5383,0.4308,0.52176,0.35394,0.47838,0.69536,0.50688,0.47106,0.80543,0.81019,0.3582,0.32806,0.40315,0.55325,0.46058,0.40966,0.29128,0.40005,0.50134,0.5671,0.39991,0.46476,0.21561,0.24563,0.48069,0.3302,0.63565,0.44262,0.42865,0.56832,0.4722,0.30623,0.50878,0.56237,0.39758,0.60482,0.33664,0.53206,0.32205,0.26612,0.48333,0.20944,0.33294,0.37869,0.41698,0.53373,0.58363,0.57496,0.34406,0.43056,0.41322,0.80824,0.582,0.21996,0.25585,0.33655,0.397
0.096732,0.034818,0.058627,0.17207,0.14019,0,0,0.24471,0.11382,0,0.0084161,0.2155,0,0.06386,0.0042923,0.36348,0.21314,0.26739,0.25945,0.4763,0.63118,1.0182,0.43429,1.152,0.39346,0.33476,0.47956,0.29603,0.37521,0.43802,0.49608,0.3851,0.66384,0.73198,0.33987,0.30934,0.36128,0.54837,0.39759,0.38721,0.23732,0.37495,0.40778,0.49241,0.30375,0.48872,0.19685,0.24513,0.43748,0.3311,0.66403,0.36472,0.37346,0.42353,0.37748,0.36514,0.4957,0.42158,0.33041,0.57366,0.30166,0.51252,0.34702,0.24472,0.47442,0.18213,0.31208,0.3504,0.39574,0.52858,0.56256,0.53423,0.3001,0.36998,0.43832,0.69505,0.58416,0.31079,0.2561,0.3738,0.38317
0.10431,0.037138,0.068618,0.14629,0.11764,0,0.0077444,0.31141,0.087867,0,0.012133,0.20445,0,0.064011,0.0048163,0.41813,0.22499,0.27422,0.2788,0.39407,0.61835,1.072,0.41679,1.2156,0.41781,0.32319,0.50789,0.29382,0.28404,0.46719,0.44199,0.47278,0.66576,0.68202,0.36065,0.33868,0.37499,0.53717,0.42602,0.3996,0.24741,0.40726,0.41353,0.51337,0.35326,0.50762,0.19939,0.23962,0.45154,0.3405,0.66144,0.37852,0.35479,0.46717,0.40489,0.40126,0.46972,0.40629,0.33443,0.59301,0.32817,0.5076,0.36287,0.25579,0.47092,0.19506,0.33189,0.35471,0.39764,0.50658,0.58169,0.52698,0.31605,0.42811,0.41507,0.69247,0.56495,0.32572,0.25692,0.40254,0.39427
0.19803,0.072904,0.12454,0.33018,0.27793,0,0,0.38605,0.19322,0,0.0096331,0.45377,0,0.12486,0.011537,0.68611,0.38417,0.57128,0.47321,0.9002,1.0913,1.8385,0.86976,2.2033,0.73466,0.55877,0.90207,0.59121,0.65406,0.831,0.7926,0.69259,1.5954,1.4744,0.66064,0.62552,0.77667,1.0354,0.74228,0.71905,0.42852,0.70113,0.78174,0.88313,0.577,0.94816,0.38117,0.46379,0.78501,0.63785,1.3952,0.70782,0.74634,0.82389,0.71263,0.78939,0.91704,0.83885,0.56474,1.1065,0.5596,1.0127,0.71449,0.45137,0.95302,0.30825,0.61296,0.66019,0.80612,0.93781,1.0426,0.9212,0.60119,0.72661,0.83333,1.3572,1.2117,0.65686,0.51716,0.77674,0.73572
0.12094,0.043663,0.069029,0.30046,0.23128,0,0.018811,0.31853,0.19347,0,0.011616,0.31167,0,0.097388,0.006192,0.54025,0.32596,0.50981,0.37707,0.79117,0.97721,1.7567,0.82805,1.8882,0.62063,0.55189,0.70694,0.49307,0.74266,0.68539,0.71658,0.58174,1.2089,1.5756,0.5364,0.55601,0.59867,0.87062,0.59271,0.62246,0.35218,0.58646,0.68087,0.81292,0.45234,0.80253,0.3387,0.42801,0.67105,0.53169,1.2709,0.57613,0.60786,0.63602,0.59871,0.76893,0.83147,0.72925,0.49081,0.86774,0.44143,0.88579,0.61595,0.37564,0.928,0.25268,0.49595,0.54834,0.67807,0.80124,0.8807,0.81412,0.4407,0.72906,0.67286,1.0542,0.93058,0.55475,0.37735,0.66946,0.58455
0.085798,0.033682,0.071768,0.13691,0.11911,0,0.0034942,0.20815,0.079389,0,0.0056851,0.19781,0,0.053329,0.0098744,0.33542,0.18402,0.26315,0.22267,0.3346,0.45525,0.93075,0.32738,1.0425,0.33401,0.23122,0.44086,0.24067,0.2076,0.32723,0.3593,0.3322,0.58494,0.57924,0.35651,0.30691,0.3338,0.47716,0.34666,0.3505,0.20771,0.3442,0.32242,0.40369,0.27807,0.45949,0.16512,0.22272,0.37661,0.29545,0.60768,0.30888,0.31274,0.34289,0.34029,0.39046,0.41801,0.30506,0.26986,0.52713,0.25918,0.44617,0.33504,0.21108,0.39608,0.15171,0.28712,0.32857,0.34349,0.42823,0.49183,0.42183,0.28926,0.3422,0.39233,0.58359,0.53064,0.35987,0.22986,0.37081,0.35036
0.11129,0.042454,0.08001,0.14343,0.10097,0,0.0061521,0.17427,0.046086,0,0.0048504,0.18803,0,0.074199,0.0077154,0.31773,0.18375,0.25028,0.25513,0.37592,0.47967,0.91038,0.40386,1.02,0.32876,0.24627,0.46998,0.25257,0.22889,0.32617,0.35593,0.33953,0.6028,0.65349,0.33403,0.38549,0.32274,0.49677,0.32552,0.34493,0.20501,0.40003,0.31321,0.44115,0.26266,0.50394,0.18268,0.23787,0.39222,0.31484,0.67777,0.29369,0.32661,0.34125,0.33477,0.42429,0.44223,0.34422,0.28922,0.55304,0.28537,0.51699,0.35368,0.24721,0.44994,0.14393,0.32443,0.32154,0.36322,0.47001,0.52508,0.46653,0.26842,0.40664,0.4522,0.61682,0.63713,0.37187,0.28006,0.41619,0.36671
0.10319,0.038606,0.081878,0.14343,0.12303,0,0.0030025,0.18821,0.12025,0,0.0081898,0.22062,0,0.054646,0.008041,0.34741,0.1967,0.34049,0.24895,0.4083,0.45006,0.95895,0.39047,1.0962,0.36735,0.25141,0.44412,0.30278,0.27496,0.37691,0.39087,0.35349,0.70377,0.66162,0.34162,0.30347,0.46082,0.51485,0.38875,0.36543,0.20658,0.35233,0.36454,0.44329,0.2822,0.47777,0.17359,0.21405,0.39133,0.30439,0.68582,0.33375,0.36052,0.3957,0.33621,0.39596,0.49463,0.3849,0.25944,0.54482,0.28459,0.46841,0.38764,0.21728,0.45444,0.15501,0.29738,0.33502,0.40197,0.4741,0.50205,0.4525,0.28929,0.36834,0.39695,0.64693,0.5018,0.34534,0.22894,0.45298,0.37288
0.16493,0.064719,0.11516,0.23074,0.19828,0,0.0043243,0.23941,0.13277,0,0.01867,0.27068,0,0.095977,0.012144,0.47546,0.28097,0.31993,0.37426,0.62385,0.73012,1.2994,0.55518,1.508,0.4611,0.38616,0.69194,0.40158,0.4321,0.50079,0.57442,0.49026,0.90835,0.93156,0.47279,0.45226,0.49848,0.82555,0.53036,0.51849,0.29231,0.53197,0.49594,0.64962,0.36318,0.72254,0.24963,0.33696,0.5782,0.45776,0.90566,0.46557,0.50988,0.52751,0.49193,0.53804,0.64241,0.53878,0.39919,0.81204,0.42659,0.75548,0.49184,0.34435,0.65651,0.22821,0.45369,0.49263,0.50503,0.69633,0.79773,0.71254,0.42921,0.50785,0.64604,0.94145,0.94667,0.50134,0.41484,0.54149,0.54542
0.088804,0.033755,0.074573,0.16322,0.14247,0,0,0.26459,0.12866,0,0.0085097,0.28586,0,0.062856,0.0051683,0.42447,0.24463,0.27663,0.27255,0.45193,0.6372,1.1059,0.42042,1.2269,0.38693,0.36015,0.51531,0.34416,0.34291,0.45763,0.45716,0.4268,0.71484,0.69615,0.37705,0.3253,0.41315,0.58217,0.50186,0.42523,0.25519,0.38099,0.41081,0.52606,0.33166,0.53266,0.20247,0.23521,0.45633,0.34933,0.6496,0.40203,0.38156,0.47704,0.41523,0.40161,0.49405,0.40112,0.3259,0.6159,0.32981,0.54933,0.38237,0.25701,0.49587,0.19079,0.3301,0.37528,0.41641,0.51689,0.60552,0.54135,0.34205,0.387,0.43178,0.696,0.59761,0.35228,0.24568,0.40099,0.42082
0.10634,0.038468,0.075792,0.19577,0.15872,0,0.0050431,0.22993,0.14568,0,0.012119,0.28326,0,0.074318,0.0095327,0.40689,0.24485,0.29624,0.28716,0.4626,0.65162,1.2141,0.44245,1.313,0.4085,0.37471,0.54576,0.33984,0.3356,0.43594,0.47684,0.42877,0.74164,0.78301,0.4083,0.36917,0.41595,0.60956,0.45542,0.4829,0.26644,0.42225,0.41372,0.53978,0.32485,0.58991,0.21575,0.26763,0.48766,0.39274,0.75464,0.38812,0.40199,0.46261,0.42521,0.49561,0.53725,0.41736,0.35339,0.65583,0.34131,0.607,0.41147,0.28514,0.549,0.1906,0.36673,0.41716,0.44592,0.56715,0.64956,0.56702,0.33984,0.43679,0.50174,0.70866,0.6679,0.4353,0.28166,0.46171,0.4442
0.052428,0.02368,0.033074,0.086431,0.071871,0,0,0.25983,0.068944,0,0.0021206,0.36083,0,0.095276,0.0030296,0.24432,0.18067,0.18377,0.14703,0.33048,0.49828,0.75399,0.2827,0.74545,0.32709,0.24454,0.35339,0.21187,0.22265,0.30505,0.28761,0.26125,0.43496,0.43598,0.23812,0.21594,0.23141,0.33819,0.26897,0.26221,0.25118,0.26597,0.27025,0.32724,0.2557,0.33774,0.12481,0.15106,0.31264,0.24719,0.36886,0.27972,0.23372,0.35904,0.27073,0.22797,0.31111,0.25764,0.26655,0.3436,0.19602,0.27496,0.20331,0.1739,0.30257,0.13151,0.20752,0.25247,0.2618,0.31961,0.33997,0.34811,0.19964,0.22643,0.26593,0.39038,0.32405,0.19792,0.13022,0.23077,0.26215
0.15969,0.058167,0.087674,0.10637,0.077122,0,0.0039179,0.17373,0.049182,0,0.0057925,0.16148,0,0.076312,0.009796,0.2928,0.16091,0.19985,0.26195,0.33073,0.42932,0.75772,0.34419,0.88011,0.29802,0.20862,0.44145,0.21872,0.17205,0.30515,0.33097,0.31322,0.51834,0.52879,0.28739,0.30689,0.28745,0.44828,0.29248,0.30266,0.19372,0.42562,0.26857,0.40591,0.23292,0.43549,0.16456,0.2109,0.36082,0.28674,0.57689,0.25822,0.29298,0.30536,0.29353,0.32898,0.3871,0.30517,0.26494,0.50046,0.27837,0.43923,0.30705,0.23852,0.39619,0.13276,0.31394,0.28098,0.3152,0.43208,0.48493,0.45591,0.26291,0.36449,0.44816,0.56211,0.54906,0.30353,0.29945,0.34631,0.33198
0.05206,0.018891,0.037233,0.18369,0.13505,0,0.0026914,0.23823,0.12592,0,0.0021533,0.21659,0,0.052229,0.0023711,0.34106,0.19138,0.27204,0.21467,0.40659,0.57314,0.89676,0.39442,1.0474,0.38412,0.27983,0.42094,0.26526,0.34545,0.42218,0.39738,0.35112,0.63805,0.67776,0.29721,0.26527,0.32835,0.46138,0.34817,0.32739,0.21731,0.2965,0.51207,0.42423,0.30317,0.40911,0.16683,0.21305,0.38341,0.28276,0.59758,0.34396,0.34558,0.42121,0.3523,0.29915,0.44306,0.39646,0.28966,0.50213,0.25287,0.43578,0.29756,0.19051,0.40051,0.15791,0.26325,0.31955,0.35021,0.45671,0.45605,0.42538,0.26899,0.34315,0.36238,0.60318,0.50959,0.23974,0.20435,0.32749,0.33659
0.16483,0.053978,0.10239,0.18155,0.13881,0,0.0090492,0.30397,0.10939,0,0.015756,0.33721,0,0.098962,0.0085382,0.4669,0.29196,0.3301,0.35932,0.59261,0.86377,1.3562,0.6329,1.4732,0.54276,0.51293,0.6629,0.43411,0.47192,0.57534,0.57811,0.52514,0.86839,0.97491,0.44832,0.45014,0.48104,0.72811,0.53714,0.51461,0.31701,0.53989,0.5111,0.75259,0.3889,0.69249,0.26486,0.31964,0.59058,0.45406,0.89144,0.47641,0.46971,0.59471,0.49468,0.53487,0.66452,0.56346,0.44041,0.78571,0.43135,0.73457,0.5013,0.3548,0.68124,0.2351,0.43673,0.45044,0.53694,0.67033,0.78934,0.7352,0.37518,0.56367,0.5992,0.84284,0.83064,0.42398,0.35728,0.54525,0.52064
0.052779,0.022341,0.036626,0.10486,0.088556,0,0.0019077,0.32152,0.064897,0,0.0049332,0.22574,0,0.063491,0.0021014,0.34566,0.18331,0.28145,0.18778,0.32064,0.53879,0.84031,0.31066,0.96538,0.39037,0.23273,0.40651,0.22659,0.21666,0.38917,0.34207,0.34662,0.54422,0.52034,0.29621,0.25708,0.29373,0.39045,0.32482,0.29706,0.2376,0.29716,0.35034,0.37303,0.36952,0.37267,0.15165,0.19496,0.3699,0.26626,0.51887,0.33288,0.26871,0.38924,0.33521,0.27526,0.38019,0.29694,0.28615,0.43778,0.23546,0.32948,0.26162,0.1835,0.33451,0.15999,0.24105,0.28418,0.32201,0.36702,0.41014,0.37542,0.26485,0.29694,0.29275,0.54587,0.39649,0.23628,0.16992,0.31774,0.30107
0.14762,0.056093,0.10906,0.22854,0.16745,0,0.0072241,0.237,0.10011,0,0.018246,0.35319,0,0.11142,0.012535,0.47739,0.30421,0.33702,0.36763,0.58471,0.73877,1.4062,0.55557,1.5038,0.50216,0.4007,0.72524,0.4038,0.34108,0.45931,0.55893,0.50582,0.9082,0.93753,0.49708,0.5009,0.50503,0.78886,0.5298,0.54784,0.31872,0.56423,0.48012,0.67456,0.37846,0.82974,0.24783,0.34708,0.61733,0.49383,0.98268,0.46291,0.48463,0.55081,0.48215,0.64372,0.67765,0.51858,0.43275,0.83608,0.44397,0.78445,0.54669,0.37146,0.70615,0.23649,0.47207,0.5046,0.54505,0.72458,0.83132,0.73273,0.40116,0.54998,0.67133,0.87861,0.96478,0.58564,0.39227,0.62405,0.5733
0.061701,0.02119,0.033754,0.092467,0.082744,0,0.0033664,0.088773,0.070754,0,0.00085523,0.098363,0,0.033213,0.00036579,0.16998,0.09819,0.14904,0.13481,0.20987,0.27288,0.51405,0.20672,0.54755,0.15988,0.15739,0.22733,0.14377,0.13097,0.19778,0.20897,0.18443,0.3389,0.36727,0.16581,0.16854,0.17032,0.25299,0.18693,0.18598,0.10932,0.19791,0.18174,0.23948,0.14296,0.23005,0.13614,0.12328,0.1956,0.17034,0.35418,0.18079,0.18704,0.1812,0.19574,0.21693,0.24253,0.16423,0.15055,0.29274,0.14742,0.26713,0.17741,0.11961,0.23873,0.069491,0.16341,0.17099,0.21131,0.25325,0.26823,0.24725,0.15317,0.239,0.23569,0.33078,0.31858,0.16143,0.14591,0.19991,0.18845
0.074997,0.028932,0.048904,0.1014,0.095215,0,0.0048973,0.12966,0.041741,0,0.0036631,0.081753,0,0.044338,0.003258,0.23357,0.12536,0.1836,0.16877,0.28197,0.36181,0.67638,0.27089,0.75789,0.24705,0.17374,0.33095,0.17946,0.185,0.24098,0.2783,0.23704,0.44102,0.49638,0.2392,0.23472,0.22463,0.36523,0.23225,0.24674,0.14152,0.27127,0.24822,0.3091,0.19656,0.34456,0.13185,0.21893,0.29435,0.21796,0.4777,0.21721,0.23067,0.24486,0.24742,0.29559,0.32128,0.25379,0.20504,0.40004,0.19518,0.35124,0.23827,0.15823,0.33025,0.11164,0.22079,0.23342,0.24763,0.32226,0.38371,0.33892,0.20825,0.27606,0.31515,0.44886,0.43965,0.26808,0.1982,0.26814,0.25483
0.12699,0.049654,0.083618,0.18512,0.13779,0,0.0028048,0.32908,0.095387,0,0.023688,0.33685,0,0.11125,0.0086547,0.46732,0.28401,0.34005,0.3266,0.56004,0.81098,1.2551,0.53666,1.4154,0.54019,0.4166,0.65067,0.39161,0.39816,0.52263,0.55043,0.495,0.82723,0.86243,0.44823,0.4289,0.45509,0.69449,0.49933,0.49823,0.32458,0.5143,0.49502,0.6329,0.41327,0.67915,0.23182,0.3262,0.62283,0.44153,0.82208,0.44809,0.43172,0.57656,0.47271,0.49329,0.62338,0.51385,0.43216,0.73787,0.39923,0.65161,0.44113,0.3436,0.61156,0.24121,0.4196,0.44868,0.49701,0.63703,0.73424,0.68685,0.38135,0.47562,0.56757,0.81675,0.77635,0.45519,0.33729,0.53507,0.50035
0.12255,0.043239,0.072161,0.15298,0.12564,0,0.004943,0.16564,0.099819,0,0.0090267,0.32581,0,0.092043,0.0086878,0.30646,0.20152,0.22843,0.23944,0.43176,0.54698,0.92838,0.39121,0.9921,0.33362,0.3063,0.48292,0.29498,0.27144,0.33028,0.38325,0.3434,0.61837,0.62866,0.32349,0.31674,0.32566,0.50584,0.35167,0.36915,0.23609,0.37601,0.33586,0.44767,0.27367,0.49981,0.18573,0.22222,0.4062,0.39544,0.63228,0.32292,0.3465,0.37601,0.33746,0.39823,0.44464,0.3342,0.29053,0.53375,0.29281,0.50943,0.3381,0.24159,0.46631,0.15793,0.31607,0.337,0.37643,0.47857,0.55031,0.472,0.27769,0.35249,0.46241,0.59164,0.62764,0.35427,0.27114,0.39041,0.38271
0.18231,0.065929,0.1097,0.2809,0.21477,0,0.014681,0.19499,0.13849,0,0.012127,0.17424,0,0.077002,0.012412,0.50933,0.26386,0.52015,0.4046,0.58282,0.68289,1.4259,0.60013,1.6331,0.47409,0.35883,0.70146,0.41586,0.37022,0.49663,0.60037,0.52106,1.0565,1.1737,0.51971,0.53259,0.57313,0.7817,0.51079,0.55404,0.27519,0.5909,0.55442,0.68649,0.41658,0.77688,0.30165,0.38041,0.59075,0.49387,1.3858,0.49441,0.54123,0.46749,0.51868,0.71639,0.80475,0.52178,0.40701,0.88399,0.44211,0.84466,0.64178,0.35892,0.76579,0.21123,0.50394,0.50742,0.65818,0.7947,0.8381,0.6965,0.44154,0.7009,0.71281,1.0215,1.026,0.58163,0.46436,0.73608,0.5748
0.078311,0.030574,0.047486,0.19822,0.19141,0,0,0.33218,0.13953,0,0.0023157,0.36581,0,0.085472,0.0044104,0.41713,0.25977,0.35123,0.24835,0.48025,0.72007,1.1515,0.41514,1.2253,0.4586,0.36465,0.5299,0.33366,0.34359,0.49239,0.46954,0.42458,0.76319,0.75762,0.37615,0.3286,0.39713,0.57218,0.45012,0.40573,0.29713,0.37661,0.4544,0.5224,0.38054,0.52108,0.21925,0.2463,0.45849,0.35915,0.70397,0.51507,0.40815,0.50124,0.45511,0.37307,0.54042,0.37464,0.36732,0.60216,0.31844,0.51763,0.35067,0.24132,0.46252,0.20272,0.3159,0.40826,0.46456,0.52397,0.56312,0.51409,0.35129,0.40973,0.4315,0.74947,0.64165,0.28881,0.25113,0.37834,0.42369
0.10381,0.035379,0.066215,0.26015,0.20388,0,0.00060732,0.16404,0.181,0,0.00090883,0.21193,0,0.050106,0.0068766,0.34849,0.2008,0.26603,0.27849,0.47033,0.50959,0.91874,0.43469,1.1624,0.31481,0.23022,0.47864,0.27551,0.29774,0.40724,0.41059,0.33987,0.68725,0.68266,0.32524,0.31209,0.36636,0.53516,0.36484,0.35888,0.21202,0.36492,0.38989,0.43986,0.26234,0.46589,0.19371,0.22337,0.37725,0.32911,0.65814,0.34856,0.4895,0.32412,0.38259,0.31401,0.48366,0.38611,0.29823,0.59889,0.29178,0.52645,0.32745,0.20872,0.42624,0.13986,0.32737,0.39792,0.37256,0.57693,0.51675,0.4401,0.32081,0.38082,0.51326,0.78372,0.70243,0.28895,0.29863,0.34465,0.41337
0.075704,0.031647,0.052162,0.10802,0.08442,0,0,0.40988,0.065618,0,0.0098177,0.46827,0,0.12131,0.0050499,0.41885,0.2851,0.26458,0.24157,0.53286,0.8769,1.205,0.53276,1.2265,0.57623,0.49005,0.55301,0.38782,0.45995,0.57262,0.49383,0.47461,0.80458,0.75753,0.37819,0.34582,0.42645,0.58718,0.48374,0.43801,0.34543,0.40336,0.50397,0.59063,0.40301,0.56157,0.19903,0.25147,0.53432,0.37876,0.60288,0.45398,0.34374,0.78054,0.43564,0.39078,0.50419,0.55745,0.41559,0.59106,0.342,0.51638,0.34979,0.29717,0.53013,0.23361,0.32208,0.36878,0.42598,0.48362,0.60333,0.61485,0.3042,0.38275,0.38102,0.63131,0.53424,0.31546,0.19879,0.39736,0.40934
0.080539,0.030564,0.054186,0.21433,0.1922,0,0.0043373,0.30397,0.12656,0,0.00041416,0.28386,0,0.061471,0.0057387,0.4124,0.23774,0.32483,0.27252,0.42484,0.68749,1.0822,0.41205,1.266,0.41011,0.3218,0.51901,0.31158,0.30423,0.48065,0.44465,0.41555,0.70306,0.72039,0.37917,0.34273,0.36605,0.55318,0.42538,0.40672,0.26313,0.3917,0.42584,0.49632,0.35063,0.4966,0.2172,0.2567,0.44256,0.34341,0.67574,0.41642,0.40991,0.4401,0.48329,0.37357,0.50452,0.3914,0.35368,0.62027,0.31034,0.54835,0.33274,0.24901,0.45474,0.17653,0.33399,0.40782,0.42215,0.53214,0.57331,0.48834,0.35904,0.45143,0.46634,0.74018,0.68553,0.32002,0.28332,0.37091,0.41882
0.090214,0.03261,0.07844,0.1389,0.11872,0,0.029513,0.12686,0.084375,0,0.015397,0.22903,0,0.061623,0.0082778,0.34152,0.21491,0.34095,0.2298,0.38647,0.46082,1.3752,0.47287,1.2611,0.36733,0.31663,0.48095,0.29675,0.25226,0.29744,0.41042,0.39297,0.74314,0.88285,0.41515,0.41449,0.41137,0.57733,0.39259,0.45235,0.21143,0.41891,0.34504,0.51207,0.27474,0.63267,0.22969,0.29264,0.44068,0.3867,0.8906,0.32573,0.32103,0.37671,0.35647,0.78457,0.51504,0.35334,0.27527,0.59049,0.2906,0.59886,0.48941,0.25905,0.62283,0.16136,0.33774,0.35337,0.44467,0.47438,0.63823,0.50814,0.2816,0.55537,0.45291,0.56916,0.60963,0.57558,0.23446,0.56151,0.39279
0.10267,0.032866,0.059215,0.23468,0.19002,0,0.0036571,0.20155,0.1496,0,0.010309,0.24481,0,0.070833,0.0033968,0.37975,0.2383,0.42774,0.28852,0.4653,0.62109,1.125,0.44237,1.2295,0.42491,0.33574,0.53248,0.35046,0.31707,0.42685,0.48126,0.39735,0.74569,0.82459,0.3839,0.37315,0.44387,0.59542,0.41716,0.42356,0.24923,0.42578,0.44141,0.54953,0.32777,0.57528,0.22181,0.27474,0.48103,0.37295,0.86416,0.40756,0.42711,0.41983,0.41584,0.44488,0.69952,0.40471,0.35049,0.65277,0.32609,0.61296,0.42666,0.25522,0.53203,0.16741,0.35348,0.41373,0.51058,0.62626,0.62782,0.5512,0.32612,0.47221,0.53235,0.7501,0.73656,0.36083,0.30231,0.52822,0.44798
0.088258,0.030895,0.060335,0.12235,0.087719,0,0.0022121,0.25572,0.040091,0,0.0072432,0.23547,0,0.067487,0.0063012,0.32214,0.20337,0.20099,0.24037,0.54903,0.72711,0.89841,0.59027,1.1446,0.44118,0.36408,0.465,0.31879,0.50738,0.51435,0.44621,0.37468,0.74363,0.78844,0.30542,0.31665,0.37655,0.54441,0.36923,0.35871,0.22501,0.36593,0.4306,0.50797,0.27909,0.47994,0.16374,0.2366,0.43227,0.3056,0.61082,0.30802,0.37171,0.50603,0.3517,0.33272,0.44121,0.64072,0.32221,0.52793,0.29822,0.52408,0.33331,0.2552,0.5139,0.18091,0.30354,0.30828,0.34215,0.47855,0.54567,0.54305,0.25347,0.35916,0.39272,0.66651,0.56672,0.29464,0.23667,0.35921,0.35082
0.076526,0.028423,0.044415,0.13611,0.098724,0,0,0.27687,0.071469,0,0,0.28032,0,0.082838,0.0050544,0.31361,0.20174,0.21961,0.21621,0.38705,0.62489,0.88959,0.36962,0.9589,0.39114,0.30942,0.44115,0.25891,0.27322,0.3952,0.38007,0.33518,0.54408,0.57671,0.29364,0.28915,0.27584,0.43837,0.32603,0.33009,0.253,0.34527,0.34191,0.4315,0.29229,0.43527,0.16314,0.20774,0.39511,0.28872,0.51783,0.32821,0.31202,0.40999,0.34539,0.28171,0.41527,0.35018,0.35959,0.49662,0.26542,0.4285,0.26783,0.23157,0.39216,0.16509,0.2809,0.31587,0.33458,0.44428,0.47931,0.46389,0.25348,0.32164,0.3893,0.55838,0.52207,0.252,0.21272,0.30076,0.34
0.21322,0.073149,0.15532,0.30979,0.23454,0,0,0.25315,0.13644,0,0.0085998,0.23802,0,0.082439,0.0091349,0.6048,0.30178,0.39579,0.48779,0.61839,0.82145,1.4381,0.62391,1.7802,0.52704,0.41702,0.83472,0.44361,0.34928,0.59556,0.6537,0.58877,1.056,1.0101,0.5682,0.54772,0.57384,0.88338,0.61038,0.60686,0.32307,0.64608,0.58717,0.76261,0.44299,0.83307,0.31424,0.40151,0.66828,0.52546,1.1141,0.533,0.62073,0.57765,0.60004,0.59864,0.76616,0.56838,0.49197,1.1053,0.5318,0.92704,0.60792,0.40853,0.72328,0.25574,0.57342,0.58243,0.63261,0.87569,0.94127,0.82106,0.52796,0.64203,0.83474,1.1672,1.2077,0.5623,0.54961,0.65834,0.67811
0.13373,0.044964,0.076236,0.10862,0.076673,0,0,0.14555,0.048849,0,0.0044995,0.14943,0,0.056171,0.0065877,0.28696,0.15169,0.16369,0.2398,0.30797,0.42348,0.65343,0.31637,0.79774,0.25783,0.22561,0.40973,0.22594,0.18932,0.3006,0.31172,0.29546,0.48431,0.46595,0.25335,0.25629,0.27181,0.42082,0.2964,0.2864,0.16713,0.32588,0.26813,0.37965,0.21606,0.40115,0.1435,0.17764,0.32789,0.2614,0.50529,0.25561,0.27424,0.30309,0.27225,0.26716,0.34707,0.29116,0.23843,0.48225,0.28519,0.43321,0.28535,0.2134,0.3729,0.13232,0.27906,0.2555,0.29102,0.40564,0.44799,0.41668,0.23539,0.29918,0.38289,0.52963,0.54053,0.24728,0.26524,0.31296,0.31241
0.17457,0.059519,0.11122,0.28097,0.19982,0,0.0065019,0.11279,0.099037,0,0.011048,0.21791,0,0.071984,0.011634,0.43414,0.24778,0.3127,0.39036,0.54737,0.7725,1.1673,0.58638,1.406,0.39214,0.446,0.66617,0.43665,0.403,0.47741,0.53218,0.45924,0.88074,0.93953,0.43823,0.46657,0.44956,0.7489,0.49607,0.51181,0.23558,0.51669,0.46433,0.64967,0.3038,0.71224,0.26129,0.32124,0.53776,0.45699,0.97006,0.41751,0.49721,0.45986,0.48338,0.55323,0.65557,0.51414,0.3868,0.84475,0.43531,0.90659,0.49218,0.3585,0.68149,0.19264,0.47336,0.46363,0.54041,0.71565,0.82985,0.6903,0.39659,0.58284,0.70269,0.90193,1.1235,0.47451,0.48208,0.5624,0.54792
0.10604,0.034903,0.082687,0.1051,0.075631,0,0.0062356,0.10898,0.062706,0,0.0085477,0.14915,0,0.040994,0.0056058,0.27124,0.14613,0.22909,0.21503,0.30404,0.33669,0.78113,0.32065,0.85688,0.25061,0.195,0.37715,0.2111,0.18362,0.25163,0.31377,0.28587,0.54108,0.5689,0.28656,0.27794,0.32396,0.42455,0.30069,0.30211,0.15168,0.31452,0.27609,0.38608,0.21006,0.43222,0.15111,0.18975,0.31701,0.2641,0.64182,0.24629,0.2693,0.27125,0.25541,0.3937,0.39735,0.28474,0.21053,0.48237,0.24969,0.42858,0.38645,0.19507,0.41084,0.12425,0.26181,0.25639,0.32488,0.40123,0.45047,0.40245,0.22406,0.32509,0.35794,0.50332,0.46851,0.3276,0.21084,0.39478,0.30869
0.10923,0.040477,0.060762,0.074551,0.038006,0,0.0024357,0.12757,0.013097,0,0.0048772,0.14986,0,0.063856,0.0076839,0.21123,0.12376,0.12578,0.18938,0.26537,0.3936,0.52745,0.27979,0.61868,0.22551,0.21278,0.32612,0.19716,0.17809,0.23729,0.25252,0.22997,0.39009,0.39594,0.20603,0.2217,0.20723,0.33921,0.23064,0.23892,0.14806,0.27882,0.20173,0.31183,0.16814,0.33515,0.11627,0.14381,0.2818,0.21537,0.40963,0.19343,0.1959,0.26299,0.21813,0.23781,0.27125,0.2488,0.20773,0.36993,0.21309,0.35626,0.22262,0.21375,0.31343,0.1098,0.22902,0.19372,0.23872,0.30764,0.37229,0.36398,0.17806,0.25424,0.30745,0.38101,0.44159,0.22433,0.21507,0.25405,0.24298
0.14723,0.051191,0.086726,0.16127,0.11995,0,0.0087635,0.18603,0.096758,0,0.012612,0.30009,0,0.08672,0.0089959,0.37272,0.23603,0.28599,0.29829,0.52576,0.67268,1.1527,0.54857,1.2223,0.39673,0.3961,0.55225,0.37572,0.41358,0.42048,0.47762,0.41308,0.80359,0.95434,0.37719,0.39369,0.42288,0.63098,0.43417,0.44882,0.25135,0.45188,0.41377,0.58417,0.29905,0.62162,0.2264,0.29284,0.48935,0.40558,0.85271,0.3617,0.39031,0.45773,0.38866,0.55786,0.55169,0.48881,0.34322,0.63901,0.36331,0.66075,0.45745,0.3058,0.74033,0.18747,0.38157,0.37372,0.45911,0.56623,0.67206,0.60802,0.30677,0.48121,0.51429,0.66816,0.71065,0.43669,0.31071,0.50896,0.43595
0.030841,0.012959,0.025076,0.027147,0.0251,0,0.00055943,0.097937,0.01458,0,0.0024848,0.09112,0,0.02915,0.0025925,0.11462,0.066016,0.067446,0.070524,0.13859,0.21359,0.31166,0.13384,0.33879,0.1435,0.10973,0.15745,0.093644,0.11147,0.13657,0.13743,0.12825,0.19482,0.19477,0.10829,0.094397,0.10812,0.1644,0.12521,0.11679,0.081887,0.11349,0.12228,0.15111,0.1072,0.15604,0.049396,0.074201,0.14467,0.10296,0.17629,0.11883,0.095992,0.15118,0.11309,0.10833,0.13012,0.12898,0.1083,0.16935,0.09663,0.14,0.10369,0.080296,0.14052,0.079518,0.093057,0.10324,0.10286,0.13695,0.17768,0.16793,0.091507,0.096005,0.11606,0.1979,0.16155,0.10278,0.069248,0.10683,0.11691
0.11494,0.04198,0.069828,0.11453,0.078366,0,0.0023495,0.10382,0.051116,0,0.0045812,0.1188,0,0.052413,0.0065819,0.23861,0.12242,0.15328,0.21323,0.26084,0.33691,0.57234,0.26974,0.71501,0.21097,0.16957,0.35391,0.18736,0.15039,0.24085,0.26127,0.24209,0.42979,0.42412,0.22737,0.23605,0.23011,0.36259,0.24034,0.24931,0.14335,0.29775,0.22615,0.31141,0.1792,0.34556,0.12886,0.1628,0.2792,0.2286,0.46661,0.20543,0.24928,0.23125,0.23737,0.25155,0.3048,0.24009,0.20443,0.42127,0.22608,0.38164,0.24241,0.18581,0.31729,0.10324,0.26245,0.23305,0.25219,0.36271,0.38983,0.35184,0.21409,0.28116,0.36018,0.46243,0.49668,0.23869,0.2503,0.27548,0.27615
0.049955,0.020613,0.040769,0.15447,0.13177,0,0.00072955,0.13078,0.11557,0,0.0027911,0.16166,0,0.040654,0.0056421,0.22245,0.13853,0.17325,0.16333,0.26116,0.33756,0.65282,0.20862,0.73543,0.22474,0.15567,0.31555,0.16942,0.15697,0.23691,0.25368,0.22374,0.40031,0.40551,0.22501,0.20232,0.22418,0.34047,0.23629,0.24524,0.15082,0.23045,0.23739,0.27776,0.18269,0.31943,0.11661,0.14884,0.25817,0.21077,0.4063,0.22959,0.26203,0.22897,0.25065,0.2276,0.30851,0.21086,0.1988,0.37003,0.179,0.32325,0.20528,0.13591,0.26875,0.099051,0.20153,0.28196,0.23151,0.34035,0.33997,0.27853,0.20791,0.23703,0.30784,0.43705,0.41902,0.2128,0.16873,0.23047,0.262
0.070847,0.022407,0.037075,0.14251,0.11621,0,0,0.14966,0.062317,0,0.0046295,0.20373,0,0.04638,0.0020786,0.27126,0.16342,0.28598,0.18945,0.30154,0.42375,0.72767,0.29015,0.80811,0.27302,0.23293,0.34712,0.24257,0.19358,0.28638,0.31453,0.27537,0.53662,0.55051,0.25824,0.2509,0.2953,0.3832,0.28784,0.2878,0.1717,0.28382,0.28563,0.3635,0.22727,0.37879,0.15821,0.17335,0.31396,0.25848,0.57859,0.28681,0.26933,0.29037,0.28484,0.31443,0.41798,0.25693,0.23118,0.44123,0.22384,0.41365,0.28558,0.18388,0.36245,0.10834,0.23943,0.25416,0.39897,0.39272,0.40213,0.36007,0.21943,0.33213,0.33365,0.49072,0.49468,0.23725,0.20762,0.36186,0.29334
0.10548,0.033896,0.059635,0.22049,0.1605,0,0,0.13503,0.1331,0,0.006319,0.17617,0,0.05093,0.0043906,0.32411,0.18737,0.24261,0.27069,0.38084,0.44802,0.8162,0.34274,0.99849,0.28177,0.21251,0.45431,0.241,0.21998,0.33796,0.38732,0.32343,0.57556,0.59973,0.29683,0.29933,0.3211,0.48711,0.3294,0.33747,0.19325,0.35869,0.34342,0.41838,0.23881,0.46426,0.17481,0.20799,0.37101,0.30296,0.64407,0.29824,0.38452,0.30393,0.33103,0.30926,0.47266,0.33131,0.28302,0.56311,0.28764,0.50503,0.32516,0.21847,0.41213,0.13299,0.31748,0.34449,0.36206,0.57487,0.49911,0.44444,0.27497,0.36174,0.48286,0.66437,0.66247,0.28257,0.29296,0.36214,0.38235
0.11948,0.044534,0.082861,0.13925,0.11351,0,0.0083118,0.1457,0.059478,0,0.012805,0.15492,0,0.062824,0.0084899,0.31243,0.17525,0.20634,0.24897,0.38887,0.53959,0.87132,0.38449,0.98479,0.3188,0.30604,0.46299,0.28899,0.26732,0.33851,0.37759,0.34018,0.58612,0.60383,0.31227,0.30631,0.31147,0.51116,0.35347,0.35404,0.18829,0.36874,0.31411,0.45126,0.24445,0.4879,0.1696,0.22684,0.3917,0.31911,0.62218,0.2936,0.31548,0.34731,0.32668,0.38112,0.43403,0.34604,0.27968,0.55443,0.29099,0.53642,0.3344,0.24216,0.44806,0.15804,0.31255,0.31519,0.33959,0.45718,0.60801,0.49028,0.28217,0.36273,0.44821,0.6083,0.65326,0.34768,0.28705,0.36505,0.36899
0.096702,0.03681,0.060546,0.082679,0.054517,0,0,0.1448,0.035355,0,0.0069738,0.13624,0,0.062973,0.0036544,0.22854,0.13439,0.13451,0.18926,0.30302,0.41774,0.62813,0.30287,0.68999,0.25965,0.23334,0.34053,0.20542,0.22627,0.27396,0.29457,0.25318,0.42543,0.45855,0.22002,0.22358,0.23062,0.37508,0.25961,0.25389,0.15838,0.28479,0.24069,0.34529,0.18382,0.35328,0.12843,0.1646,0.30102,0.22485,0.42477,0.22019,0.22073,0.29077,0.2286,0.24928,0.31305,0.28291,0.22237,0.3973,0.22234,0.36657,0.24543,0.1945,0.33301,0.12271,0.23174,0.21214,0.2498,0.33444,0.40277,0.42191,0.19338,0.25061,0.308,0.42426,0.42415,0.22617,0.20248,0.2621,0.25724
0.057153,0.022764,0.040272,0.086995,0.083221,0,0,0.10304,0.059837,0,0.0022743,0.07892,0,0.024027,0.0040865,0.181,0.088281,0.12737,0.13175,0.17294,0.23469,0.41628,0.14605,0.52731,0.15284,0.098872,0.23472,0.12035,0.098572,0.182,0.18371,0.16857,0.30823,0.27557,0.1675,0.14281,0.16369,0.25083,0.1821,0.16893,0.10084,0.18233,0.16897,0.19562,0.14397,0.21473,0.088322,0.11228,0.18554,0.14686,0.29895,0.16704,0.17862,0.15971,0.18659,0.15336,0.20562,0.1466,0.1349,0.28362,0.13944,0.2338,0.1517,0.10564,0.18653,0.074233,0.15655,0.1758,0.16901,0.22971,0.25734,0.21468,0.17993,0.17039,0.22413,0.34336,0.31163,0.15365,0.15185,0.16188,0.18672
0.065542,0.022878,0.037131,0.11604,0.083999,0,0.016445,0.095332,0.047793,0,0,0.085437,0,0.030983,0.0024153,0.20563,0.11282,0.2035,0.16244,0.19915,0.29764,0.63812,0.26574,0.6615,0.19497,0.16519,0.27036,0.17262,0.13019,0.22332,0.22207,0.22389,0.36528,0.44699,0.19429,0.21213,0.20435,0.291,0.20202,0.21289,0.11214,0.24785,0.21136,0.28817,0.15827,0.28865,0.13513,0.14594,0.22689,0.18278,0.4653,0.19103,0.2079,0.19703,0.23003,0.29657,0.29193,0.20368,0.16783,0.33817,0.17378,0.33691,0.2158,0.14788,0.28689,0.076363,0.20158,0.19651,0.25081,0.29631,0.32437,0.2728,0.16707,0.39224,0.27712,0.37325,0.41159,0.20741,0.1851,0.26824,0.21979
0.11174,0.040345,0.064481,0.14295,0.10259,0,0,0.050181,0.08243,0,0.0018021,0.095837,0,0.043473,0.0077956,0.20492,0.11169,0.14544,0.2069,0.25681,0.29967,0.51664,0.2424,0.65239,0.1826,0.1444,0.33877,0.167,0.12026,0.20111,0.24687,0.20368,0.39309,0.3871,0.20902,0.22135,0.20664,0.34736,0.2115,0.22947,0.12358,0.28595,0.20944,0.28745,0.14641,0.33061,0.12505,0.15633,0.25407,0.225,0.44403,0.18878,0.26293,0.18405,0.22298,0.22694,0.30882,0.20897,0.19061,0.41257,0.20869,0.38114,0.22296,0.16781,0.28771,0.086627,0.24231,0.23949,0.23643,0.37113,0.3761,0.3146,0.20621,0.26004,0.40666,0.46114,0.53227,0.22545,0.26116,0.24939,0.27341
0.12966,0.045842,0.078449,0.20548,0.17146,0,0,0.19268,0.11718,0,0.0053072,0.10892,0,0.043318,0.0080775,0.38216,0.18102,0.26359,0.29734,0.48671,0.507,0.83448,0.42875,1.1688,0.33952,0.21087,0.49794,0.26081,0.27945,0.42357,0.42153,0.36591,0.68936,0.65306,0.33479,0.32512,0.36264,0.54507,0.3671,0.34899,0.19536,0.3862,0.37538,0.43538,0.29397,0.46592,0.18897,0.23977,0.39369,0.30998,0.68518,0.35307,0.43231,0.32836,0.38109,0.3071,0.46856,0.3819,0.29439,0.62117,0.31084,0.52678,0.33759,0.22394,0.4025,0.15905,0.335,0.36612,0.37444,0.54987,0.54963,0.46663,0.34017,0.37713,0.49656,0.98312,0.70437,0.297,0.33773,0.36128,0.4037
0.12945,0.044442,0.067171,0.19858,0.14598,0,0,0.035333,0.036234,0,0.0029516,0.10316,0,0.048345,0.010329,0.24633,0.13389,0.1703,0.23905,0.30777,0.42046,0.55321,0.30616,0.75351,0.20493,0.20608,0.41906,0.2375,0.168,0.24671,0.28656,0.24147,0.49785,0.46631,0.24623,0.27164,0.22752,0.44334,0.25496,0.26605,0.13117,0.30514,0.25652,0.34707,0.17271,0.41383,0.14722,0.18996,0.30269,0.26599,0.55667,0.2445,0.31341,0.22477,0.28549,0.26606,0.37216,0.26266,0.22264,0.51992,0.2566,0.53079,0.25418,0.20993,0.34627,0.10502,0.29104,0.28393,0.30532,0.4435,0.47744,0.37734,0.24973,0.33639,0.46361,0.56974,0.83194,0.25098,0.34811,0.30043,0.33475
0.044393,0.020726,0.051509,0.06387,0.053003,0,0.01068,0.050402,0.036307,0,0.0076919,0.08983,0,0.034027,0.0048035,0.16268,0.096901,0.1284,0.11998,0.2012,0.18516,0.56526,0.1799,0.58896,0.15463,0.11571,0.24986,0.1304,0.098007,0.11479,0.18769,0.17139,0.33224,0.34222,0.20558,0.19518,0.19276,0.28904,0.18502,0.21347,0.098624,0.20766,0.14857,0.21809,0.12671,0.30925,0.091835,0.14259,0.21849,0.18483,0.3885,0.13548,0.15872,0.16339,0.16407,0.30925,0.22445,0.16812,0.1323,0.298,0.14451,0.27598,0.2188,0.13129,0.26196,0.082255,0.17219,0.17751,0.18027,0.23288,0.31282,0.24771,0.15158,0.20869,0.24174,0.29575,0.30897,0.32339,0.1297,0.25004,0.20204
0.078447,0.028186,0.038011,0.060946,0.041838,0,0,0.010913,0.012666,0,0.0015235,0.004234,0,0.020555,0.0053906,0.095193,0.038857,0.057161,0.113,0.10438,0.13148,0.15752,0.11008,0.27247,0.069113,0.056032,0.1636,0.078226,0.042502,0.091507,0.10599,0.092649,0.17927,0.15954,0.089991,0.10074,0.087581,0.16391,0.088433,0.094661,0.044473,0.14041,0.086791,0.12595,0.062451,0.14196,0.056887,0.072253,0.11095,0.096948,0.21257,0.080738,0.11242,0.070565,0.09955,0.086332,0.12887,0.092547,0.076537,0.19962,0.10624,0.19215,0.09651,0.086266,0.12773,0.037981,0.12375,0.09646,0.10811,0.16547,0.177,0.15198,0.10267,0.12764,0.19191,0.23048,0.2937,0.088889,0.16678,0.11464,0.12372
0.055234,0.019919,0.041123,0.062409,0.045306,0,0.0035446,0.060955,0.030778,0,0.0074105,0.094099,0,0.030206,0.00378,0.15345,0.088184,0.17647,0.12644,0.17299,0.19981,0.44082,0.18299,0.4925,0.16723,0.11816,0.22438,0.14283,0.094211,0.13847,0.17797,0.16699,0.30974,0.32559,0.16701,0.17222,0.19934,0.24612,0.16604,0.17851,0.09066,0.1868,0.16,0.22112,0.13434,0.2598,0.08966,0.11245,0.20248,0.16059,0.38762,0.13992,0.14926,0.16226,0.14992,0.23785,0.25904,0.16158,0.12449,0.27507,0.1442,0.25788,0.20788,0.11722,0.2407,0.067404,0.15667,0.15157,0.21677,0.2353,0.25895,0.22632,0.12591,0.21278,0.21082,0.28363,0.29159,0.19713,0.13188,0.29275,0.18102
0.32652,0.12058,0.24594,0.5867,0.44642,0,0.0026721,0.50588,0.32298,0,0.016767,0.69658,0,0.20743,0.023051,1.0451,0.60117,0.74455,0.82745,1.2058,1.5094,2.7123,1.103,3.1528,0.97023,0.77291,1.5045,0.84491,0.68316,1.0406,1.1622,1.042,1.869,1.8111,1.0052,0.9667,1.0454,1.5793,1.1101,1.0941,0.6561,1.1407,1.0476,1.3451,0.81091,1.5205,0.53844,0.68078,1.2062,1.0028,1.9283,0.99824,1.1404,1.0648,1.0784,1.0599,1.3995,1.0053,0.89653,1.805,0.91701,1.6005,1.0355,0.71423,1.3134,0.46993,1.0005,1.0977,1.1194,1.5826,1.6674,1.415,0.92518,1.1107,1.4724,2.019,2.0698,1.0148,0.90667,1.1532,1.2468
