0.15949,0.035415,0.0014034,0.30489,0.29265,0.51373,0.74661,1.0434,1.0914,1.0605,0.76608,0.94207,0.91524,1.0775,1.2307,0.9251,0.99858,0.89719,0.41733,0.14682,0.18326,0.24503,0.076,0.091992,0.062727,0.10518,0.099203,0.13173,0.067004,0.076113,0.098125,0.087066,0.0634,0.085563,0.057503,0.085273,0.075515,0.1357,0.03109,0.092242,0.034133,0.063977,0.084355,0.087884,0.010629,0.025432,0.012696,0.11913,0.12565,0.036226,0.087176,0.061137,0.032654,0.048971,0.019002,0.034221,0.080145,0.0094924,0.042906,0.035421,0.043084,0.013949,0.058328,0.051378,0.025029,0.022591,0.0066211,0.031635,0.026872,0.0012837,0.097892,0.0061771,0.0012431,0.0076018,0,0,0.0023953,0,0,0,0.0028444
0.1126,0.36622,0,0.38886,0.37503,0.38631,0.77604,0.87313,0.92707,0.82907,0.57437,0.77651,0.75275,0.89932,1.436,0.92852,0.99773,1.0129,0.39587,0.14349,0.5537,0.17053,0.045444,0.14181,0.10968,0.38907,0.080672,0.14346,0.057782,0.075907,0.24526,0.086669,0.10945,0.1029,0.14599,0.14327,0.11823,0.13959,0.070835,0.094137,0.064226,0.066762,0.10508,0.13868,0.01411,0.058442,0.014748,0.16202,0.14079,0.05095,0.14377,0.062876,0.061102,0.079113,0.018306,0.023783,0.089654,0.036671,0.045016,0.056766,0.046714,0.0089221,0.054962,0.048987,0.029588,0.015149,0.036888,0.02244,0.022731,0,0.093788,0.0071864,0.00019857,0.021535,0.14535,0.064858,0.0065757,0,0.084497,0,0.021944
0.0040255,0,0.0012967,0.0087578,0.010886,0.012689,0.020601,0.028146,0.028306,0.030533,0.021149,0.024787,0.024923,0.02808,0.030914,0.023913,0.026162,0.02294,0.012658,0.0043962,0.0052236,0.0063807,0.00052675,0.0025684,0.0035725,0.0026422,0.0027669,0.003669,0.0018722,0.002405,0.0025638,0.0022581,0.0014931,0.0026042,0.0015604,0.0022746,0.0015954,0.0037006,0.0009027,0.0020514,0.00081557,0.0014975,0.0021182,0.0025413,0.00025164,0.00092641,0.00023652,0.0030601,0.0032448,0.00073231,0.0017503,0.0016631,0.00062971,0.0011774,0.00087774,0.0009906,0.0022375,0.00017277,0.0010395,0.0009479,0.001141,0.00022786,0.0014836,0.0014135,0.00098532,0.00047242,0.00022689,0.00070611,0.00061398,0,0.0024993,0.0002331,0,0.0001383,0,0,0,0,0,0,9.8021e-05
0.81739,0.32789,0.0081856,4.6556,3.3637,4.8283,7.0876,7.6926,8.3534,6.8545,5.8425,6.1892,6.2135,8.0777,11.107,8.3136,9.841,7.9732,3.7938,1.6986,3.9946,2.2015,1.8128,0.83454,1.0702,1.6454,1.0369,1.449,0.69377,1.1901,2.2025,0.9961,0.95233,0.79448,1.785,1.0606,0.93378,1.4567,0.37946,1.1413,0.68148,0.66431,1.1642,1.2777,0.3669,0.4434,0.35192,1.4256,1.3637,0.5802,1.3977,0.78709,0.47056,0.72452,0.16679,0.51338,0.95194,0.25047,0.36279,0.53525,0.47349,0.26477,0.77741,0.49563,0.57048,0.37038,0.12666,0.21041,0.16472,0.033086,0.94545,0.034215,0.0074393,0.35784,0.43552,0.27986,0.012581,0,0.18523,0,0.086524
0.86271,0.34774,0.011188,3.6988,4.0738,4.0239,6.8686,8.0802,7.3017,7.2362,6.1796,6.2026,6.4442,8.2709,9.8644,7.5415,9.2585,7.1947,3.4437,1.3969,2.5532,2.1058,1.2856,0.86287,0.80623,1.204,1.058,1.38,0.6838,0.95378,1.5787,0.97498,0.80129,0.7962,1.1747,0.90713,0.69339,1.2875,0.35789,0.96987,0.56603,0.60944,0.99507,0.9512,0.21219,0.33777,0.30741,1.2838,1.2953,0.50502,1.1845,0.70742,0.34032,0.58716,0.16035,0.44253,0.73819,0.15098,0.3059,0.39435,0.45254,0.19004,0.53262,0.45922,0.42602,0.3625,0.042417,0.20486,0.15379,0.034363,0.95874,0.036971,0.0050046,0.11738,0.065918,0.17979,0.018011,0,0.018668,0,0.038667
1.2571,0.29732,0.010825,4.407,3.3401,7.8377,9.179,11.114,12.686,11.459,8.4051,9.771,9.4006,11.238,13.794,10.084,11.202,9.5925,4.6013,2.0945,4.1344,2.7628,1.9608,0.89445,1.1964,2.0313,1.0685,1.5769,0.76052,1.1454,2.168,1.0388,0.93134,0.93975,1.8387,1.1033,1.0848,1.6541,0.42743,1.2155,0.57669,0.73167,1.2515,1.3996,0.33015,0.40008,0.31127,1.5544,1.4416,0.62479,1.5174,0.79655,0.51905,0.68231,0.1803,0.5806,1.0249,0.28669,0.4599,0.60135,0.46893,0.2934,0.88555,0.53135,0.57668,0.36925,0.16177,0.32864,0.22853,0.033876,1.0573,0.049132,0.010566,0.37034,0.52088,0.29614,0.014978,0,0.24339,0,0.10463
1.8898,0.61783,0.01818,6.6918,5.8975,9.4949,15.647,17.269,17.383,17.01,13.025,14.611,14.514,17.584,22.005,16.797,18.839,16.003,7.5056,3.0233,6.2734,4.3065,2.5307,1.6142,1.7565,2.472,1.9183,2.7197,1.3022,2.0959,3.5436,1.8418,1.4791,1.5679,2.3689,1.9768,1.6069,2.7493,0.75031,1.9948,0.9832,1.2874,2.0546,1.9456,0.5088,0.66818,0.5597,2.5872,2.5111,1.1481,2.2543,1.3722,0.80594,1.2948,0.3234,0.83328,1.9657,0.4495,1.03,0.88764,0.83586,0.39518,1.33,0.91137,0.83934,0.61952,0.16971,0.5106,0.34883,0.061177,1.7782,0.078394,0.016234,0.40135,0.39413,0.25336,0.02594,0,0.17102,0,0.10591
2.9045,0.76447,0.027316,7.9876,7.63,12.643,18.992,25.532,24.927,25.523,18.928,22.013,21.776,25.821,29.456,22.346,24.863,20.949,9.785,4.0169,5.3634,5.6645,2.4837,2.2989,1.8619,2.9248,2.562,3.5367,1.7616,2.243,2.8403,2.2939,1.8043,2.1874,2.0081,2.2405,1.9657,3.5436,0.86139,2.4523,1.05,1.698,2.3358,2.3105,0.36078,0.73966,0.4839,3.2541,3.2715,1.1183,2.6498,1.6376,0.9203,1.3612,0.44305,0.96836,2.0052,0.32349,1.0432,0.96561,1.0974,0.38106,1.5274,1.2529,0.75397,0.72064,0.14158,0.74214,0.53463,0.081397,2.5001,0.11899,0.025046,0.19871,0.039469,0.06646,0.043936,0,0.0069007,0,0.077449
2.9999,0.80147,0.027125,8.5644,6.8079,14.249,18.876,24.613,27.136,25.072,18.044,21.812,21.274,25.101,30.084,22.26,24.215,21.168,9.9033,4.2507,7.1699,5.718,3.1265,2.1736,2.1655,3.631,2.3587,3.3733,1.6234,2.2783,3.6154,2.1475,1.8554,2.0808,2.8165,2.2814,2.1745,3.5484,0.86268,2.4912,1.0552,1.6252,2.4333,2.6792,0.53238,0.79374,0.5005,3.1831,3.1172,1.1261,2.7781,1.6044,1.0244,1.3782,0.42748,1.0536,2.13,0.45191,1.0283,1.0962,1.0152,0.47601,1.7829,1.2155,0.94658,0.67181,0.27765,0.72835,0.54517,0.060061,2.3461,0.11968,0.024517,0.55228,0.64415,0.28661,0.045884,0,0.30872,0,0.1631
1.4223,0.34973,0.014277,3.429,3.292,6.2803,9.0129,12.297,12.234,12.934,9.2494,10.803,10.676,12.363,13.686,10.352,11.299,9.6338,4.5946,1.8785,2.2839,2.6935,1.0662,1.0551,0.83783,1.3497,1.1506,1.5943,0.80176,0.98202,1.1496,1.0179,0.77253,1.0309,0.80308,0.98288,0.88984,1.6121,0.38621,1.0815,0.41543,0.77512,1.0264,1.0235,0.13094,0.31179,0.1949,1.4582,1.4505,0.49035,1.1584,0.70591,0.41164,0.5684,0.20245,0.42837,0.89882,0.13645,0.48949,0.42491,0.4766,0.16341,0.69759,0.56925,0.31636,0.31233,0.070858,0.36597,0.25339,0.033233,1.1338,0.06094,0.011857,0.071153,0.0061388,0,0.01923,0,0,0,0.034113
1.8152,0.42806,0.017471,5.1637,4.9669,8.1388,12.193,16.112,15.555,16.341,12.871,13.672,13.869,16.122,18.099,13.707,15.539,12.632,6.224,2.6286,3.6945,3.6755,1.7666,1.4261,1.2259,1.9339,1.7238,2.3363,1.1635,1.5152,1.8588,1.506,1.1834,1.43,1.3521,1.4247,1.2416,2.3207,0.54336,1.5507,0.67237,1.0842,1.4955,1.5113,0.25135,0.48553,0.31822,2.0813,2.0956,0.76621,1.8081,1.0404,0.60627,0.84775,0.27515,0.65742,1.2321,0.20012,0.63221,0.61219,0.69377,0.2621,0.97208,0.80421,0.51578,0.50585,0.089743,0.46721,0.32212,0.069319,1.5885,0.077661,0.016069,0.12927,0.0072032,0.025815,0.025132,0,0,0,0.049816
2.2062,0.57197,0.020238,5.4065,4.9274,9.3513,13.518,18.519,18.585,18.863,13.513,16.826,16.015,18.842,21.695,16.552,17.895,15.627,7.0872,2.8488,3.5175,3.9782,1.5326,1.6278,1.2363,2.0024,1.7306,2.4209,1.2131,1.5008,1.831,1.5755,1.2157,1.5349,1.2246,1.5781,1.3864,2.4811,0.57903,1.7322,0.70552,1.1975,1.6124,1.5747,0.22047,0.48055,0.28163,2.2744,2.2902,0.73373,1.7242,1.144,0.63873,0.95372,0.31634,0.62787,1.4758,0.22488,0.80063,0.68364,0.77901,0.25081,1.0869,0.90208,0.48272,0.44553,0.10828,0.55318,0.41409,0.048624,1.7663,0.087562,0.018668,0.11786,0.011362,0,0.032547,0,0,0,0.052461
2.5595,0.66212,0.0243,6.4816,6.1132,10.744,16.036,21.876,21.645,22.261,16.368,19.125,19.187,22.204,25.136,19.02,20.89,17.749,8.3068,3.3911,4.326,4.7678,1.9172,1.9505,1.5227,2.4126,2.1371,2.9676,1.4782,1.818,2.1945,1.8856,1.4719,1.8769,1.5126,1.8571,1.6675,3.0117,0.71107,2.0281,0.80119,1.4485,1.8806,1.92,0.26939,0.59437,0.35772,2.691,2.7285,0.89114,2.1439,1.3416,0.77356,1.1019,0.37864,0.78646,1.6783,0.24915,0.90029,0.78519,0.90525,0.30154,1.3058,1.061,0.57884,0.56832,0.12459,0.64313,0.47061,0.067608,2.1004,0.10438,0.020001,0.15949,0.012868,0,0.040218,0,0,0,0.061916
4.8054,1.2614,0.043658,13.437,12.512,20.482,30.981,41.366,40.726,41.108,30.344,35.881,35.408,42.413,48.814,37.095,41.279,34.945,16.131,6.4919,8.8284,9.3276,4.0888,3.7778,3.0322,4.7679,4.2008,5.7623,2.8919,3.6766,4.826,3.7853,2.9963,3.5746,3.4022,3.7146,3.2558,5.7981,1.4074,4.0703,1.7763,2.8029,3.8535,3.7921,0.60645,1.2182,0.82796,5.3584,5.3963,1.8268,4.3071,2.735,1.5067,2.2773,0.74086,1.5772,3.3529,0.53664,1.7276,1.6003,1.8343,0.63636,2.5368,2.0675,1.2463,1.177,0.23367,1.2072,0.89697,0.11959,4.1177,0.19216,0.040507,0.34177,0.10412,0.15746,0.074512,0,0.009765,0,0.12917
4.5503,1.6699,0.039849,15.317,12.372,20.842,32.142,39.123,40.467,37.728,28.241,34.25,33.231,40.469,56.921,40.303,44.46,39.22,17.608,6.7882,12.749,9.5907,5.2566,4.3352,3.972,8.7919,4.2806,6.1438,2.947,4.4765,8.4234,4.1847,3.7192,3.7689,6.1354,5.0132,3.9122,6.5537,1.8308,4.6233,2.2189,2.9394,4.9384,4.9707,1.1397,1.5878,0.95354,6.4381,6.018,2.5864,5.4234,3.2275,1.8606,3.0104,0.76742,1.7677,4.3737,1.0325,2.1192,2.3033,2.0201,0.85406,3.0501,2.1345,2.0032,1.1971,0.7258,1.1948,0.89842,0.12279,4.1094,0.17714,0.039451,1.0394,1.5462,1.1029,0.069164,0,0.70443,0,0.26626
0.74396,0.23486,0.0067045,2.4938,2.0573,3.3141,5.3368,6.4557,6.513,6.2077,4.6523,5.6839,5.4694,6.6893,8.7664,6.7258,7.3983,6.4064,2.858,1.0934,1.9843,1.5707,0.79626,0.62773,0.59102,0.87838,0.69457,1.0001,0.48835,0.72688,1.1998,0.69723,0.54669,0.58399,0.79446,0.74655,0.58433,1.0562,0.2781,0.76763,0.36835,0.4886,0.75778,0.70948,0.17674,0.23804,0.16552,1.0004,0.96213,0.3755,0.77587,0.53404,0.28668,0.49739,0.1266,0.27961,0.75944,0.16342,0.38157,0.33478,0.33775,0.13284,0.49181,0.35573,0.27555,0.1976,0.061258,0.19715,0.14866,0.019779,0.6857,0.029113,0.0065,0.11199,0.10406,0.072623,0.011252,0,0.032014,0,0.03197
1.0117,0.31795,0.0092414,3.7192,3.182,4.6382,7.5407,9.0493,8.9262,8.5359,6.6447,7.7419,7.5683,9.3783,12.184,9.3209,10.734,8.8904,4.013,1.5619,2.9314,2.2811,1.2617,0.90356,0.87623,1.2971,1.0427,1.4675,0.72454,1.0942,1.8514,1.0288,0.8265,0.8409,1.2765,1.0719,0.84066,1.5611,0.42699,1.1128,0.55217,0.70188,1.092,1.0264,0.25949,0.35948,0.26468,1.4619,1.4008,0.55817,1.2084,0.7829,0.40992,0.71189,0.18011,0.42859,1.0869,0.26055,0.51025,0.47924,0.4915,0.20623,0.70259,0.51059,0.41468,0.31401,0.077215,0.26895,0.20088,0.032748,0.9962,0.039924,0.0088505,0.16165,0.16856,0.14052,0.015075,0,0.047902,0,0.04398
0.87303,0.31001,0.0077826,2.894,2.3749,3.8146,6.1521,7.323,7.494,6.9899,5.1878,6.493,6.176,7.6249,10.322,7.7518,8.5385,7.6403,3.352,1.2336,2.3846,1.812,0.90265,0.7646,0.69667,1.2257,0.78878,1.1341,0.55178,0.8336,1.4713,0.79995,0.64921,0.66867,0.95417,0.91483,0.68726,1.1972,0.3207,0.88126,0.44126,0.55128,0.89775,0.8404,0.2103,0.28584,0.1905,1.1748,1.1115,0.44963,0.91354,0.62849,0.33298,0.58827,0.14616,0.3154,0.89529,0.1984,0.45706,0.40884,0.39628,0.15327,0.56612,0.40438,0.32542,0.21778,0.087417,0.22821,0.1752,0.018904,0.78228,0.034304,0.0077085,0.14717,0.19631,0.12912,0.013593,0,0.086321,0,0.04392
0.26866,0.080156,0.0028411,0.91101,0.75202,1.2105,1.9089,2.2629,2.3195,2.2054,1.691,1.9482,1.9122,2.3286,3.0659,2.2878,2.5498,2.2176,1.0708,0.39828,0.7756,0.5825,0.31256,0.22903,0.22601,0.425,0.25429,0.35517,0.17338,0.27345,0.48695,0.249,0.20073,0.22132,0.34399,0.27513,0.21034,0.38203,0.099951,0.26657,0.13208,0.16687,0.27828,0.28682,0.06686,0.090228,0.060916,0.36259,0.34176,0.15519,0.29448,0.18599,0.10353,0.17196,0.044182,0.10504,0.26294,0.059344,0.13117,0.13393,0.11646,0.049662,0.17736,0.1232,0.11398,0.073495,0.04365,0.069148,0.051515,0.006825,0.23785,0.011469,0.0025135,0.050058,0.059053,0.04167,0.0034096,0,0.026639,0,0.01485
0.064769,0.01991,0.00067615,0.27952,0.20904,0.3776,0.52693,0.63659,0.68225,0.61792,0.48941,0.53665,0.53494,0.64221,0.80997,0.59982,0.68007,0.55929,0.27293,0.14446,0.26889,0.14978,0.11023,0.059614,0.072325,0.12004,0.072911,0.10441,0.048377,0.080073,0.12395,0.067097,0.063876,0.059364,0.10537,0.073574,0.066341,0.10709,0.026553,0.075595,0.040143,0.04846,0.078556,0.08797,0.021345,0.028334,0.017934,0.097323,0.096334,0.039493,0.095113,0.050381,0.034352,0.045037,0.01213,0.034379,0.063659,0.01741,0.027893,0.035315,0.029809,0.016041,0.055944,0.036279,0.034787,0.023169,0.0084016,0.017853,0.012385,0.003099,0.068232,0.002503,0.00039081,0.020005,0.023962,0.0088471,0.00076226,0,0.013122,0,0.0060455
0.13816,0.1313,0.001373,1.1234,0.65296,1.2738,1.8686,1.4526,1.9667,1.2839,1.1755,1.1324,1.1662,1.4925,2.5998,1.8603,2.1813,1.8476,0.90833,0.45953,1.8555,0.47921,0.55253,0.15627,0.34713,0.60962,0.2283,0.34152,0.13843,0.35961,0.85751,0.23625,0.25162,0.17154,0.64473,0.33787,0.2696,0.39234,0.13243,0.27984,0.18223,0.14604,0.33954,0.38401,0.13764,0.12972,0.099872,0.35105,0.30996,0.2594,0.41452,0.18642,0.14943,0.21207,0.034146,0.14139,0.36851,0.1479,0.1691,0.16562,0.092846,0.08089,0.24892,0.1012,0.19049,0.086236,0.059567,0.041538,0.026874,0.0093838,0.17988,0.0054831,0.0010937,0.14564,0.24917,0.11518,0.0019926,0,0.12794,0,0.043021
0.21301,0.046626,0.0019338,0.71386,0.62097,0.98151,1.479,1.7689,1.8084,1.7459,1.3485,1.4767,1.4821,1.8183,2.255,1.6979,1.9572,1.6187,0.78659,0.29514,0.55255,0.50959,0.27556,0.15903,0.17378,0.24634,0.19753,0.27663,0.13919,0.19668,0.33706,0.19603,0.14865,0.16178,0.2468,0.19079,0.15788,0.27864,0.07333,0.20482,0.092493,0.12621,0.20611,0.20183,0.050427,0.068284,0.052122,0.26806,0.25133,0.10123,0.23219,0.14185,0.077067,0.12367,0.032212,0.089838,0.18598,0.037743,0.082406,0.088419,0.086432,0.045872,0.13338,0.093604,0.084438,0.063275,0.016321,0.052169,0.03788,0.0052136,0.1844,0.009449,0.0022698,0.037357,0.037812,0.033271,0.0023877,0,0.010321,0,0.0092206
0.052184,0.0098143,0.0001261,0.46428,0.29944,0.55022,0.68649,0.61263,0.78103,0.54588,0.51194,0.44936,0.47073,0.62955,0.97622,0.67985,0.85507,0.63693,0.33338,0.17157,0.50321,0.21766,0.2733,0.061378,0.13798,0.21993,0.091999,0.13672,0.062109,0.13066,0.30023,0.092911,0.10123,0.066849,0.26638,0.10302,0.1031,0.13982,0.038411,0.11646,0.06453,0.059537,0.12878,0.14547,0.052433,0.047819,0.04568,0.14005,0.12234,0.070884,0.17442,0.07639,0.053428,0.072948,0.011947,0.065124,0.091862,0.034578,0.023925,0.061395,0.03685,0.038755,0.089411,0.040306,0.075836,0.04342,0.02009,0.016632,0.010052,0.0039758,0.075664,0.0020544,0.00082136,0.058994,0.084567,0.054586,0.00021521,0,0.033627,0,0.012015
0.075203,0.036464,0.00073201,0.25448,0.23928,0.29882,0.52133,0.67511,0.64647,0.64311,0.49203,0.56824,0.57016,0.69253,0.95855,0.63811,0.72905,0.64235,0.29084,0.11047,0.16945,0.14955,0.073076,0.1246,0.063364,0.24422,0.08861,0.10331,0.050067,0.077036,0.15022,0.069028,0.073896,0.071333,0.10838,0.094618,0.064408,0.11027,0.030685,0.072439,0.037054,0.050953,0.083461,0.083532,0.013237,0.02626,0.015895,0.10771,0.10613,0.049329,0.10518,0.05105,0.026663,0.04443,0.013519,0.026166,0.062741,0.01761,0.030667,0.036932,0.03438,0.0096319,0.044017,0.036842,0.032659,0.021142,0.01658,0.019167,0.013836,0.002049,0.071488,0.0033242,0.00050285,0.019118,0.028796,0.027046,0.0020574,0,0.016694,0,0.0022622
0.062247,0.034233,0.001236,0.39615,0.27139,0.48519,0.68864,0.66372,0.78183,0.61993,0.5134,0.52386,0.54034,0.67474,1.0661,0.72929,0.85821,0.71047,0.34839,0.16269,0.45691,0.19838,0.19941,0.076916,0.13832,0.25225,0.084413,0.13338,0.05937,0.11492,0.27964,0.089466,0.094112,0.072396,0.22368,0.1135,0.104,0.13928,0.042374,0.10611,0.056284,0.05901,0.11901,0.13811,0.043101,0.047187,0.033093,0.14064,0.12218,0.068737,0.15538,0.070907,0.051029,0.071733,0.013744,0.053597,0.09898,0.037471,0.038808,0.058523,0.036382,0.029535,0.082404,0.038956,0.061514,0.032483,0.02203,0.019167,0.012186,0.003228,0.074335,0.0027109,0.00074784,0.045708,0.093075,0.048945,0.00049377,0,0.04409,0,0.011695
0.076924,0.089502,0.00067374,0.44888,0.29871,0.60716,0.71428,0.76846,0.96618,0.73608,0.59694,0.62536,0.63098,0.78195,1.7392,0.79885,0.93637,0.92128,0.48285,0.19902,0.5914,0.20725,0.23427,0.21849,0.18592,1.1241,0.13141,0.14538,0.06195,0.15732,0.57394,0.09082,0.18435,0.14592,0.51956,0.2255,0.16602,0.21282,0.082589,0.10444,0.071426,0.057221,0.18932,0.29122,0.038584,0.070823,0.028396,0.22941,0.18513,0.16999,0.29367,0.07025,0.068161,0.068248,0.014941,0.055491,0.084386,0.075727,0.034551,0.12112,0.038171,0.026134,0.08238,0.042623,0.09677,0.032472,0.11244,0.020807,0.013985,0.0036649,0.084731,0.0032108,0.00061645,0.083559,0.2472,0.15975,0.0011278,0,0.1411,0,0.022552
0.073332,0.018757,0.00071308,0.28592,0.26529,0.32279,0.56023,0.68034,0.63434,0.63417,0.5378,0.54626,0.56489,0.69632,0.85585,0.63844,0.76076,0.59921,0.292,0.12217,0.22385,0.16796,0.099043,0.080124,0.062881,0.13281,0.096299,0.11402,0.055982,0.089794,0.13697,0.077235,0.069714,0.068627,0.096923,0.082232,0.060136,0.11847,0.031817,0.07835,0.042564,0.051643,0.082996,0.080055,0.016614,0.02706,0.021699,0.10551,0.10688,0.050625,0.10176,0.053937,0.029842,0.046764,0.013554,0.032843,0.072681,0.019102,0.033867,0.033113,0.035562,0.013144,0.047677,0.039535,0.033287,0.027745,0.0068749,0.018854,0.013547,0.0032838,0.077539,0.0030053,0.0006333,0.012289,0.0048783,0.010256,0.0011003,0,0.0026723,0,0.0028093
0.11474,0.039303,0.0011142,0.47079,0.40776,0.56132,0.93589,1.1066,1.069,1.0354,0.85883,0.90041,0.92429,1.1255,1.4474,1.0832,1.2616,1.0151,0.48055,0.20616,0.39456,0.27717,0.17343,0.11008,0.11707,0.17314,0.13435,0.19394,0.091868,0.13984,0.21985,0.12783,0.10831,0.10727,0.16211,0.13203,0.10882,0.19081,0.048757,0.13642,0.068555,0.08894,0.13771,0.13734,0.035657,0.049478,0.033769,0.18155,0.17573,0.068726,0.16193,0.095368,0.055561,0.08769,0.021969,0.05805,0.11739,0.024936,0.053443,0.059471,0.058979,0.026522,0.088067,0.063401,0.054824,0.043195,0.010296,0.03148,0.021954,0.0057954,0.12259,0.0046755,0.00094915,0.024242,0.02506,0.01664,0.0017255,0,0.0092603,0,0.006599
0.054858,0.01488,0.00053441,0.21187,0.18991,0.25446,0.42119,0.51813,0.48356,0.48945,0.40205,0.4241,0.43275,0.53093,0.65259,0.49718,0.58549,0.46426,0.2205,0.089781,0.15033,0.13109,0.074057,0.050143,0.048982,0.069348,0.062004,0.086353,0.044254,0.059846,0.087847,0.058853,0.04749,0.049623,0.065347,0.056611,0.046613,0.083899,0.021047,0.061289,0.030362,0.039937,0.058064,0.057696,0.012978,0.02044,0.01499,0.081745,0.080198,0.029842,0.070329,0.043108,0.022874,0.037136,0.010179,0.025489,0.049791,0.009371,0.022828,0.024976,0.027571,0.01153,0.037429,0.028829,0.022197,0.019554,0.0032169,0.01494,0.010653,0.0024577,0.057606,0.002313,0.0005827,0.0068264,0.0044193,0.0060929,0.00068539,0,0.00028763,0,0.0019299
0.060308,0.018917,0.00066435,0.35174,0.25635,0.3709,0.65608,0.63843,0.65677,0.58017,0.50667,0.50779,0.51509,0.65323,0.95934,0.71617,0.85567,0.67877,0.33656,0.14382,0.37793,0.17927,0.15077,0.074666,0.091757,0.17043,0.096248,0.12721,0.057917,0.14645,0.2496,0.084844,0.082082,0.07427,0.18428,0.10494,0.07764,0.14993,0.044002,0.096676,0.056109,0.059961,0.1093,0.11523,0.033753,0.039023,0.032734,0.13108,0.12151,0.0717,0.12739,0.068921,0.042958,0.068027,0.013875,0.041468,0.11142,0.042033,0.04502,0.054883,0.038792,0.022431,0.067916,0.042584,0.051933,0.033001,0.021451,0.019235,0.011927,0.0035237,0.077015,0.0025944,0.00067173,0.034029,0.036344,0.018314,0.00068438,0,0.017327,0,0.0065228
0.067185,0.052817,0.000612,0.56251,0.36667,0.60662,0.95854,0.6986,0.9006,0.5869,0.53714,0.53531,0.53729,0.74094,1.5599,1.0215,1.2511,1.0353,0.5179,0.19238,0.77876,0.26548,0.29938,0.12582,0.19294,0.53729,0.12687,0.17282,0.073465,0.21568,0.87697,0.12996,0.14546,0.1889,0.50256,0.19791,0.14373,0.25926,0.099751,0.15586,0.086199,0.074681,0.19716,0.37974,0.074116,0.069437,0.058015,0.22167,0.17715,0.16099,0.24417,0.1038,0.072098,0.11635,0.016429,0.074091,0.20279,0.10385,0.13796,0.11212,0.052342,0.045185,0.12131,0.049092,0.11765,0.046475,0.18263,0.02034,0.013586,0.003784,0.090367,0.0026551,0.00060293,0.086675,0.16428,0.10659,0.001048,0,0.077431,0,0.018135
0.068419,0.021421,0.00061864,0.29198,0.2599,0.33361,0.57179,0.64756,0.61398,0.59642,0.49948,0.52867,0.52985,0.66702,0.88943,0.6813,0.79794,0.64602,0.30395,0.11952,0.24624,0.1772,0.10633,0.066354,0.070847,0.09758,0.082106,0.11533,0.056488,0.084147,0.14916,0.089642,0.064641,0.062362,0.10228,0.085614,0.061107,0.11347,0.030902,0.086036,0.045951,0.052685,0.091048,0.078311,0.02449,0.027704,0.021744,0.11386,0.10704,0.04698,0.096539,0.061377,0.031346,0.058482,0.013356,0.035085,0.084067,0.018358,0.040518,0.037606,0.037826,0.016787,0.05367,0.03795,0.03677,0.026603,0.004584,0.019025,0.013031,0.0030976,0.074475,0.0027858,0.00058043,0.010842,0.010769,0.012346,0.0011093,0,0.0019401,0,0.0035639
0.051829,0.028142,0.00042554,0.2904,0.2222,0.31115,0.47772,0.52988,0.55182,0.47089,0.4083,0.42437,0.43027,0.54926,0.82236,0.55573,0.66687,0.5454,0.2549,0.11837,0.27284,0.13979,0.12053,0.073895,0.07753,0.20605,0.077097,0.10165,0.047419,0.084688,0.17367,0.067246,0.080193,0.060707,0.14043,0.087732,0.070113,0.10697,0.031063,0.075285,0.044534,0.045282,0.08529,0.095443,0.022533,0.033487,0.02225,0.10683,0.099674,0.051268,0.11562,0.051101,0.034421,0.048462,0.011302,0.033933,0.059293,0.020914,0.024308,0.039704,0.030373,0.01619,0.051081,0.034807,0.040139,0.024897,0.015307,0.014374,0.010945,0.0029064,0.066091,0.0019348,0.00045206,0.025251,0.047385,0.029533,0.00077026,0,0.023965,0,0.0065049
0.057352,0.021694,0.00060856,0.19864,0.18103,0.25742,0.41521,0.52671,0.50743,0.51523,0.40453,0.43933,0.44986,0.53728,0.68328,0.48675,0.55631,0.4606,0.23044,0.090197,0.15251,0.12474,0.065257,0.058488,0.0489,0.13373,0.062228,0.082547,0.040626,0.062829,0.18493,0.053193,0.049775,0.090082,0.093929,0.060964,0.048555,0.091219,0.023265,0.057345,0.027411,0.03822,0.059088,0.12399,0.010266,0.021004,0.012978,0.084319,0.080852,0.039512,0.072228,0.038517,0.022853,0.032976,0.0099283,0.023128,0.046422,0.010769,0.038248,0.031171,0.024937,0.0093518,0.035762,0.028173,0.023546,0.017481,0.056418,0.014832,0.010916,0.0021309,0.056077,0.0024981,0.00050212,0.009501,0.013261,0.011093,0.00082914,0,0.0070705,0,0.0027473
0.041622,0.033237,0.00039378,0.48193,0.28844,0.54389,0.67741,0.52214,0.7417,0.43343,0.41305,0.3785,0.39151,0.55221,1.2012,0.71506,0.91194,0.70976,0.38677,0.17289,0.61899,0.2055,0.28081,0.095964,0.16315,0.51419,0.094905,0.13471,0.057772,0.16835,0.53129,0.094213,0.12434,0.10143,0.81666,0.14542,0.12122,0.21003,0.082224,0.12075,0.069477,0.057699,0.15653,0.22975,0.060167,0.056837,0.046114,0.17368,0.14698,0.12367,0.21366,0.080792,0.060163,0.082834,0.011533,0.067033,0.12319,0.071151,0.14332,0.0977,0.037401,0.04149,0.099744,0.03687,0.10222,0.040055,0.077403,0.013449,0.0082303,0.003563,0.068558,0.0015535,0.00044071,0.082081,0.14611,0.098241,0.00046515,0,0.067797,0,0.016661
0.067178,0.035501,0.00062472,0.31166,0.24242,0.35519,0.61526,0.63406,0.65389,0.57735,0.47368,0.53085,0.52314,0.65619,1.0682,0.73132,0.83345,0.74064,0.33669,0.13139,0.35305,0.1729,0.1182,0.09118,0.090101,0.24289,0.087637,0.11941,0.054472,0.10434,0.22771,0.085828,0.084545,0.071652,0.15827,0.12518,0.080055,0.13174,0.042796,0.089988,0.05337,0.053939,0.11153,0.10886,0.029956,0.036944,0.022288,0.13399,0.11943,0.071859,0.12703,0.066403,0.040466,0.067202,0.01405,0.036007,0.10412,0.034157,0.051891,0.052472,0.038794,0.018041,0.062559,0.038662,0.048737,0.025016,0.019456,0.019765,0.013789,0.0028749,0.074085,0.0026684,0.00060402,0.027609,0.052724,0.033814,0.00094097,0,0.029129,0,0.0077235
0.055938,0.027547,0.00041203,0.25801,0.17424,0.3284,0.47026,0.5231,0.58603,0.49149,0.38816,0.43854,0.44171,0.54081,0.78383,0.53824,0.61463,0.52318,0.24203,0.1114,0.26489,0.13454,0.11123,0.058362,0.077635,0.16815,0.060262,0.092544,0.042174,0.072586,0.1555,0.057603,0.063532,0.05366,0.12406,0.075275,0.075672,0.096851,0.027086,0.070223,0.036821,0.043525,0.073932,0.090647,0.021727,0.030596,0.017836,0.095661,0.088148,0.040951,0.099376,0.046176,0.033946,0.045096,0.010812,0.031738,0.058865,0.020268,0.025001,0.036847,0.026572,0.016702,0.051681,0.029954,0.03241,0.020426,0.014178,0.015154,0.011118,0.002201,0.056094,0.002061,0.0005268,0.025301,0.054428,0.026012,0.00076489,0,0.027155,0,0.006849
0.097327,0.03149,0.00092532,0.3897,0.31324,0.4848,0.77901,0.91299,0.9259,0.86209,0.70247,0.75984,0.77237,0.93247,1.2713,0.94192,1.1051,0.88242,0.42562,0.1741,0.37323,0.22989,0.14604,0.096738,0.10067,0.20869,0.11494,0.15711,0.073495,0.13571,0.27158,0.10356,0.093851,0.097604,0.20811,0.11994,0.093771,0.21556,0.067373,0.11489,0.055338,0.072291,0.12055,0.13419,0.031364,0.042742,0.027781,0.15789,0.14891,0.076737,0.14363,0.07916,0.047566,0.074363,0.017714,0.047962,0.12254,0.044203,0.062536,0.059781,0.048118,0.022867,0.08017,0.052543,0.051519,0.033362,0.023392,0.026488,0.019382,0.004651,0.10082,0.0038913,0.0008024,0.027428,0.03269,0.021098,0.0013217,0,0.013907,0,0.0064568
0.024476,0.01754,0.00024777,0.11143,0.095577,0.13752,0.23337,0.24361,0.24709,0.22671,0.18054,0.19465,0.20018,0.24846,0.38985,0.27225,0.33178,0.25946,0.12223,0.047386,0.13828,0.066409,0.044041,0.02955,0.033617,0.088899,0.033886,0.044069,0.020238,0.04372,0.1147,0.030959,0.029914,0.027325,0.089431,0.042768,0.028787,0.073954,0.040164,0.032389,0.016958,0.019757,0.039339,0.04238,0.010721,0.013474,0.0089583,0.050251,0.042317,0.029514,0.04815,0.022835,0.015121,0.023455,0.0048504,0.014019,0.046092,0.024206,0.027131,0.018547,0.013453,0.006635,0.023033,0.013458,0.021109,0.009433,0.0077706,0.0069882,0.0045974,0.0011363,0.026779,0.0010477,0.00017949,0.010075,0.01992,0.015263,0.00035952,0,0.010173,0,0.0032048
0.077776,0.024965,0.00060305,0.35895,0.2774,0.41883,0.6645,0.74279,0.7642,0.67993,0.55181,0.62367,0.61147,0.76958,1.0544,0.80484,0.92609,0.76361,0.34914,0.14448,0.31297,0.19866,0.14302,0.074715,0.090159,0.12041,0.08937,0.13206,0.063119,0.10288,0.19194,0.092315,0.077651,0.072137,0.14066,0.096314,0.079931,0.13506,0.034689,0.10903,0.052422,0.063246,0.10354,0.10428,0.03128,0.035626,0.028313,0.13113,0.12425,0.052322,0.11709,0.072378,0.040623,0.069104,0.014985,0.043278,0.096845,0.022378,0.042359,0.046192,0.042666,0.022875,0.070355,0.044786,0.045586,0.030301,0.010703,0.021711,0.015859,0.0033083,0.084954,0.0030135,0.00074682,0.024758,0.026558,0.018829,0.0012289,0,0.0079013,0,0.0051028
0.028323,0.016762,0.00023594,0.21093,0.15932,0.19556,0.32232,0.313,0.31856,0.25703,0.23547,0.24998,0.23772,0.33051,0.49799,0.38007,0.45222,0.37628,0.17025,0.075506,0.20056,0.088288,0.077984,0.037611,0.047063,0.081035,0.047779,0.065309,0.030772,0.05876,0.10447,0.048522,0.045203,0.033934,0.079647,0.056215,0.041246,0.064024,0.017874,0.05159,0.042857,0.030264,0.059156,0.056277,0.017861,0.02033,0.016758,0.070466,0.06559,0.029533,0.063512,0.04038,0.020971,0.038166,0.0076879,0.021383,0.048266,0.013796,0.021358,0.027738,0.023853,0.0099772,0.031274,0.021921,0.026993,0.017156,0.0050617,0.0092814,0.0061159,0.0016253,0.042759,0.0010751,0.00022764,0.012752,0.017195,0.012982,0.00045292,0,0.0093825,0,0.0046877
0.038666,0.012691,0.00031553,0.14976,0.12494,0.18071,0.3074,0.36865,0.35736,0.3493,0.27654,0.30903,0.31304,0.37986,0.48049,0.36719,0.41868,0.3424,0.15666,0.066388,0.11707,0.087744,0.052404,0.037669,0.035939,0.047283,0.042222,0.061712,0.029481,0.045736,0.065921,0.040519,0.033477,0.034462,0.048177,0.041381,0.035511,0.060918,0.015167,0.045333,0.022042,0.032802,0.043457,0.042036,0.010767,0.015198,0.010812,0.059006,0.057807,0.020013,0.049176,0.031629,0.017503,0.029112,0.0073595,0.017697,0.039215,0.0077233,0.01755,0.018785,0.019456,0.0081902,0.029086,0.020787,0.016238,0.013577,0.0028195,0.010825,0.0073877,0.0016288,0.039359,0.0015046,0.00027535,0.0079725,0.0059518,0.0036961,0.00077125,0,0.0013363,0,0.0015132
0.056284,0.022053,0.00049273,0.28975,0.22522,0.34125,0.5416,0.55986,0.5907,0.51064,0.42114,0.45939,0.44868,0.57655,0.89122,0.62872,0.71914,0.61558,0.28842,0.11881,0.3005,0.1582,0.12514,0.068119,0.080018,0.17272,0.074914,0.10549,0.04732,0.092044,0.19213,0.077307,0.069612,0.058819,0.14429,0.094465,0.066592,0.11215,0.03334,0.081932,0.047568,0.047977,0.10668,0.093712,0.030094,0.031108,0.023893,0.11494,0.10189,0.055552,0.10822,0.059289,0.035535,0.058808,0.011524,0.035736,0.084231,0.025258,0.037389,0.045325,0.033739,0.018209,0.055699,0.033482,0.046954,0.025409,0.014249,0.016769,0.010915,0.0025891,0.064392,0.0021626,0.00047993,0.026007,0.038695,0.02793,0.00079424,0,0.018196,0,0.0064763
0.070645,0.035063,0.00071221,0.38311,0.25937,0.45979,0.61789,0.6672,0.78355,0.61346,0.51273,0.54051,0.55189,0.68354,1.0807,0.70918,0.81438,0.69425,0.35815,0.16029,0.40945,0.18663,0.17031,0.082138,0.11187,0.32008,0.087056,0.12675,0.056648,0.1169,0.44583,0.080107,0.093851,0.1487,0.25515,0.11108,0.098368,0.1504,0.043272,0.099417,0.054518,0.055911,0.1129,1.5843,0.034502,0.043004,0.02699,0.14413,0.12699,0.075657,0.14854,0.065515,0.048971,0.061917,0.013634,0.047301,0.083073,0.032534,0.38453,0.067823,0.036212,0.025995,0.073307,0.12088,0.059245,0.029353,0.13228,0.018326,0.013352,0.0034324,0.076197,0.0027872,0.00064038,0.044308,0.080228,0.046545,0.00090103,0,0.04173,0,0.01133
0.0081957,0.003422,6.7645e-05,0.10552,0.055499,0.10403,0.15499,0.099932,0.14935,0.075279,0.081793,0.072587,0.074275,0.10485,0.23769,0.16945,0.19748,0.16664,0.08008,0.037307,0.14077,0.044727,0.058879,0.012485,0.033489,0.040676,0.01733,0.031565,0.012222,0.032846,0.083465,0.02403,0.021253,0.011809,0.064092,0.02932,0.022615,0.033718,0.0105,0.028604,0.016597,0.013736,0.034776,0.033094,0.019627,0.011504,0.0093898,0.033416,0.026876,0.017121,0.036175,0.021196,0.013758,0.02306,0.0026705,0.014502,0.034539,0.011082,0.013238,0.01666,0.0094595,0.009007,0.02398,0.0085355,0.02025,0.0082835,0.0045391,0.0032033,0.0017289,0.00093502,0.013847,0.0003037,7.0172e-05,0.015936,0.021761,0.011516,0.00011545,0,0.0084149,0,0.0032969
0.019914,0.014394,0.00025291,0.12951,0.08972,0.12803,0.20671,0.20806,0.22612,0.18204,0.16045,0.16068,0.16643,0.2139,0.33628,0.23178,0.27782,0.23002,0.10975,0.050292,0.13473,0.061507,0.054533,0.025153,0.037235,0.075825,0.028664,0.04448,0.019549,0.038565,0.079412,0.027606,0.032076,0.024538,0.061487,0.036721,0.032342,0.046666,0.013401,0.033085,0.019185,0.019691,0.036507,0.041891,0.011683,0.019523,0.0097384,0.045762,0.041163,0.020089,0.04767,0.022407,0.016485,0.022921,0.0045126,0.015242,0.027205,0.0097395,0.010204,0.017524,0.012583,0.0078771,0.023777,0.014387,0.017049,0.010283,0.0068058,0.0057355,0.0044449,0.0011794,0.02616,0.00093329,0.00021811,0.012407,0.026101,0.011772,0.00024225,0,0.013415,0,0.0034005
0.0092277,0.0033716,5.9937e-05,0.095413,0.075794,0.09246,0.16072,0.12635,0.13235,0.10563,0.097617,0.087409,0.092975,0.13495,0.18746,0.1496,0.18988,0.1423,0.068778,0.029548,0.096285,0.04358,0.048355,0.014133,0.024239,0.028219,0.021336,0.02818,0.013307,0.030028,0.061587,0.020112,0.019783,0.014073,0.046306,0.020563,0.017501,0.028154,0.0082708,0.024407,0.014679,0.013003,0.026028,0.024404,0.0088514,0.0090395,0.013797,0.028169,0.025864,0.016935,0.031407,0.016462,0.0094611,0.016003,0.0028409,0.011712,0.022451,0.0070344,0.0089967,0.010976,0.0085792,0.0067521,0.0165,0.0089796,0.014343,0.0098493,0.0021965,0.0032107,0.0019403,0.00062528,0.017675,0.00038109,0.00011492,0.0094673,0.0097927,0.0083509,0.00012313,0,0.0027891,0,0.0015069
0.092605,0.039615,0.00082935,0.41336,0.33854,0.4938,0.79456,0.90872,0.90024,0.84523,0.68283,0.75496,0.74801,0.93404,1.3536,0.96697,1.1216,0.93848,0.43784,0.17149,0.36196,0.2397,0.15856,0.10242,0.11017,0.24383,0.11095,0.16203,0.077614,0.1286,0.25167,0.11264,0.10159,0.097788,0.18653,0.13222,0.10039,0.17113,0.049618,0.12089,0.066014,0.075895,0.13392,0.13938,0.03369,0.04543,0.030126,0.18493,0.15695,0.073075,0.15334,0.088578,0.049694,0.082594,0.018356,0.049628,0.11106,0.030924,0.049767,0.066014,0.053176,0.023697,0.076876,0.051812,0.056069,0.035419,0.023351,0.027116,0.01826,0.0042955,0.10212,0.003764,0.00081008,0.025361,0.048547,0.035143,0.0012638,0,0.022052,0,0.0078308
0.10824,0.038146,0.00097455,0.43819,0.3785,0.50751,0.85462,1.0124,0.97698,0.93173,0.76189,0.84244,0.84049,1.0424,1.4022,1.0306,1.191,0.98403,0.45733,0.18811,0.35417,0.24906,0.15349,0.11184,0.10606,0.21805,0.12455,0.1738,0.084384,0.13211,0.22289,0.11735,0.10503,0.10391,0.17492,0.1306,0.10251,0.17886,0.046304,0.12694,0.068094,0.082397,0.13155,0.13609,0.030028,0.045285,0.030655,0.17393,0.17411,0.071981,0.15283,0.090202,0.050288,0.081852,0.020851,0.051001,0.10805,0.025109,0.049457,0.060857,0.056259,0.023949,0.079381,0.059203,0.053286,0.038445,0.017997,0.029283,0.021563,0.0046365,0.11492,0.004148,0.00090389,0.023843,0.026805,0.022814,0.0016386,0,0.012361,0,0.0058304
0.02871,0.012701,0.00020234,0.17152,0.13577,0.20236,0.35947,0.3184,0.32469,0.28977,0.25628,0.24831,0.25255,0.32465,0.55442,0.37006,0.43662,0.36621,0.19105,0.070948,0.27268,0.092285,0.081816,0.047822,0.054897,0.1842,0.054277,0.062533,0.028887,0.071717,0.18635,0.047381,0.049703,0.046719,0.13541,0.072292,0.043813,0.084796,0.029712,0.04918,0.028207,0.026244,0.065984,0.074591,0.017598,0.020333,0.018465,0.074501,0.066222,0.076779,0.081746,0.031113,0.021942,0.034936,0.00654,0.022145,0.072455,0.028585,0.039871,0.034921,0.01838,0.010963,0.038265,0.01934,0.036609,0.016648,0.022483,0.0093473,0.0059185,0.0018754,0.038529,0.0010975,0.00037771,0.019266,0.033612,0.026612,0.00019969,0,0.017844,0,0.0044636
0.053966,0.027994,0.00037776,0.32274,0.24873,0.38387,0.55134,0.58927,0.62569,0.5347,0.47238,0.45578,0.47458,0.59788,0.90808,0.59724,0.7383,0.58117,0.28318,0.13347,0.34036,0.16535,0.15725,0.079646,0.096932,0.24856,0.085218,0.11509,0.053177,0.099526,0.22076,0.07605,0.087553,0.066707,0.18273,0.099823,0.083047,0.12398,0.037862,0.085967,0.047382,0.05037,0.10041,0.11439,0.029044,0.037686,0.026749,0.12211,0.10982,0.063851,0.14694,0.058292,0.040792,0.054349,0.011455,0.042672,0.075777,0.030606,0.026294,0.047276,0.032652,0.023358,0.061248,0.03539,0.049111,0.030053,0.019202,0.016081,0.010615,0.0037341,0.069419,0.0020918,0.00057483,0.033937,0.064611,0.042238,0.00064902,0,0.031412,0,0.0078215
0.053889,0.017432,0.00051108,0.25878,0.21152,0.28693,0.47786,0.51852,0.51452,0.46395,0.38705,0.43058,0.42286,0.54058,0.76945,0.58534,0.68111,0.56931,0.25466,0.10066,0.21796,0.14383,0.098064,0.055043,0.062983,0.084663,0.064315,0.096509,0.04641,0.076672,0.13363,0.068845,0.055099,0.050651,0.098386,0.074297,0.054945,0.097287,0.025567,0.075663,0.042894,0.046129,0.078324,0.071839,0.024231,0.025223,0.019964,0.10044,0.092295,0.034604,0.083,0.060555,0.028752,0.052769,0.010909,0.030508,0.073417,0.017018,0.030388,0.036148,0.034082,0.016166,0.047721,0.031093,0.032414,0.021886,0.0052511,0.015877,0.010923,0.0024239,0.060843,0.0021097,0.00048541,0.015447,0.016703,0.014354,0.00077559,0,0.0051661,0,0.0035946
0.024581,0.014467,0.00016526,0.13213,0.086901,0.15968,0.23968,0.24887,0.28056,0.23105,0.19261,0.20531,0.20822,0.25433,0.37883,0.26834,0.30456,0.25759,0.12106,0.058616,0.1492,0.066735,0.058574,0.024552,0.038709,0.070153,0.030389,0.048018,0.021031,0.040813,0.079267,0.030027,0.031695,0.025665,0.062569,0.038667,0.034496,0.049924,0.014458,0.036267,0.019024,0.021801,0.040091,0.045859,0.013432,0.015848,0.0097986,0.048122,0.043943,0.020841,0.049604,0.024555,0.019412,0.024548,0.0050373,0.016627,0.033482,0.0108,0.013669,0.018801,0.013476,0.0092108,0.027487,0.015501,0.018077,0.010779,0.0062644,0.0072721,0.0051035,0.0013785,0.028214,0.0009863,0.0002551,0.013693,0.023851,0.0099193,0.00032951,0,0.01195,0,0.0036756
0.039095,0.019865,0.00032772,0.21575,0.15901,0.22261,0.40837,0.39037,0.4003,0.33835,0.28563,0.32512,0.31456,0.40767,0.65004,0.49376,0.56093,0.48263,0.21325,0.0815,0.22456,0.11358,0.084815,0.043388,0.057709,0.074495,0.050504,0.080373,0.036212,0.068541,0.13567,0.059413,0.047326,0.039276,0.091361,0.068101,0.048601,0.082774,0.023784,0.065429,0.036719,0.038455,0.070364,0.061492,0.023876,0.023369,0.017577,0.084823,0.075854,0.035191,0.070089,0.047794,0.026034,0.052044,0.0090227,0.02538,0.071735,0.017736,0.033498,0.032638,0.027359,0.014025,0.043514,0.025613,0.031138,0.017557,0.0060815,0.01242,0.0083561,0.001983,0.04729,0.0014951,0.00035056,0.017457,0.022137,0.013539,0.00067077,0,0.007899,0,0.0042381
0.015325,0.0046438,0.00024681,0.050176,0.04387,0.059427,0.10305,0.12836,0.12543,0.12174,0.093656,0.10894,0.1092,0.13398,0.16741,0.12697,0.14337,0.12114,0.055351,0.022176,0.036527,0.029885,0.014033,0.013337,0.01117,0.016476,0.014788,0.020342,0.010027,0.014123,0.019352,0.013708,0.01115,0.011946,0.012851,0.014384,0.011772,0.019919,0.004969,0.014334,0.0074723,0.009821,0.013929,0.013679,0.0027933,0.0046479,0.0031523,0.019044,0.019521,0.0066553,0.014924,0.0099812,0.0053969,0.0091151,0.0034857,0.0052717,0.01286,0.0022109,0.0066275,0.0061212,0.0065436,0.0021252,0.0091121,0.0071589,0.0047641,0.0041864,0.00091266,0.0039062,0.0029728,0.00036638,0.013795,0.00059324,0.00014164,0.0015865,0.00086854,0.00070432,0.00024563,0,0.00025593,0,0.0005759
0.026336,0.0057569,0.00026579,0.14737,0.11553,0.1826,0.25335,0.26772,0.295,0.24581,0.21353,0.20633,0.21643,0.27218,0.36795,0.26758,0.32555,0.24945,0.12558,0.059973,0.14433,0.079532,0.072992,0.024633,0.041566,0.058389,0.034193,0.05129,0.02396,0.040278,0.083278,0.03436,0.031944,0.026555,0.071272,0.035175,0.032973,0.051465,0.013705,0.039501,0.019832,0.022535,0.041218,0.045285,0.014474,0.01498,0.012401,0.049132,0.045563,0.021504,0.053049,0.026637,0.016998,0.024467,0.0050304,0.020991,0.032294,0.0095401,0.011346,0.018698,0.014562,0.011032,0.028893,0.015512,0.021704,0.013609,0.0044688,0.0071013,0.0047617,0.0015852,0.030482,0.0010432,0.00023835,0.013957,0.018,0.012083,0.00029665,0,0.0068614,0,0.0030887
0.053276,0.018745,0.00051856,0.23604,0.16646,0.27843,0.51624,0.47885,0.51513,0.44551,0.34567,0.41891,0.39893,0.49978,0.78637,0.62775,0.71312,0.61161,0.27151,0.095923,0.32492,0.14222,0.088934,0.051017,0.066304,0.076697,0.065359,0.089589,0.040426,0.093478,0.19688,0.071114,0.048214,0.046038,0.11314,0.087859,0.052825,0.11357,0.038919,0.076351,0.038667,0.043133,0.083918,0.068697,0.029777,0.023095,0.020533,0.094971,0.08338,0.060772,0.081371,0.055368,0.029567,0.059731,0.0106,0.027894,0.14606,0.04436,0.063815,0.0378,0.031163,0.016168,0.05799,0.028846,0.036922,0.017719,0.0066698,0.01621,0.010853,0.0017118,0.053309,0.0021742,0.00047095,0.018921,0.02169,0.01228,0.00079978,0,0.0075914,0,0.0046099
0.0068791,0.0083586,4.3652e-05,0.067706,0.037116,0.084905,0.1287,0.084215,0.11915,0.073731,0.061205,0.069589,0.064563,0.087205,0.20238,0.14727,0.18636,0.14776,0.066804,0.028599,0.14216,0.031464,0.036494,0.015611,0.027365,0.075033,0.018727,0.020747,0.0082947,0.038444,0.10991,0.01693,0.01854,0.011643,0.071236,0.031421,0.019828,0.044664,0.022282,0.019234,0.012049,0.0092609,0.027433,0.02933,0.010416,0.0090137,0.0070136,0.028829,0.021122,0.026138,0.035829,0.013991,0.010397,0.016099,0.0019866,0.0089834,0.048361,0.036873,0.021901,0.014018,0.0063837,0.0059338,0.018288,0.0049138,0.013428,0.0046968,0.0064965,0.0029637,0.0014656,0.0004393,0.0099507,0.00025617,8.4235e-05,0.01049,0.02756,0.01384,7.45e-05,0,0.01498,0,0.0032635
0.033792,0.011152,0.00028543,0.10658,0.081727,0.14803,0.32049,0.29515,0.29464,0.28746,0.21015,0.26926,0.25355,0.30511,0.45144,0.37369,0.39664,0.36994,0.16048,0.049797,0.17665,0.07466,0.027443,0.029545,0.030801,0.037207,0.036083,0.048324,0.02196,0.044751,0.15869,0.040609,0.023419,0.044941,0.15595,0.051878,0.026582,0.068674,0.027142,0.039567,0.020272,0.022871,0.044133,0.37676,0.013523,0.010263,0.0097487,0.050422,0.045217,0.039622,0.033453,0.027153,0.014302,0.033048,0.0064721,0.011612,0.075609,0.023802,0.18179,0.019031,0.017204,0.0047531,0.030692,0.035348,0.017324,0.0075192,0.029517,0.010443,0.006908,0.00088698,0.030413,0.0013119,0.00030562,0.0037811,0.0030727,0.0010716,0.00049018,0,0.0015587,0,0.0020973
0.027636,0.013931,0.00025784,0.15577,0.10437,0.19174,0.27361,0.27064,0.31118,0.24719,0.20158,0.22776,0.21906,0.27998,0.48606,0.32479,0.36904,0.32781,0.16231,0.062457,0.1714,0.079357,0.069763,0.035248,0.046013,0.1292,0.03495,0.053271,0.023801,0.054043,0.12777,0.037337,0.037893,0.036283,0.10531,0.051968,0.03881,0.065033,0.018381,0.042742,0.026081,0.024251,0.053,0.065829,0.016858,0.017461,0.011782,0.066256,0.055118,0.034379,0.059584,0.031997,0.019487,0.031897,0.0059217,0.018956,0.044367,0.015092,0.018853,0.033314,0.017533,0.010636,0.030884,0.016374,0.027104,0.01197,0.019026,0.008751,0.0056854,0.0012302,0.031058,0.0010695,0.0002682,0.018141,0.030655,0.019929,0.0003357,0,0.0148,0,0.0046051
0.030483,0.010395,0.00028144,0.12496,0.10861,0.13559,0.23364,0.27892,0.26132,0.25143,0.20716,0.23535,0.22902,0.29102,0.38657,0.29715,0.34322,0.28813,0.12799,0.047807,0.087132,0.070346,0.037971,0.029755,0.02594,0.036925,0.034037,0.047907,0.023826,0.034639,0.054087,0.034057,0.026287,0.026322,0.036558,0.034841,0.025379,0.047468,0.012091,0.035802,0.020338,0.022777,0.035777,0.031872,0.0086801,0.011369,0.0083511,0.048398,0.046206,0.016409,0.037318,0.027357,0.012666,0.024247,0.0057404,0.013387,0.033168,0.0062325,0.015455,0.015899,0.018522,0.0063039,0.020791,0.016137,0.01315,0.010597,0.001643,0.0083694,0.0062028,0.0012223,0.032274,0.0011718,0.00025169,0.003754,0.002342,0.0041226,0.00048034,0,0.00019395,0,0.0012201
0.0099172,0.0019951,5.6479e-05,0.070214,0.045832,0.085246,0.111,0.097323,0.12312,0.086623,0.078645,0.076141,0.076659,0.10145,0.16423,0.11744,0.14471,0.11198,0.054846,0.025851,0.076279,0.037516,0.040128,0.0083765,0.02116,0.025404,0.012642,0.021648,0.010013,0.020127,0.046918,0.015187,0.01408,0.0099191,0.040752,0.016282,0.01603,0.022668,0.0059918,0.019288,0.0085484,0.0096346,0.019403,0.022991,0.008305,0.0071519,0.0066045,0.021673,0.019765,0.0098348,0.026825,0.013039,0.0086991,0.01249,0.0018734,0.010191,0.017292,0.0058213,0.0042906,0.0096921,0.0063345,0.008254,0.015145,0.0064093,0.011537,0.0061564,0.0028004,0.0028025,0.002038,0.00056465,0.011784,0.00038974,0.00012332,0.0095795,0.012613,0.0079244,4.9739e-05,0,0.0045188,0,0.0014753
0.03611,0.010702,0.00032022,0.17952,0.11185,0.22404,0.32528,0.33969,0.40157,0.32201,0.25398,0.28733,0.28908,0.35216,0.51073,0.37861,0.4293,0.36017,0.17056,0.078508,0.2044,0.094989,0.080615,0.033334,0.051408,0.069731,0.039929,0.062594,0.028302,0.053065,0.10968,0.042282,0.038684,0.033031,0.085311,0.049162,0.043192,0.069202,0.018112,0.051656,0.023333,0.029795,0.05168,0.056457,0.019254,0.018798,0.014053,0.061223,0.057047,0.02989,0.061251,0.033517,0.022606,0.033744,0.0069945,0.023242,0.054006,0.015623,0.024125,0.024505,0.018193,0.013188,0.043976,0.020567,0.026372,0.013729,0.0066189,0.010053,0.0072968,0.0015298,0.03746,0.0014094,0.00031693,0.019247,0.024812,0.011409,0.00054652,0,0.0096917,0,0.0041268
0.036299,0.010886,0.00034816,0.13061,0.11006,0.15341,0.25438,0.31798,0.31243,0.29988,0.2398,0.27214,0.26804,0.32755,0.40788,0.31251,0.35604,0.2936,0.1352,0.058101,0.094837,0.076074,0.041473,0.03184,0.027735,0.041173,0.037786,0.051426,0.024877,0.037971,0.050657,0.034119,0.030081,0.029695,0.035988,0.034673,0.028569,0.051759,0.012077,0.037526,0.018664,0.0243,0.035453,0.10624,0.007821,0.012981,0.0087284,0.04709,0.048554,0.017241,0.04039,0.024922,0.014548,0.022666,0.0062712,0.014241,0.030658,0.0047905,0.031709,0.014827,0.016114,0.0063693,0.023472,0.04049,0.013608,0.011089,0.0023745,0.0090003,0.0070467,0.0012774,0.036178,0.0014457,0.00023685,0.0057217,0.0026281,0.00093974,0.00057973,0,0.0005588,0,0.0013015
0.017253,0.0064148,0.00023679,0.14668,0.099616,0.16245,0.22858,0.1867,0.23739,0.1626,0.15005,0.14208,0.14268,0.19264,0.37349,0.23619,0.28213,0.23053,0.12205,0.054356,0.17417,0.066954,0.076131,0.027538,0.042729,0.091203,0.03104,0.043387,0.018688,0.04518,0.11845,0.032254,0.033845,0.024215,0.097351,0.042645,0.030159,0.049515,0.018482,0.037267,0.022424,0.01852,0.048508,0.050803,0.018103,0.015008,0.013602,0.049719,0.042638,0.031841,0.054685,0.025348,0.016553,0.026886,0.0040718,0.01944,0.038287,0.012772,0.015162,0.023946,0.012812,0.011186,0.029364,0.013277,0.042067,0.01223,0.010855,0.0050656,0.003219,0.0010972,0.023935,0.00075467,6.954e-05,0.024052,0.024242,0.024348,0.00023375,0,0.010044,0,0.0042155
0.011672,0.0024618,8.5097e-05,0.07138,0.063533,0.077965,0.12646,0.13375,0.12628,0.12032,0.1103,0.098292,0.105,0.13636,0.16728,0.12695,0.16013,0.11563,0.058985,0.027134,0.059098,0.037607,0.032672,0.013362,0.016913,0.022939,0.019392,0.025622,0.01234,0.021519,0.03507,0.017491,0.015735,0.013475,0.028591,0.016407,0.014247,0.024034,0.0061906,0.018567,0.010682,0.011606,0.019675,0.018866,0.0055506,0.0067847,0.0070012,0.023541,0.023058,0.010853,0.025082,0.012829,0.0073983,0.011363,0.0026819,0.0091364,0.013772,0.0033486,0.0049326,0.0079266,0.0077388,0.004474,0.011458,0.008109,0.0091671,0.0081479,0.0011788,0.0034675,0.0021164,0.00083686,0.015979,0.00046604,0.00010926,0.0045001,0.0038106,0.0039165,0.00014524,0,0.0010429,0,0.00088104
0.0037952,0.0066505,4.5341e-05,0.02708,0.0082475,0.037895,0.038431,0.029153,0.057902,0.030284,0.02171,0.026504,0.025536,0.030034,0.11252,0.043662,0.043684,0.051493,0.038866,0.010916,0.045288,0.010762,0.016771,0.011625,0.012725,0.088124,0.0053309,0.0067756,0.0022522,0.015518,0.15289,0.0033437,0.010733,0.048246,0.061295,0.014156,0.010971,0.018695,0.0056576,0.0072762,0.0034965,0.0026741,0.012241,0.094325,0.0033744,0.0049819,0.0017322,0.017218,0.011975,0.01626,0.017779,0.0034147,0.0047701,0.0043664,0.00064864,0.0033284,0.0057512,0.0051385,0.021482,0.013978,0.0013311,0.0022578,0.0061283,0.0019264,0.0090268,0.0013078,0.067672,0.00091922,0.00083309,3.0443e-05,0.0029305,0.0001934,4.0159e-05,0.0088341,0.018992,0.012163,4.1014e-05,0,0.01039,0,0.0018005
0.015681,0.0034986,0.00012203,0.038904,0.034447,0.066572,0.099991,0.13215,0.13135,0.13526,0.09774,0.11709,0.11399,0.13418,0.16019,0.12152,0.13158,0.11625,0.053243,0.02006,0.02731,0.029747,0.012007,0.011622,0.0095743,0.014101,0.012643,0.017915,0.0090455,0.012034,0.014725,0.012,0.0087158,0.010968,0.0092098,0.012436,0.01014,0.018307,0.0043999,0.012763,0.0055444,0.0088783,0.012458,0.011301,0.0020593,0.0036307,0.0021896,0.017291,0.016849,0.0058462,0.012877,0.0089285,0.0047886,0.0077113,0.0024008,0.0045739,0.012087,0.0020271,0.0065725,0.0055597,0.0058636,0.001954,0.0080494,0.0063146,0.0036427,0.0033267,0.00079492,0.0044397,0.0029693,0.00030353,0.012526,0.0006355,0.00019247,0.00084785,0.00013154,0,0.00020826,0,0,0,0.00042303
0.014624,0.0038908,0.00011649,0.033436,0.028389,0.050823,0.074995,0.10452,0.10794,0.10282,0.073981,0.096223,0.091578,0.10945,0.13224,0.1006,0.10789,0.097981,0.043547,0.015278,0.019398,0.023713,0.0079664,0.0092106,0.0066825,0.010406,0.0099733,0.013716,0.0070807,0.0081918,0.010798,0.0090237,0.0072858,0.0088621,0.0061877,0.0095249,0.0081677,0.014707,0.0031779,0.010236,0.0040109,0.006652,0.0089026,0.0090388,0.0012202,0.0030891,0.0014527,0.012783,0.013622,0.0040639,0.0093312,0.0067434,0.0036894,0.005696,0.0020059,0.0033671,0.008885,0.0011006,0.0047731,0.0039655,0.0047709,0.0015599,0.006414,0.0054277,0.0025413,0.0022291,0.00079093,0.0032598,0.0031014,0.00015505,0.010577,0.00056278,0.00016637,0.00090909,9.8537e-05,0,0.00019881,0,0,0,0.00029172
0.00064404,0,0,0.0061919,0.0058482,0.0069457,0.012126,0.01467,0.010963,0.012432,0.014678,0.010417,0.012129,0.013455,0.016663,0.01234,0.016216,0.009747,0.0053191,0.0035244,0.0062446,0.003009,0.0029051,0.0012575,0.001632,0.002514,0.0022288,0.0033382,0.0015061,0.0022312,0.0027728,0.0019777,0.0017837,0.001595,0.0024697,0.0018309,0.0014907,0.0032535,0.00072417,0.0019686,0.00098269,0.0013522,0.0019468,0.0021423,0.00060841,0.00075569,0.0004316,0.0027723,0.0027003,0.0011872,0.0030264,0.0013797,0.00091877,0.0012462,0.00022792,0.0010334,0.001292,0.00030414,0.00056502,0.00079109,0.00086678,0.00039847,0.0012397,0.00090715,0.00079857,0.00081264,2.6646e-05,0.00030722,0.00014294,0.00028728,0.0018056,1.1167e-05,1.7459e-07,0.00024431,8.9942e-06,0,0,0,0,0,5.9563e-05
0.044987,0.013557,0.00040044,0.16207,0.14946,0.19857,0.32286,0.41275,0.39227,0.38851,0.3081,0.34661,0.34517,0.42434,0.5108,0.39185,0.45186,0.36946,0.1698,0.071079,0.10965,0.097483,0.050642,0.040188,0.034425,0.053241,0.048206,0.06468,0.032335,0.044669,0.060655,0.043554,0.037154,0.038448,0.043528,0.043218,0.0348,0.064602,0.015632,0.046303,0.023682,0.029929,0.044351,0.043562,0.0082531,0.015353,0.011176,0.060373,0.061307,0.022342,0.051535,0.031722,0.017225,0.027222,0.0078607,0.018203,0.036854,0.0063103,0.017746,0.018294,0.020963,0.0076174,0.027807,0.023533,0.015957,0.014213,0.0023496,0.011613,0.0089318,0.0016539,0.046913,0.0017704,0.00038501,0.0046421,0.0012637,0.0023744,0.00067836,0,0.00024654,0,0.001543
0.0023321,0.00085336,3.0682e-05,0.0048183,0.0047348,0.0075804,0.011693,0.016138,0.016439,0.017155,0.012374,0.014116,0.014091,0.016267,0.018088,0.013667,0.014877,0.013309,0.0067258,0.002142,0.0027457,0.0041036,0.0011296,0.0015352,0.0010313,0.0016574,0.0015349,0.0020266,0.0010666,0.0012362,0.001464,0.0013384,0.00089352,0.001407,0.0008103,0.0012788,0.0010504,0.0020484,0.00050245,0.0013493,0.00048915,0.00093986,0.0012237,0.001309,0.0001487,0.00044998,0.00019794,0.0018281,0.0018179,0.00052279,0.0012757,0.00090363,0.00049466,0.00070705,0.0002777,0.00051177,0.0012348,0.00013345,0.00062886,0.00051751,0.0006253,0.00020696,0.00085949,0.00077251,0.00041333,0.00034054,0.00012738,0.00048402,0.00039044,8.4031e-06,0.0014544,0.00014142,2.7175e-05,0.00011627,0,0,4.0317e-05,0,0,0,4.3518e-05
0.00052101,2.6178e-05,0,0.0011631,0.00071154,0.0018099,0.0026881,0.0037711,0.0037386,0.0037055,0.0028425,0.0033411,0.0029976,0.0038071,0.0044723,0.0033877,0.0036613,0.0033203,0.0016365,0.0003713,0.00060803,0.0010944,0.00050137,0.00025781,0.00031586,0.00035326,0.00035908,0.00045673,0.0002983,0.00035533,0.00036908,0.00030958,0.00023177,0.00031398,0.00025519,0.00032136,0.00029807,0.00046892,9.5559e-05,0.00037123,0.00011498,0.00019096,0.00030148,0.0003339,3.8145e-05,0.00011674,6.6268e-05,0.00043678,0.00043978,0.00019975,0.00038919,0.00023082,0.00014204,0.00018405,7.3607e-05,0.00012981,0.00029694,4.8718e-05,0.00016264,0.00014408,0.0001491,7.2703e-05,0.00021457,0.00014051,4.2283e-05,8.8636e-05,2.9365e-05,0.00016274,0.00012814,1.4585e-07,0.00035113,3.017e-05,5.0265e-05,2.6577e-05,6.5107e-06,0,0,0,0,0,4.9166e-06
0.003124,0.0027836,1.9816e-05,0.054854,0.016363,0.062197,0.065163,0.029336,0.082575,0.021803,0.022421,0.020682,0.023437,0.031495,0.11554,0.057228,0.065568,0.062154,0.031956,0.018636,0.079389,0.01766,0.035309,0.0096105,0.018929,0.046951,0.0068321,0.011438,0.0034265,0.01765,0.052024,0.00567,0.012694,0.0058252,0.046603,0.014403,0.014036,0.015717,0.005259,0.012067,0.0063154,0.0054212,0.016018,0.022652,0.0084937,0.0065118,0.0053528,0.013408,0.011374,0.0099901,0.02253,0.0072017,0.0074757,0.0089866,0.00080842,0.0074531,0.011697,0.0059486,0.0019729,0.0095552,0.0021805,0.0055374,0.012777,0.0033282,0.01434,0.0035794,0.0063337,0.00070293,0.00068653,0.00020012,0.0041512,0.00012657,2.6059e-05,0.016842,0.019719,0.012199,8.2671e-05,0,0.0091036,0,0.0022665
0,0.01763,0,0.062645,0.0086227,0.082086,0.060045,0.0054677,0.090372,0.0017651,0.0011723,0.001871,0.0017744,0.0090036,0.16127,0.0499,0.064155,0.077796,0.035374,0.020946,0.12745,0.016773,0.047494,0.013584,0.036169,0.13033,0.0025448,0.011095,0.0020815,0.017688,0.092525,0.0052846,0.022352,0.0076292,0.077843,0.025808,0.028334,0.017577,0.0097571,0.012146,0.0079911,0.0037976,0.022364,0.038487,0.010884,0.012854,0.0051954,0.024083,0.011999,0.016355,0.040248,0.0073076,0.012218,0.010693,0.00041528,0.0090196,0.012583,0.014665,0.0015044,0.015151,0.0012765,0.0068411,0.015456,0.0014345,0.013562,0.0028441,0.012777,0.00010233,6.9826e-05,6.9131e-06,0.0010603,0,5.9902e-06,0.018503,0.061676,0.027491,0,0,0.032182,0,0.005344
0,0.0084708,0,0.043347,0.025325,0.050254,0.041564,0.0099137,0.043299,0,0.004524,0,0,0.014661,0.12387,0.037498,0.05759,0.0551,0.026878,0.0083273,0.063437,0.015892,0.033011,0.013738,0.020481,0.090696,0.0057613,0.0079326,0.0030902,0.0095976,0.064645,0.0065238,0.015001,0.0068718,0.056358,0.017823,0.014581,0.012215,0.0080503,0.0092728,0.0064964,0.0025395,0.017382,0.024043,0.0062016,0.0062425,0.0047708,0.018772,0.010997,0.013943,0.028332,0.0067618,0.0054717,0.0070422,0.00036263,0.0065197,0.0076711,0.0079303,0.00056495,0.010606,0.0024196,0.0046284,0.0076525,0.00055232,0.014667,0.0031476,0.008811,0,0,0,0.0021454,0,0,0.012326,0.029602,0.024186,0,0,0.01393,0,0.0025291
0.00080451,0.00069467,0,0.0015762,0.002052,0.002056,0.0034421,0.0053012,0.0056069,0.0048159,0.0035625,0.0046679,0.0048303,0.0056119,0.0062832,0.0046995,0.0049975,0.0046919,0.0017789,0.00058035,0.00088773,0.00092254,0.00010527,0.00084531,0.00016712,0.00051791,0.00049995,0.00066538,0.00028118,0.00029011,0.00051409,0.00047412,0.00031647,0.00041547,0.00021584,0.00040118,0.00034682,0.00061897,0.00015338,0.00048951,0.00018333,0.00042862,0.00039981,0.00037648,5.0291e-05,0.00010391,5.69e-05,0.00054606,0.00063888,8.4629e-05,0.00035214,0.00029554,0.00014702,0.00028221,0.00010229,0.00012947,0.0004041,3.4529e-05,0.00020904,0.00014451,0.00022803,2.3498e-05,0.0002965,0.00027561,0.0001139,9.4415e-05,2.4033e-05,0.00014112,0.00012271,0,0.00049578,3.5868e-05,0,6.7567e-05,0,0,9.3028e-05,0,0,0,1.2084e-05
0,0,0,0,0,0,0,0,0,0,0,0,0,0,0,0,0,0,0,0,0,0,0,0,0,0,0,0,0,0,0,0,0,0,0,0,0,0,0,0,0,0,0,0,0,0,0,0,0,0,0,0,0,0,0,0,0,0,0,0,0,0,0,0,0,0,0,0,0,0,0,0,0,0,0,0,0,0,0,0,0
0,0.0075314,0,0.019579,0.0017945,0.028186,0.019147,0.00070249,0.031828,0,0,0,0,0.00062051,0.053992,0.011281,0.013398,0.025139,0.011727,0.0084289,0.048089,0.0033644,0.013878,0.0057869,0.012591,0.054668,0.0010245,0.0030128,9.9555e-05,0.0061972,0.032047,0.00069964,0.0083075,0.0029893,0.026543,0.010478,0.010388,0.0054947,0.0036619,0.0026555,0.0032042,0.00062658,0.0077283,0.014711,0.0030927,0.004855,0.0010874,0.0080389,0.0040662,0.0063805,0.014379,0.0016609,0.0044985,0.0028039,8.9924e-05,0.0025265,0.0032362,0.0058577,0.00056084,0.0053754,7.7684e-05,0.0018011,0.0044363,0.00022413,0.0041292,0.00057201,0.0051368,0,0,0,0.00015202,0,0,0.0062775,0.023649,0.0095064,0,0,0.014082,0,0.0022355
0,0,0,0,0,0,0,0,0,0,0,0,0,0,0,0,0,0,0,0,0,0,0,0,0,0,0,0,0,0,0,0,0,0,0,0,0,0,0,0,0,0,0,0,0,0,0,0,0,0,0,0,0,0,0,0,0,0,0,0,0,0,0,0,0,0,0,0,0,0,0,0,0,0,0,0,0,0,0,0,0
0.0059071,0.014334,7.0971e-05,0.067025,0.02724,0.088798,0.086892,0.05778,0.12324,0.052824,0.043662,0.046521,0.045979,0.060154,0.14956,0.082559,0.090147,0.093733,0.047907,0.028459,0.1185,0.022028,0.036339,0.0057469,0.024475,0.064034,0.0078926,0.015734,0.0048954,0.017097,0.055005,0.0094184,0.016525,0.0085119,0.047803,0.02036,0.019201,0.018696,0.0084541,0.012568,0.011732,0.0051996,0.020158,0.029271,0.0088799,0.0090188,0.0043056,0.02092,0.014056,0.011696,0.026239,0.0084691,0.01014,0.011025,0.0014829,0.0083348,0.014402,0.0093521,0.0055301,0.012258,0.0035814,0.0043094,0.013844,0.0038256,0.0127,0.0035413,0.0065235,0.0017724,0.0011133,0.00024655,0.0069726,0.00023938,2.4361e-05,0.011453,0.028779,0.012649,7.4717e-05,0,0.016382,0,0.005298
