0.3613,0.7941,0.45716,0.5002,0.41667,0.091917,0.37948,0.12165,0.2485,0,0.01408,0.20324,0.46921,0.39142,0.10945,0.064412,0.076471,0.22487,0.09377,0.065965,0.13794,0.18081,0.095215,0.079737,0.067437,0.11361,0.12818,0.1337,0.11059,0.16005,0.084812,0.12215,0.082298,0.16577,0.075654,0.12484,0.09253,0.17705,0.016214,0.077648,0.076525,0.08551,0.071878,0.057035,0.089621,0.07878,0.050129,0.092891,0.17612,0.10285,0.13946,0.03909,0.092174,0.097458,0.10182,0.054472,0.12865,0.052861,0.27746,0.11993,0.20024,0.17434,0.088196,0.10056,0.13243,0.12811,0.14128,0.088406,0.15544,0.16158,0.11495,0.14678,0.15046,0.12981,0.12059,0.064988,0.21482,0.31268,0.16924,0.26498,0.079927
2.5247,13.901,6.4435,8.7191,10.708,2.257,9.0213,4.0971,5.4561,0.061077,1.2861,3.5878,11.135,10.566,6.9772,1.6179,1.5225,2.8908,2.6436,2.0242,2.2696,3.9081,2.8811,2.1845,1.5804,2.0091,3.102,2.2919,1.9494,2.5863,2.0372,2.9717,1.7899,2.8874,1.472,2.0722,1.6565,2.8603,0.58998,1.4499,1.2857,1.543,1.23,1.2255,1.6317,1.64,1.0325,1.6824,2.2732,1.6636,2.1781,0.98832,2.0441,1.3606,2.06,0.97873,2.2117,1.1974,4.8194,2.1421,3.6811,2.9377,1.4038,2.0557,1.922,2.2057,2.8981,1.3055,2.4095,2.6569,1.838,2.9009,2.6544,1.8981,1.8725,1.1455,3.4029,6.1602,2.5021,3.0222,1.2908
1.3113,5.8131,3.6233,4.3986,4.8041,1.1842,3.4775,2.0824,2.0656,0.12841,0.61087,1.9871,3.7742,3.514,1.0376,0.90121,0.8987,1.5297,1.2279,0.93743,1.1144,1.533,1.4269,1.1705,0.99052,0.99868,1.559,1.2422,0.94278,1.3537,1.1312,1.5762,0.90504,1.6007,0.90206,1.1307,0.95313,1.6295,0.33532,0.82764,0.81496,0.93535,0.65641,0.67573,0.87419,0.92006,0.64441,0.92533,1.3053,0.85989,1.1389,0.53259,1.1779,0.74992,0.98435,0.61282,1.1881,0.60037,2.4511,1.1301,1.8469,1.6422,0.74677,0.98869,1.0987,1.1268,1.3331,0.65791,1.2456,1.4265,1.0351,1.5259,1.3546,1.0403,0.95705,0.54041,1.6498,3.0283,1.3828,1.6992,0.76318
1.341,7.3522,4.1112,6.758,6.637,2.2759,5.2942,4.6717,3.1283,0.14709,0.81196,2.8751,5.1014,5.4056,2.4541,1.5956,1.4539,2.1269,2.6421,2.0541,1.5819,2.5562,2.4697,1.928,1.7274,1.5727,2.6409,2.0339,1.388,2.002,1.992,2.4832,1.3971,2.273,1.6204,1.6223,1.5584,2.4394,0.69733,1.4058,1.1993,1.4039,1.0221,1.1395,1.3167,1.5337,1.0028,1.3481,1.5886,1.3193,1.5637,0.87185,1.752,1.0566,1.6378,1.0647,1.8236,0.94519,3.2184,1.609,2.646,2.2232,0.9813,1.6297,1.4256,1.6007,1.9856,0.8902,1.666,1.9053,1.4403,2.276,1.8252,1.4351,1.1858,0.92766,2.3009,4.3147,1.7532,2.1335,1.0529
1.2283,9.9287,4.9375,7.2982,10.16,2.9041,8.1126,4.82,5.1844,0.42616,1.3438,3.2157,9.6194,9.2344,6.3006,2.1878,1.7931,2.3704,2.9785,2.6348,1.9692,3.9723,2.8299,2.5276,1.9019,1.8091,3.3699,2.4392,1.9568,2.2559,2.3854,3.1632,1.853,2.8065,1.817,1.9037,1.8251,2.9931,0.88531,1.5771,1.5244,1.7824,1.2307,1.3927,1.7127,1.8161,1.4976,1.7012,1.9611,1.5511,1.9665,1.3763,2.2115,1.2184,1.9599,1.3112,2.2976,1.2424,3.9162,1.9877,3.2804,2.8458,1.2962,1.9739,1.8246,1.8786,2.4938,1.0863,2.0796,2.3903,1.7573,2.871,2.4126,1.6525,1.4337,1.1183,2.7459,5.3441,2.0999,2.4779,1.3491
0.22492,1.7371,1.0103,2.0773,2.4106,2.7469,1.904,2.6968,2.1145,0.38207,0.6365,1.7232,2.1652,2.2085,0.95399,1.4351,0.95507,0.96305,1.8085,1.2581,0.94725,1.5214,0.91429,1.2819,0.61036,0.76042,1.4005,1.1024,0.82985,0.77037,1.3193,1.3543,1.0033,0.98584,0.94355,0.73347,0.78224,1.4845,0.52884,0.69437,0.70558,0.80373,0.59415,0.72893,0.69353,0.79972,0.75937,0.75242,0.64295,0.7536,0.71235,0.83528,0.7033,0.36209,0.90844,0.8291,1.0488,0.61153,1.0254,0.68407,1.096,1.0828,0.44293,0.77909,0.81437,0.54551,1.0247,0.23133,0.78743,0.75789,0.73475,1.1581,0.83185,0.50949,0.32043,0.59176,1.0188,1.5923,0.76398,0.77818,0.52426
0.96053,7.1821,3.0688,4.9985,6.9657,1.9696,8.0929,5.6268,4.8395,0.40795,1.2452,2.2882,8.6327,9.5067,7.829,2.0431,1.8185,2.1005,3.8719,3.4443,1.4019,4.7937,2.0131,2.185,2.4298,1.7332,3.4693,2.7511,1.9666,1.9894,2.1983,2.3652,1.6031,1.8824,2.2941,1.7124,1.9053,2.811,1.1767,1.6003,1.3562,1.7455,1.0432,1.2671,1.8011,1.4946,1.5278,1.4137,1.4775,1.2405,1.8838,1.3182,1.8368,1.12,1.4507,1.4739,2.2077,1.0344,3.1648,1.6328,2.5308,2.2342,1.1441,1.8217,1.5101,1.2616,2.0201,0.77056,1.5096,1.8532,1.3931,2.2611,1.9709,1.311,1.4478,1.0211,1.9067,3.7238,1.441,2.0594,1.0442
0.33863,3.5872,2.021,4.8508,4.5515,3.0679,6.1882,9.6014,4.0741,0.4896,0.87425,3.2044,3.818,6.7451,4.5012,2.8572,2.4703,2.2153,5.6619,4.6595,1.5056,4.9508,2.4016,2.719,3.3522,2.0687,4.3428,3.5942,2.1031,2.3482,3.0881,2.7163,1.9602,2.0395,3.3092,1.9576,2.4846,3.522,1.7763,2.1381,1.6467,2.143,1.2786,1.6355,1.9084,1.9098,1.9043,1.6312,1.2847,1.4713,1.9527,1.5836,2.1306,1.1245,1.7118,2.1104,2.5877,1.2046,2.7874,1.702,2.4172,2.2473,1.0938,2.2149,1.5233,1.175,2.1153,0.50108,1.409,1.7539,1.406,2.5812,1.8438,1.3333,1.3806,1.2021,1.8497,3.2656,1.3158,1.9235,1.0414
0.68302,4.7169,1.9794,3.2073,4.8339,2.3752,5.2552,4.0227,4.2962,0.4474,0.85618,1.9138,6.3244,6.5431,5.0238,1.8781,1.3645,1.5963,2.968,2.4246,1.2896,3.585,1.2585,1.7118,1.4177,1.2135,2.5338,2.0288,1.5596,1.381,1.7509,1.8019,1.4352,1.4603,1.6109,1.2126,1.3604,2.2085,0.90582,1.0885,1.0323,1.3236,0.85999,0.94953,1.305,1.0774,1.256,1.1175,1.1216,1.0176,1.3633,1.1765,1.2395,0.74424,1.1376,1.1686,1.6253,0.87822,2.1259,1.2154,1.911,1.6761,0.90103,1.2732,1.1791,0.89616,1.5803,0.47015,1.2072,1.4003,1.0814,1.8223,1.5037,0.85483,0.96382,0.88523,1.4814,2.6397,1.1233,1.4573,0.77222
0,0.025764,0.06004,0.073585,0.19388,0.2094,0.21615,0.23588,0.2183,0.11072,0.13132,0.026877,0.19991,0.24491,0.029478,0.20347,0.12742,0.0935,0.18038,0.19386,0.081244,0.24718,0.035431,0.17656,0.12867,0.083098,0.1921,0.14892,0.11584,0.085805,0.16375,0.17553,0.12189,0.096582,0.1551,0.087881,0.12022,0.21251,0.094112,0.10798,0.10792,0.15745,0.068635,0.09561,0.12569,0.098251,0.15424,0.10291,0.099059,0.082182,0.098511,0.13412,0.10052,0.052398,0.07997,0.12779,0.15935,0.080835,0.14329,0.078726,0.12391,0.14721,0.070317,0.065036,0.12254,0.040052,0.10098,0.018338,0.086831,0.11465,0.090841,0.1472,0.1283,0.070794,0.073596,0.06952,0.083135,0.14041,0.060668,0.11596,0.086531
0.033361,0.95849,0.50462,0.71763,1.0801,0.61634,1.1656,0.74415,0.73807,0.23201,1.3186,0.27432,1.4239,1.4191,0.42674,0.44553,0.42042,0.27928,0.70543,0.5075,0.26886,0.50283,0.19942,0.58716,0.47548,0.331,0.56694,0.38549,0.31229,0.28359,0.47196,0.54408,0.3291,0.23577,0.50225,0.31646,0.34097,0.57046,0.26731,0.31889,0.3257,0.42878,0.22917,0.28932,0.39965,0.30453,0.42493,0.32086,0.30734,0.21038,0.31956,0.32373,0.25983,0.15539,0.24417,0.40079,0.57693,0.29814,0.78025,0.27568,0.50144,0.60735,0.2461,0.26926,0.45022,0.21272,0.48012,0.080456,0.29204,0.37829,0.36795,0.43916,0.47475,0.28491,0.30178,0.20897,0.36768,0.77948,0.24319,0.34594,0.30156
0.47596,2.6427,1.6224,2.5115,2.5546,1.6491,2.1171,2.6958,1.6306,0.046933,0.27113,2.5806,2.0819,2.273,1.2086,0.9952,0.87309,0.946,1.7673,1.047,0.71606,1.418,1.0906,0.90722,0.88298,0.74537,1.3498,1.0548,0.70026,0.87197,1.1186,1.0772,0.67387,0.94944,0.98983,0.72998,0.78889,1.2897,0.44596,0.72351,0.589,0.66031,0.48965,0.56546,0.59102,0.68178,0.47088,0.60722,0.60939,0.6376,0.73823,0.496,0.77195,0.40586,0.76221,0.64222,0.8813,0.40782,1.1846,0.68455,1.0515,0.98554,0.40599,0.84098,0.65001,0.60409,0.89499,0.30107,0.71893,0.73442,0.64265,1.0374,0.70265,0.5321,0.42925,0.45407,0.94273,1.614,0.80943,0.81655,0.39256
1.3122,9.7942,3.6798,5.3215,9.1253,2.4745,9.5378,3.8356,6.4347,0.41685,1.6806,2.4862,14.042,12.294,10.515,2.0055,1.5868,2.2145,3.4534,2.9146,1.6841,5.156,1.6905,2.1178,1.8139,1.667,3.2881,2.4441,2.1919,1.8935,1.966,2.4048,1.6377,2.0223,1.8995,1.6217,1.718,2.6607,0.99856,1.3703,1.3448,1.7519,1.1102,1.1304,1.8512,1.3623,1.5275,1.4425,1.706,1.2695,1.9084,1.4178,1.657,1.1414,1.3666,1.3355,2.1838,1.1752,3.565,1.7125,2.888,2.4844,1.301,1.8285,1.7387,1.4122,2.2101,0.91503,1.6495,2.0905,1.5801,2.4092,2.3144,1.373,1.4707,1.0633,2.2155,4.2811,1.6776,2.1663,1.1213
1.7456,14.821,5.4635,8.992,13.969,4.0249,16.749,10.806,10.616,0.81438,2.6709,4.3284,19.605,21.433,17.963,4.0879,3.48,3.9417,7.9341,6.7568,2.8363,9.9354,3.5584,4.2378,4.5544,3.3539,6.9166,5.3207,4.0167,3.7713,4.2722,4.4846,3.1578,3.5293,4.4933,3.2088,3.6741,5.4235,2.3875,3.0038,2.5356,3.3768,2.042,2.4131,3.591,2.7204,3.0309,2.7979,2.778,2.3396,3.632,2.6958,3.3778,2.0931,2.7638,2.9349,4.3115,2.1281,6.112,3.1574,4.9222,4.2262,2.2874,3.5662,2.9903,2.3619,4.0648,1.3759,2.928,3.6093,2.6054,4.4054,3.8861,2.474,2.7441,2.1113,3.7017,7.0319,2.7164,3.8533,1.9322
0.40468,8.1137,1.3375,3.3844,7.902,1.4414,11.436,5.9784,6.7576,0.081264,0.66587,1.908,13.901,14.892,18.336,1.5744,1.4608,1.5728,4.344,4.0082,0.9075,6.3754,1.8289,1.5205,2.1703,1.4837,3.4233,2.793,2.1379,1.4412,1.7016,1.5256,1.27,1.1228,1.8349,1.2908,1.5088,2.0176,1.05,1.1457,0.85287,1.0007,0.71971,0.9911,1.454,1.0153,1.0271,0.80484,0.60977,0.85212,1.6593,1.2844,1.4268,0.82798,1.1515,1.1617,1.6687,0.71848,1.855,1.289,1.8226,1.2008,0.75006,1.8965,0.74889,0.75919,1.6186,0.63957,0.92157,0.99445,0.77264,1.5036,1.3092,0.64124,0.93022,0.8548,1.191,2.5537,0.812,1.0155,0.4738
0.0518,0.40924,0.25268,0.47865,0.59683,0.47164,0.64914,0.82543,0.54949,0.12201,0.15121,0.34175,0.57672,0.73717,0.34246,0.42295,0.29466,0.26603,0.55401,0.46393,0.21656,0.59966,0.22837,0.36885,0.33606,0.2298,0.49254,0.38184,0.26313,0.26291,0.38589,0.38191,0.26858,0.26145,0.37975,0.22579,0.29212,0.46308,0.20648,0.2621,0.22077,0.30353,0.16603,0.20883,0.26031,0.2338,0.27543,0.23111,0.20344,0.20023,0.23894,0.2391,0.24923,0.13096,0.22049,0.26273,0.33755,0.16862,0.36405,0.20451,0.32485,0.32076,0.15476,0.22665,0.2369,0.14244,0.27328,0.062009,0.20981,0.25444,0.20452,0.35153,0.26742,0.17534,0.16565,0.16682,0.24536,0.41458,0.17987,0.27409,0.16141
0.077479,0.48517,0.31745,0.54948,0.61626,0.39545,0.72789,0.8991,0.50296,0.096261,0.17977,0.37773,0.57488,0.79063,0.40031,0.37123,0.31714,0.28292,0.6075,0.50823,0.19409,0.59389,0.24915,0.34833,0.39425,0.24528,0.50818,0.40604,0.25577,0.28003,0.374,0.35553,0.24606,0.2547,0.40273,0.24038,0.30891,0.46048,0.21023,0.26867,0.22558,0.29781,0.1614,0.20608,0.26467,0.23291,0.26847,0.22498,0.20734,0.18448,0.25367,0.2165,0.26003,0.14691,0.20421,0.2677,0.34618,0.15442,0.39279,0.21319,0.31813,0.32184,0.15718,0.24715,0.23676,0.14918,0.26232,0.069317,0.1962,0.25048,0.2062,0.32899,0.26398,0.18669,0.18767,0.1506,0.23978,0.41961,0.18744,0.28546,0.15736
0.21882,0.88477,0.51896,0.77201,0.78243,0.38297,0.80752,0.77438,0.56513,0.067839,0.1147,0.39307,0.77054,0.86008,0.41394,0.3219,0.27172,0.37497,0.53427,0.4507,0.2492,0.59182,0.27519,0.31514,0.3181,0.25905,0.47083,0.39279,0.26916,0.30959,0.33529,0.35412,0.25055,0.3073,0.32969,0.25792,0.28318,0.44669,0.16723,0.23738,0.21682,0.27144,0.16926,0.18924,0.24518,0.22412,0.22735,0.22843,0.25884,0.2095,0.27666,0.18923,0.25821,0.17138,0.22294,0.22423,0.32376,0.15759,0.46473,0.24775,0.3754,0.34695,0.17397,0.25182,0.2481,0.20185,0.29631,0.10475,0.24649,0.29485,0.23016,0.35336,0.29907,0.21065,0.21757,0.15174,0.31937,0.54001,0.25028,0.35664,0.16316
0.060366,0.53529,0.27559,0.63444,0.65043,0.47579,0.98475,1.3094,0.69515,0.086581,0.19166,0.4858,0.79497,1.1453,0.75638,0.44349,0.386,0.35346,0.94245,0.73899,0.22619,0.83674,0.30474,0.39731,0.5133,0.31559,0.67338,0.55115,0.3377,0.33686,0.45879,0.38236,0.29754,0.2746,0.5229,0.28864,0.38236,0.54671,0.28599,0.32001,0.25677,0.34157,0.1963,0.24041,0.31334,0.26287,0.31624,0.25103,0.20355,0.21687,0.30822,0.25302,0.2998,0.179,0.23026,0.33514,0.40937,0.18599,0.4271,0.26113,0.3581,0.35126,0.1872,0.32538,0.24772,0.16072,0.31645,0.062743,0.20686,0.27359,0.22703,0.38569,0.29254,0.18667,0.22648,0.18934,0.25719,0.45578,0.19734,0.2924,0.15758
0.029101,0.28087,0.14418,0.33802,0.39429,0.22681,0.6003,0.73843,0.38916,0.063769,0.09449,0.19722,0.45978,0.66841,0.47826,0.2545,0.22129,0.20433,0.50642,0.53709,0.11823,0.52503,0.16817,0.23267,0.27428,0.1803,0.39909,0.31268,0.1995,0.18703,0.25782,0.22808,0.16423,0.16329,0.28879,0.16124,0.22748,0.30835,0.16473,0.17916,0.15222,0.20702,0.11012,0.14059,0.18392,0.1616,0.1987,0.1438,0.12466,0.11777,0.17814,0.15692,0.17609,0.11073,0.13136,0.19043,0.2408,0.10489,0.24497,0.14837,0.1961,0.20291,0.10565,0.19028,0.14168,0.089219,0.16347,0.038964,0.11345,0.15393,0.1254,0.21115,0.17593,0.11912,0.12747,0.096286,0.1404,0.24793,0.095944,0.17363,0.098235
0.104,0.5382,0.29293,0.44485,0.50361,0.29185,0.41757,0.40778,0.35372,0.045671,0.085547,0.23052,0.45401,0.47949,0.18505,0.20302,0.14443,0.19307,0.2649,0.20205,0.17955,0.28685,0.16686,0.19524,0.12691,0.13891,0.24956,0.19289,0.14814,0.16813,0.20021,0.22718,0.1634,0.19343,0.15645,0.13942,0.14259,0.24947,0.084581,0.12089,0.11784,0.14286,0.10213,0.11009,0.12918,0.12982,0.12452,0.14189,0.14631,0.13003,0.14495,0.11594,0.13705,0.083102,0.15143,0.12038,0.1771,0.10478,0.26322,0.13996,0.23253,0.20315,0.098888,0.1359,0.14613,0.12341,0.19302,0.058709,0.16081,0.17257,0.13373,0.21966,0.17424,0.1157,0.10351,0.10078,0.20488,0.34418,0.15087,0.19168,0.096487
0.15718,1.0686,0.4646,0.82888,1.1714,0.54048,1.6463,1.5461,1.1338,0.16022,0.18448,0.52638,1.6027,1.9367,1.499,0.64821,0.50955,0.52871,1.1299,1.0346,0.33075,1.5699,0.37514,0.55925,0.70891,0.44185,0.97029,0.78205,0.53612,0.48717,0.60894,0.55383,0.43457,0.41355,0.71778,0.4077,0.54676,0.78312,0.39245,0.45405,0.36682,0.53103,0.27256,0.32896,0.48014,0.36581,0.49672,0.37201,0.34728,0.32102,0.47811,0.38338,0.458,0.26585,0.31607,0.45318,0.59005,0.27261,0.68094,0.39541,0.53604,0.53093,0.30103,0.44663,0.37457,0.24005,0.46366,0.10983,0.32963,0.45254,0.33774,0.58222,0.48185,0.2913,0.3849,0.25201,0.398,0.67453,0.29248,0.5016,0.24766
0.065378,0.62222,0.34158,0.63253,0.65914,0.25655,0.5461,0.59237,0.31439,0.01814,0.057791,0.31977,0.41507,0.54788,0.33965,0.19499,0.16885,0.19418,0.32503,0.26174,0.15196,0.2963,0.31065,0.21375,0.21398,0.16484,0.30454,0.22909,0.14067,0.20438,0.23631,0.26836,0.1498,0.2335,0.18698,0.16617,0.16336,0.25753,0.084897,0.15746,0.12492,0.13726,0.1046,0.13362,0.12343,0.1703,0.10348,0.13842,0.13315,0.13913,0.15589,0.10602,0.19735,0.099485,0.1884,0.12148,0.18685,0.095263,0.27667,0.1606,0.2522,0.20177,0.087838,0.1815,0.12377,0.14963,0.20104,0.079721,0.1577,0.17077,0.12966,0.23571,0.15923,0.12873,0.096191,0.1017,0.20766,0.4071,0.15662,0.18306,0.098252
0.065185,0.56171,0.33359,0.58792,0.70092,0.42827,0.70568,0.79849,0.50912,0.10762,0.20258,0.31669,0.61907,0.77685,0.3362,0.37495,0.28106,0.26475,0.50454,0.43116,0.2117,0.52592,0.25449,0.39119,0.33467,0.23876,0.47489,0.35978,0.24616,0.27451,0.36414,0.39715,0.25404,0.27325,0.3584,0.23298,0.28377,0.43919,0.1841,0.25631,0.21459,0.29274,0.1614,0.20583,0.26143,0.24185,0.25954,0.22815,0.21272,0.19588,0.23444,0.21736,0.25449,0.13515,0.22519,0.24324,0.34142,0.16878,0.41373,0.20648,0.33961,0.33631,0.15405,0.22952,0.24557,0.16515,0.28716,0.075474,0.21248,0.26633,0.21385,0.34382,0.2776,0.2002,0.17725,0.15802,0.27291,0.48083,0.19037,0.29359,0.17126
0.066921,0.49326,0.34269,0.63941,0.64022,0.24753,0.95258,1.195,0.51182,0.095205,0.19913,0.37415,0.64365,1.0135,0.58253,0.41468,0.38615,0.3244,0.79124,0.61698,0.16705,0.80924,0.30925,0.40625,0.70029,0.31828,0.67542,0.55976,0.30831,0.3842,0.44878,0.40138,0.26284,0.27544,0.59347,0.30716,0.41595,0.56457,0.28957,0.38919,0.28102,0.40369,0.18701,0.2519,0.34932,0.28327,0.34046,0.26614,0.23996,0.20547,0.31829,0.23347,0.36044,0.19638,0.19742,0.34185,0.4309,0.17411,0.50062,0.26252,0.37813,0.37138,0.19893,0.3142,0.26951,0.17056,0.29396,0.079524,0.1892,0.3134,0.23961,0.40032,0.31624,0.24328,0.28787,0.16663,0.24227,0.4616,0.19013,0.36319,0.18325
0.083092,0.46219,0.25465,0.42905,0.44883,0.22728,0.5008,0.54353,0.3229,0.045317,0.10217,0.23278,0.43596,0.55005,0.29351,0.209,0.17706,0.19471,0.35855,0.29892,0.13476,0.37175,0.17559,0.21361,0.23458,0.16854,0.31259,0.24623,0.15873,0.19032,0.22152,0.23021,0.15153,0.17387,0.23257,0.15469,0.1846,0.27536,0.11677,0.16404,0.12972,0.17836,0.10226,0.12421,0.15873,0.14671,0.14906,0.13909,0.13857,0.12579,0.15973,0.12103,0.16174,0.097272,0.13779,0.15016,0.21232,0.10109,0.2792,0.14213,0.21794,0.20519,0.10064,0.16281,0.14879,0.11372,0.18475,0.052358,0.13503,0.17232,0.13283,0.21742,0.17657,0.12904,0.12923,0.093821,0.18359,0.31436,0.1282,0.19695,0.098698
0.094752,0.72123,0.40178,0.72817,0.84502,0.42309,1.0132,1.1532,0.68145,0.10588,0.17687,0.42607,0.86913,1.1465,0.68445,0.45274,0.37077,0.35767,0.77322,0.66873,0.24469,0.82508,0.32786,0.42941,0.50313,0.31593,0.67583,0.52572,0.33915,0.36595,0.4615,0.44895,0.30581,0.3317,0.50442,0.303,0.39019,0.56153,0.26425,0.33852,0.26852,0.37399,0.2036,0.25153,0.33201,0.29002,0.33198,0.27877,0.25707,0.23406,0.31889,0.26147,0.33886,0.1921,0.25564,0.31898,0.42544,0.19845,0.51208,0.27959,0.4159,0.39598,0.20289,0.32375,0.2839,0.2001,0.33946,0.087931,0.24618,0.33127,0.25046,0.42956,0.3418,0.23896,0.24861,0.19108,0.3092,0.55283,0.23074,0.36047,0.19154
0.11645,0.62788,0.37723,0.66082,0.72071,0.39243,0.9467,1.1246,0.64293,0.096718,0.14171,0.3923,0.76125,1.0392,0.65801,0.41357,0.34907,0.3516,0.74572,0.61736,0.22285,0.78359,0.29061,0.38334,0.49132,0.29324,0.61947,0.53837,0.32652,0.34348,0.4222,0.38799,0.29199,0.29732,0.47906,0.29286,0.36025,0.53471,0.24937,0.30861,0.25408,0.33973,0.18653,0.23225,0.30444,0.26074,0.30521,0.2486,0.2367,0.21564,0.31074,0.24574,0.31627,0.18133,0.22161,0.30056,0.38911,0.17591,0.45344,0.26387,0.37102,0.35705,0.18937,0.30189,0.25639,0.17595,0.30389,0.080683,0.22325,0.29801,0.23201,0.38979,0.30746,0.20954,0.24212,0.17422,0.27459,0.48607,0.21999,0.33913,0.17172
0.090544,0.50199,0.26911,0.42387,0.54345,0.27766,0.63612,0.61856,0.46457,0.070714,0.10791,0.24481,0.6417,0.73743,0.47342,0.26789,0.20668,0.22647,0.42948,0.37025,0.16088,0.50492,0.16773,0.24653,0.25437,0.17769,0.37563,0.30692,0.226,0.20362,0.25624,0.25512,0.18948,0.19825,0.26629,0.17972,0.21299,0.33056,0.14708,0.17812,0.1589,0.21049,0.1198,0.14175,0.19162,0.15957,0.19253,0.16062,0.1616,0.14022,0.19635,0.15918,0.19095,0.11221,0.14711,0.18084,0.24303,0.11809,0.30159,0.16923,0.25173,0.24352,0.12435,0.17908,0.17288,0.11671,0.20418,0.059226,0.15912,0.1985,0.15249,0.25109,0.20819,0.13104,0.14963,0.11445,0.19149,0.33765,0.15311,0.21968,0.11492
0.12682,0.64455,0.37394,0.5917,0.60633,0.24945,0.62273,0.66839,0.39811,0.050693,0.094831,0.29502,0.53647,0.67005,0.30885,0.25903,0.219,0.25209,0.4146,0.33591,0.17669,0.44404,0.23584,0.26606,0.30676,0.20618,0.39226,0.31245,0.19706,0.26487,0.27798,0.29702,0.19212,0.23861,0.29539,0.20424,0.23713,0.3551,0.14089,0.21423,0.16774,0.23056,0.13215,0.1565,0.20239,0.18976,0.18454,0.18364,0.19303,0.16122,0.20777,0.14466,0.21951,0.13051,0.17826,0.18131,0.2632,0.12393,0.37746,0.18573,0.29935,0.26543,0.13309,0.20563,0.19194,0.15756,0.23505,0.078314,0.18075,0.23445,0.17284,0.28727,0.23357,0.17715,0.17358,0.12222,0.24211,0.42512,0.17714,0.27199,0.12899
0.05807,0.43872,0.27004,0.50874,0.55402,0.36915,0.59465,0.75955,0.43614,0.083598,0.13638,0.32703,0.48135,0.65592,0.31512,0.32854,0.25274,0.23592,0.48795,0.40014,0.18182,0.47961,0.23564,0.30498,0.30964,0.20737,0.42746,0.33188,0.21429,0.24021,0.33862,0.3294,0.21498,0.23742,0.32854,0.20243,0.25463,0.38899,0.17026,0.22939,0.18772,0.2497,0.14305,0.18124,0.21724,0.20747,0.21682,0.19616,0.17508,0.17066,0.20603,0.18848,0.22449,0.12103,0.19644,0.22047,0.28722,0.14132,0.332,0.18449,0.28969,0.275,0.1287,0.21149,0.20125,0.13961,0.23969,0.06334,0.18181,0.22078,0.17639,0.30163,0.22626,0.16418,0.14458,0.13963,0.22358,0.38808,0.16527,0.24099,0.13678
0.09599,0.73451,0.43182,0.72788,0.84319,0.43492,0.73431,0.7668,0.51516,0.10285,0.18044,0.36145,0.67573,0.79023,0.32425,0.37319,0.27575,0.28598,0.46675,0.40628,0.23679,0.50064,0.30713,0.38177,0.31785,0.24735,0.47726,0.35004,0.24487,0.29458,0.37805,0.44701,0.25649,0.32253,0.33836,0.24545,0.28715,0.44671,0.16805,0.263,0.21712,0.29509,0.16926,0.21348,0.25744,0.2597,0.24662,0.23801,0.23876,0.21553,0.24106,0.21519,0.27742,0.14751,0.25474,0.23233,0.34127,0.17784,0.45802,0.23037,0.38583,0.35607,0.16208,0.2422,0.25436,0.20027,0.30833,0.098185,0.24224,0.29557,0.22789,0.38034,0.29776,0.22262,0.17744,0.16463,0.31495,0.56449,0.22092,0.3171,0.18391
0.067278,0.46024,0.25795,0.42602,0.51386,0.33517,0.51774,0.57565,0.42685,0.074298,0.11354,0.23523,0.47875,0.57887,0.28082,0.27302,0.19854,0.21049,0.37784,0.30433,0.17718,0.40866,0.17835,0.25404,0.21653,0.16937,0.33819,0.27405,0.1892,0.19821,0.25667,0.26683,0.2153,0.2003,0.23844,0.1723,0.19437,0.3234,0.13153,0.16851,0.14877,0.19747,0.12024,0.14274,0.1775,0.16131,0.18014,0.16508,0.15697,0.14628,0.1793,0.15826,0.17701,0.097893,0.1645,0.16872,0.23038,0.12102,0.29234,0.15886,0.25482,0.23527,0.11685,0.16409,0.16934,0.11978,0.21566,0.054869,0.16884,0.19461,0.15132,0.25907,0.20375,0.12568,0.13509,0.1206,0.20359,0.35125,0.15404,0.20518,0.11433
0.11111,0.60873,0.37407,0.5683,0.63813,0.27004,0.49849,0.4911,0.35612,0.04827,0.066696,0.27175,0.48472,0.53047,0.20355,0.21791,0.1685,0.21168,0.28591,0.2481,0.17197,0.31887,0.22794,0.22404,0.18605,0.15934,0.30077,0.2288,0.16231,0.20185,0.23242,0.27511,0.16423,0.25181,0.19093,0.16568,0.17684,0.28208,0.092171,0.15313,0.14095,0.17282,0.11299,0.12895,0.15038,0.16625,0.14223,0.15736,0.17295,0.14336,0.16572,0.1258,0.19214,0.10723,0.17005,0.135,0.20474,0.11104,0.30812,0.16818,0.26806,0.23483,0.11176,0.16426,0.16049,0.15173,0.2003,0.079008,0.17534,0.20341,0.15051,0.25457,0.19533,0.14794,0.11584,0.10351,0.22372,0.40448,0.17181,0.22937,0.11783
0.05476,0.33513,0.22764,0.4375,0.44614,0.2791,0.65603,0.86045,0.42422,0.083708,0.15343,0.30594,0.49164,0.7293,0.35923,0.3418,0.28771,0.24524,0.58793,0.47383,0.15021,0.59765,0.19711,0.31733,0.43288,0.23017,0.49392,0.3981,0.23543,0.26984,0.34732,0.31167,0.21112,0.20618,0.44042,0.21874,0.30941,0.42797,0.21657,0.27627,0.20746,0.30489,0.14669,0.18495,0.26657,0.21066,0.26284,0.208,0.1821,0.16132,0.23297,0.18957,0.2422,0.13674,0.1599,0.25761,0.32745,0.14167,0.36982,0.18733,0.28097,0.29052,0.15015,0.2257,0.21543,0.12499,0.23189,0.04978,0.15767,0.23592,0.18538,0.30387,0.245,0.17911,0.19579,0.13462,0.19404,0.33982,0.14601,0.27013,0.14139
0.098348,0.51345,0.31057,0.47673,0.50874,0.23614,0.53296,0.55401,0.34756,0.051622,0.10522,0.24556,0.45683,0.56685,0.27504,0.22119,0.18691,0.20881,0.35322,0.28793,0.14568,0.36947,0.19066,0.22451,0.24385,0.16662,0.32292,0.26488,0.17293,0.20307,0.23291,0.24607,0.16604,0.19473,0.23807,0.17807,0.19157,0.29776,0.11721,0.17064,0.14255,0.18608,0.10867,0.13318,0.16909,0.15524,0.15521,0.14714,0.15588,0.13148,0.17579,0.12747,0.1835,0.10669,0.14557,0.15389,0.21901,0.10288,0.3039,0.15669,0.24436,0.22821,0.1087,0.16609,0.16064,0.12411,0.19331,0.065702,0.15234,0.18794,0.14433,0.23335,0.1912,0.13735,0.14059,0.10185,0.19321,0.34634,0.15308,0.21541,0.10992
0.068543,0.38596,0.24616,0.4306,0.4586,0.2368,0.5576,0.66118,0.36664,0.066403,0.1066,0.24954,0.45507,0.61029,0.30231,0.26908,0.22586,0.21557,0.43997,0.38196,0.1401,0.46591,0.17624,0.25714,0.3105,0.18697,0.39101,0.30637,0.19271,0.22169,0.27549,0.27069,0.17612,0.19543,0.31665,0.18014,0.25133,0.34133,0.16031,0.21241,0.16692,0.23967,0.12103,0.14883,0.21391,0.17744,0.20679,0.17207,0.16501,0.13676,0.19129,0.15331,0.20097,0.11715,0.14421,0.19645,0.26062,0.11758,0.32021,0.16239,0.25106,0.24775,0.12483,0.18469,0.18002,0.12027,0.19426,0.055536,0.14494,0.20462,0.15741,0.25561,0.21054,0.15641,0.15626,0.11035,0.18267,0.32191,0.13753,0.23272,0.12127
0.12698,0.64524,0.40746,0.65261,0.7282,0.43511,0.79651,0.90743,0.57627,0.11365,0.17267,0.39496,0.68236,0.87224,0.39138,0.41299,0.32596,0.32923,0.60908,0.5013,0.23732,0.64609,0.269,0.38531,0.40803,0.27002,0.54482,0.44028,0.28957,0.32143,0.40747,0.4077,0.28373,0.30182,0.42405,0.27108,0.33047,0.52547,0.21866,0.29504,0.24762,0.33542,0.18335,0.22576,0.29314,0.25625,0.28979,0.2557,0.25369,0.21812,0.28582,0.23836,0.28975,0.16805,0.23634,0.28171,0.37816,0.17541,0.46306,0.24437,0.38045,0.37153,0.18011,0.2633,0.27243,0.18029,0.30487,0.089542,0.24333,0.30261,0.23828,0.38612,0.31317,0.21766,0.22123,0.17554,0.2946,0.50601,0.22943,0.34277,0.18288
0.012764,0.14609,0.092037,0.20478,0.23643,0.17014,0.36598,0.50236,0.25945,0.055245,0.088817,0.14992,0.28111,0.42147,0.22358,0.20213,0.16335,0.1353,0.34975,0.29397,0.088323,0.35542,0.09734,0.17729,0.22973,0.12569,0.28143,0.22539,0.14143,0.13999,0.19577,0.16836,0.12667,0.10826,0.23555,0.11713,0.17037,0.24002,0.13533,0.14715,0.11799,0.16796,0.082662,0.10417,0.14568,0.11271,0.15703,0.11745,0.094273,0.088587,0.12981,0.11611,0.12906,0.073027,0.088946,0.14988,0.18111,0.081891,0.18719,0.1021,0.15069,0.15825,0.082012,0.12459,0.11728,0.060394,0.12824,0.022434,0.086614,0.12438,0.097989,0.16561,0.1343,0.087902,0.10631,0.076674,0.10139,0.1749,0.076563,0.13398,0.075171
0.065471,0.38451,0.2433,0.44213,0.45108,0.23926,0.53309,0.64762,0.33392,0.067885,0.11348,0.2605,0.41316,0.56793,0.26128,0.2748,0.22359,0.20569,0.41914,0.34243,0.1352,0.4404,0.19336,0.26436,0.33069,0.18911,0.38613,0.29875,0.18344,0.22798,0.28249,0.28219,0.1738,0.19263,0.32182,0.18264,0.24177,0.34686,0.1576,0.23019,0.16539,0.24271,0.12147,0.15567,0.20796,0.18267,0.19866,0.17104,0.16206,0.1435,0.18794,0.15088,0.20651,0.11551,0.15388,0.19483,0.26275,0.1155,0.32332,0.15725,0.25556,0.24729,0.11678,0.18536,0.17894,0.12027,0.20077,0.058475,0.14712,0.20331,0.15588,0.26088,0.2069,0.15921,0.15484,0.11369,0.18619,0.3293,0.13734,0.23344,0.12369
0.063499,0.33556,0.23576,0.37122,0.42909,0.23927,0.44459,0.49086,0.31163,0.066772,0.11406,0.2087,0.39901,0.47179,0.19141,0.2278,0.18475,0.1849,0.33097,0.28632,0.1297,0.35014,0.15097,0.21782,0.23499,0.14717,0.30142,0.24205,0.16104,0.17567,0.2275,0.22926,0.15101,0.17449,0.23783,0.15015,0.18698,0.28649,0.12436,0.16277,0.15338,0.1921,0.10382,0.12739,0.16642,0.14641,0.17168,0.14864,0.14712,0.11832,0.16016,0.13596,0.16658,0.09626,0.12601,0.16311,0.2125,0.10129,0.25766,0.13918,0.21386,0.21649,0.10432,0.14508,0.1581,0.10274,0.16416,0.052963,0.13236,0.17083,0.13958,0.21205,0.17832,0.12526,0.12301,0.092467,0.15988,0.28584,0.12939,0.19604,0.10746
0.05168,0.2933,0.19709,0.31648,0.36541,0.19851,0.41677,0.46526,0.29103,0.070955,0.10937,0.17041,0.3786,0.45763,0.16358,0.22811,0.17764,0.16859,0.32067,0.28361,0.11452,0.36919,0.12082,0.21642,0.24586,0.14739,0.30577,0.23572,0.15538,0.17586,0.22041,0.22695,0.14599,0.15583,0.25457,0.14276,0.19554,0.28265,0.12894,0.17397,0.13992,0.21173,0.099653,0.12167,0.17627,0.14408,0.17927,0.1437,0.14386,0.11367,0.15366,0.13216,0.16004,0.09368,0.11153,0.16105,0.21644,0.10052,0.2705,0.12905,0.20593,0.21088,0.10526,0.13813,0.15714,0.094695,0.15874,0.04303,0.12037,0.17545,0.1331,0.21403,0.18329,0.12899,0.13389,0.088375,0.15025,0.26144,0.10983,0.19386,0.10644
0.047959,0.25813,0.1527,0.25438,0.27856,0.16201,0.27499,0.30648,0.20876,0.034146,0.064533,0.13951,0.26488,0.30552,0.12988,0.13776,0.10629,0.11606,0.20346,0.16655,0.090389,0.2092,0.10165,0.13173,0.12574,0.093292,0.18378,0.14288,0.097632,0.11129,0.13941,0.14372,0.098141,0.11248,0.13522,0.09204,0.10902,0.17057,0.070058,0.096126,0.083483,0.11002,0.067388,0.076311,0.094591,0.089526,0.095297,0.089582,0.088394,0.077932,0.09547,0.079879,0.097158,0.05741,0.086516,0.093009,0.12619,0.064622,0.16412,0.08713,0.13936,0.12976,0.062339,0.093386,0.094587,0.069794,0.11217,0.032294,0.087912,0.10787,0.084057,0.13701,0.11063,0.07684,0.071616,0.062419,0.11145,0.19239,0.084557,0.11861,0.062953
0.045848,0.30986,0.18938,0.34166,0.37977,0.23946,0.4024,0.47228,0.2777,0.057306,0.098155,0.19409,0.32494,0.43498,0.21548,0.20874,0.1635,0.15633,0.3002,0.25618,0.11738,0.30419,0.15644,0.20239,0.20405,0.13652,0.27352,0.21434,0.13918,0.15877,0.21278,0.21837,0.14036,0.15465,0.2054,0.13589,0.16151,0.25304,0.10637,0.14841,0.12341,0.16183,0.091936,0.12383,0.14068,0.13685,0.14009,0.12762,0.1185,0.1113,0.13573,0.12409,0.1486,0.081078,0.13024,0.14099,0.18846,0.09062,0.21991,0.12004,0.18981,0.18094,0.08223,0.13818,0.13466,0.092039,0.15615,0.045175,0.11914,0.1436,0.11653,0.19113,0.1497,0.11122,0.096428,0.088924,0.14897,0.25884,0.11133,0.16116,0.092053
0.069102,0.39571,0.235,0.3787,0.44796,0.21853,0.54864,0.52861,0.36609,0.072262,0.13005,0.19459,0.51039,0.62087,0.30324,0.24958,0.20142,0.19428,0.37529,0.32146,0.13212,0.42587,0.1386,0.24658,0.27142,0.16734,0.34631,0.2695,0.18046,0.19695,0.24464,0.2526,0.16742,0.17299,0.28396,0.1655,0.22266,0.31515,0.14268,0.19017,0.15464,0.22488,0.10931,0.13494,0.21977,0.15725,0.19696,0.16391,0.16069,0.12537,0.17837,0.14389,0.1777,0.10824,0.12963,0.17953,0.24639,0.11248,0.31368,0.14753,0.24099,0.23731,0.12395,0.15523,0.17834,0.10977,0.1861,0.055242,0.14118,0.19779,0.15339,0.23641,0.20542,0.14538,0.15157,0.10846,0.17134,0.3121,0.13005,0.22535,0.11908
0.061688,0.40391,0.25118,0.44796,0.48239,0.25591,0.46237,0.53723,0.30692,0.057365,0.10064,0.22796,0.38143,0.47767,0.21504,0.22765,0.18001,0.18035,0.31975,0.28684,0.13483,0.32951,0.19421,0.23165,0.22352,0.15707,0.30721,0.2344,0.15261,0.18753,0.23727,0.25878,0.15451,0.19422,0.22789,0.1543,0.18756,0.27977,0.1121,0.16964,0.13816,0.18668,0.10507,0.1333,0.1597,0.16728,0.15521,0.14471,0.14319,0.12853,0.15329,0.13112,0.17495,0.095679,0.15112,0.151,0.21241,0.10396,0.2738,0.14,0.22887,0.21599,0.097441,0.1579,0.15105,0.11766,0.17914,0.060817,0.13897,0.17153,0.13593,0.22692,0.17588,0.13636,0.11238,0.097051,0.18105,0.32623,0.12775,0.19432,0.11027
0.036436,0.23606,0.1633,0.27189,0.36924,0.22556,0.43873,0.49723,0.33214,0.083589,0.13035,0.14615,0.39701,0.494,0.20192,0.24894,0.1926,0.16982,0.35705,0.32738,0.12005,0.41532,0.10954,0.23076,0.24937,0.14814,0.32643,0.25469,0.17092,0.16928,0.23017,0.22811,0.16016,0.15424,0.26393,0.1432,0.2029,0.29369,0.14498,0.17125,0.15038,0.2156,0.10381,0.12667,0.18567,0.14407,0.21324,0.15076,0.14101,0.11207,0.15946,0.14873,0.1618,0.091795,0.11086,0.17666,0.22893,0.10823,0.2562,0.13281,0.19947,0.21462,0.11382,0.14175,0.16237,0.088684,0.16229,0.033081,0.11953,0.17635,0.13672,0.21609,0.18731,0.12312,0.13404,0.092268,0.14527,0.24871,0.10736,0.19386,0.10892
0.07221,0.41134,0.25078,0.39091,0.4486,0.23903,0.43416,0.45551,0.31605,0.059651,0.10527,0.20156,0.40096,0.48771,0.16922,0.2234,0.17262,0.18248,0.30313,0.2534,0.1463,0.33266,0.15671,0.21695,0.20848,0.14783,0.29316,0.22186,0.1525,0.18017,0.22271,0.23544,0.15698,0.1825,0.22338,0.14519,0.18057,0.27714,0.11597,0.15769,0.13925,0.18483,0.10437,0.12341,0.16525,0.14366,0.16124,0.16257,0.15288,0.12353,0.15881,0.1294,0.16065,0.093101,0.13886,0.15238,0.20682,0.10584,0.27724,0.13959,0.22639,0.21454,0.1092,0.14186,0.16021,0.11283,0.1811,0.051582,0.14553,0.18033,0.13791,0.21852,0.18286,0.13046,0.12416,0.098441,0.17822,0.311,0.137,0.20635,0.1061
0.15172,0.61593,0.39203,0.51047,0.57308,0.22635,0.50286,0.39758,0.35154,0.063629,0.11174,0.22416,0.52551,0.53663,0.14208,0.21793,0.17629,0.22915,0.27238,0.24343,0.16718,0.34414,0.16705,0.22416,0.20831,0.16321,0.29959,0.2341,0.17004,0.20987,0.22029,0.26174,0.16541,0.22228,0.21673,0.17046,0.19189,0.30471,0.10316,0.16558,0.15274,0.20505,0.11412,0.12699,0.17954,0.15753,0.16712,0.16942,0.20559,0.1388,0.18533,0.13065,0.18267,0.11704,0.14739,0.14864,0.2254,0.11164,0.35422,0.16663,0.2723,0.25884,0.12905,0.15124,0.18876,0.14369,0.19803,0.078609,0.17757,0.22325,0.16482,0.24972,0.22158,0.1628,0.15426,0.10137,0.22121,0.38824,0.17516,0.26464,0.12885
0.08151,0.4147,0.2376,0.39003,0.417,0.24408,0.38842,0.41888,0.29342,0.048565,0.070368,0.21578,0.35976,0.41578,0.18266,0.19732,0.14431,0.17063,0.26699,0.21157,0.13669,0.29267,0.16059,0.1899,0.1641,0.13631,0.25095,0.19621,0.13573,0.16126,0.19754,0.21737,0.14181,0.16951,0.17664,0.13227,0.14632,0.24102,0.089179,0.13488,0.11301,0.14906,0.092568,0.10973,0.12886,0.13009,0.12219,0.12594,0.1277,0.12392,0.13488,0.11198,0.13985,0.080338,0.13681,0.12331,0.17645,0.093304,0.23477,0.1257,0.20262,0.18198,0.086634,0.13182,0.13189,0.10585,0.16819,0.051846,0.13515,0.1557,0.12045,0.2015,0.15527,0.1089,0.09877,0.090589,0.17351,0.29542,0.12423,0.17536,0.090636
0.086333,0.4241,0.24579,0.36107,0.41295,0.18021,0.46072,0.43424,0.30704,0.045471,0.083489,0.19514,0.42245,0.50417,0.27783,0.18393,0.15499,0.176,0.29639,0.24997,0.11902,0.34047,0.14055,0.17753,0.19855,0.1352,0.26705,0.22085,0.14846,0.16233,0.18628,0.1899,0.13577,0.15305,0.19925,0.13813,0.15986,0.2467,0.10207,0.13798,0.11949,0.15739,0.088576,0.10452,0.14321,0.12119,0.13581,0.12647,0.13318,0.10536,0.15679,0.11014,0.14728,0.088476,0.11228,0.13,0.181,0.083812,0.24987,0.12957,0.19477,0.18793,0.096173,0.1332,0.13217,0.096527,0.15526,0.049833,0.12501,0.15606,0.11841,0.18603,0.15874,0.10751,0.12325,0.081216,0.15088,0.27039,0.12454,0.18187,0.088697
0.034456,0.274,0.16367,0.28665,0.41151,0.30088,0.45905,0.50143,0.37729,0.088145,0.12043,0.18668,0.44686,0.53284,0.3062,0.26207,0.18835,0.17141,0.34644,0.31353,0.13555,0.38873,0.1361,0.23436,0.20738,0.14586,0.31178,0.24868,0.17138,0.16092,0.24264,0.24138,0.17064,0.16542,0.23085,0.14262,0.18242,0.29294,0.13,0.15773,0.14443,0.19274,0.10553,0.13607,0.16449,0.1476,0.18036,0.14672,0.13369,0.12454,0.15682,0.17223,0.1579,0.085448,0.13618,0.17065,0.21708,0.1094,0.22473,0.13278,0.20123,0.20266,0.098571,0.14717,0.15847,0.088062,0.16873,0.038066,0.13113,0.16157,0.13114,0.21717,0.17236,0.11187,0.10389,0.10404,0.15269,0.25781,0.1142,0.17313,0.10527
0.069385,0.48397,0.30914,0.49194,0.56471,0.21636,0.54627,0.57616,0.33947,0.056418,0.082549,0.24813,0.44601,0.57017,0.2905,0.23329,0.19319,0.19975,0.35057,0.30048,0.13684,0.3966,0.21636,0.23434,0.27342,0.16647,0.34507,0.27333,0.17556,0.20854,0.24681,0.26575,0.16299,0.21578,0.25189,0.17534,0.20422,0.30411,0.1234,0.18436,0.15112,0.19933,0.10961,0.13916,0.17349,0.16819,0.16757,0.15557,0.15962,0.13283,0.17909,0.13485,0.21449,0.11076,0.15023,0.15893,0.2231,0.10446,0.30361,0.16482,0.2488,0.23224,0.11243,0.17249,0.15753,0.13002,0.1877,0.067545,0.15165,0.19757,0.14541,0.247,0.19231,0.14443,0.13807,0.098904,0.18486,0.35277,0.15057,0.21782,0.11584
0.077805,0.34165,0.20873,0.31464,0.32997,0.11813,0.35324,0.3225,0.21616,0.031191,0.052355,0.13836,0.32583,0.37469,0.17878,0.13,0.11575,0.14061,0.22198,0.20037,0.087998,0.24414,0.11567,0.13198,0.15799,0.10618,0.20747,0.1662,0.10941,0.1315,0.14111,0.14986,0.095599,0.12772,0.15082,0.10812,0.12625,0.18706,0.074054,0.10937,0.092612,0.12375,0.068691,0.080522,0.11207,0.097548,0.10082,0.095613,0.10846,0.080926,0.1141,0.077391,0.11747,0.079307,0.085908,0.096238,0.14002,0.062399,0.19974,0.1021,0.15908,0.14512,0.073461,0.10583,0.10312,0.081874,0.11259,0.046796,0.094657,0.1244,0.093673,0.14496,0.12505,0.093083,0.092538,0.062285,0.11849,0.2195,0.09603,0.14806,0.071668
0.082117,0.52257,0.27678,0.49272,0.53619,0.29942,0.46224,0.49596,0.33381,0.048091,0.083111,0.26249,0.39412,0.49984,0.2512,0.22112,0.16255,0.18478,0.28847,0.24015,0.16199,0.29323,0.22129,0.22216,0.16045,0.15194,0.27892,0.2052,0.14492,0.18145,0.23139,0.26145,0.16229,0.20461,0.17816,0.14903,0.15701,0.26577,0.09112,0.14719,0.12248,0.14883,0.10458,0.13067,0.13559,0.15565,0.12301,0.14407,0.13799,0.13922,0.14629,0.1246,0.16095,0.086788,0.18261,0.12978,0.19306,0.10377,0.25955,0.14024,0.238,0.20295,0.088066,0.15407,0.142,0.12768,0.19917,0.067009,0.16319,0.16721,0.13005,0.22649,0.16583,0.12525,0.091087,0.10916,0.20581,0.35907,0.14566,0.18684,0.1016
0.041921,0.23691,0.16443,0.30564,0.34229,0.26076,0.44812,0.58346,0.32721,0.073331,0.13018,0.21105,0.36752,0.50648,0.2418,0.25143,0.20334,0.17734,0.40064,0.3322,0.12289,0.40119,0.13615,0.22899,0.26511,0.158,0.33209,0.26556,0.16999,0.1761,0.24781,0.22753,0.15884,0.155,0.2739,0.15033,0.2041,0.30229,0.14651,0.17783,0.15128,0.20508,0.10728,0.13498,0.17919,0.14841,0.18705,0.15086,0.13279,0.11974,0.16161,0.14899,0.16248,0.092772,0.12384,0.19287,0.22937,0.10707,0.24333,0.13495,0.19922,0.20631,0.10407,0.15412,0.16004,0.088096,0.16618,0.036862,0.12081,0.16334,0.13404,0.21333,0.17392,0.11869,0.1227,0.099749,0.14699,0.24776,0.11331,0.18401,0.10263
0.085521,0.46242,0.27535,0.45218,0.51809,0.28491,0.57979,0.61794,0.39307,0.078984,0.16186,0.25016,0.5191,0.64268,0.30002,0.27902,0.22713,0.22117,0.42271,0.36285,0.15616,0.4512,0.18089,0.27763,0.28865,0.19297,0.38258,0.29696,0.19732,0.22082,0.27886,0.28869,0.18733,0.20305,0.30072,0.1848,0.23388,0.3505,0.15293,0.20715,0.17023,0.23806,0.12572,0.15584,0.21242,0.18032,0.20937,0.17686,0.17393,0.148,0.19436,0.16371,0.19701,0.11659,0.15912,0.19812,0.27882,0.12652,0.33709,0.16692,0.26161,0.2624,0.12738,0.186,0.19592,0.12837,0.21655,0.057806,0.16147,0.21382,0.16908,0.26437,0.22341,0.15885,0.1555,0.11831,0.20798,0.3606,0.14898,0.24406,0.13097
0.038308,0.27294,0.15169,0.2555,0.30541,0.18111,0.29616,0.3136,0.23155,0.043679,0.091187,0.1262,0.30453,0.34582,0.14083,0.15195,0.11045,0.11736,0.20937,0.1723,0.10072,0.22726,0.10054,0.14962,0.12715,0.10016,0.19455,0.14636,0.10453,0.11335,0.14957,0.164,0.10728,0.12005,0.14183,0.094636,0.11503,0.17724,0.075382,0.099271,0.088459,0.12053,0.070187,0.081696,0.10571,0.096214,0.10791,0.098672,0.093918,0.085317,0.098116,0.089949,0.10056,0.056643,0.093242,0.10083,0.13793,0.081693,0.18067,0.092741,0.14982,0.14151,0.070879,0.095135,0.10502,0.074704,0.12677,0.031927,0.095445,0.11965,0.091635,0.15208,0.12308,0.082381,0.076463,0.066359,0.12276,0.21248,0.084282,0.1263,0.071091
0.21852,1.1939,0.67304,0.94549,1.0463,0.33003,0.98476,0.78864,0.60917,0.084146,0.25935,0.3984,1.004,1.0794,0.39516,0.35654,0.30533,0.37614,0.52252,0.43735,0.27497,0.61694,0.31736,0.3986,0.39733,0.30066,0.5456,0.41001,0.29013,0.3752,0.3819,0.45906,0.28165,0.36205,0.4024,0.30382,0.34045,0.50851,0.18726,0.30201,0.24456,0.35251,0.19373,0.21546,0.32041,0.27539,0.27761,0.28089,0.32385,0.23331,0.31791,0.20081,0.31765,0.19706,0.25347,0.24902,0.39939,0.19636,0.67446,0.28698,0.48482,0.45125,0.22015,0.28154,0.31493,0.25659,0.37471,0.13229,0.29765,0.38843,0.28062,0.43853,0.39207,0.28531,0.29233,0.17312,0.39364,0.71904,0.28972,0.43379,0.21695
0.093571,0.52567,0.3074,0.46825,0.52606,0.21812,0.50328,0.47704,0.34501,0.045799,0.090776,0.22806,0.47776,0.5524,0.27201,0.19841,0.16417,0.19865,0.31648,0.2624,0.14484,0.35488,0.18249,0.19706,0.2064,0.15161,0.2951,0.23636,0.16127,0.18289,0.21023,0.22873,0.15162,0.19576,0.20192,0.15518,0.17103,0.26584,0.10118,0.14551,0.13087,0.16659,0.10188,0.11651,0.14928,0.1395,0.14257,0.1401,0.15092,0.12375,0.1633,0.11753,0.17083,0.099781,0.13567,0.13681,0.19591,0.099846,0.28429,0.15884,0.23192,0.21055,0.10862,0.15213,0.14611,0.12529,0.18059,0.060942,0.14816,0.18391,0.13713,0.22316,0.18112,0.1245,0.12646,0.09409,0.18694,0.33898,0.14876,0.20203,0.10167
0.14167,0.81917,0.45558,0.6983,0.7873,0.31689,0.70741,0.61436,0.49192,0.06537,0.14973,0.31769,0.73065,0.78092,0.34879,0.28579,0.22216,0.27295,0.39357,0.31451,0.21822,0.43627,0.25988,0.29392,0.2696,0.21083,0.39807,0.30138,0.21753,0.26731,0.29935,0.34739,0.22054,0.28295,0.27464,0.21946,0.23979,0.37531,0.13543,0.21444,0.18235,0.24108,0.14778,0.16707,0.22113,0.20679,0.19416,0.20605,0.22364,0.18089,0.22261,0.16152,0.23384,0.14098,0.20878,0.18315,0.27844,0.14627,0.43553,0.21031,0.36756,0.31469,0.15052,0.20716,0.21799,0.18735,0.27316,0.10232,0.22347,0.26866,0.20054,0.32812,0.27,0.19348,0.17948,0.14391,0.28354,0.52523,0.21517,0.29493,0.15334
0.12394,0.65691,0.40704,0.58957,0.68632,0.3146,0.62754,0.57396,0.43355,0.078035,0.18224,0.29919,0.6316,0.67376,0.23091,0.28357,0.22584,0.25349,0.38792,0.32701,0.19157,0.43421,0.20891,0.29248,0.26607,0.19946,0.38085,0.29144,0.21146,0.23817,0.28555,0.32214,0.20461,0.24907,0.28536,0.20595,0.23778,0.36829,0.14291,0.20852,0.18549,0.24807,0.13827,0.16003,0.21881,0.19611,0.20993,0.19621,0.21362,0.16325,0.21583,0.16346,0.21934,0.12923,0.17891,0.19059,0.28063,0.13882,0.40734,0.19186,0.31622,0.32321,0.14462,0.18981,0.21854,0.1605,0.24693,0.08531,0.20249,0.24928,0.19499,0.2975,0.25747,0.18176,0.17709,0.12336,0.25164,0.45592,0.19654,0.27993,0.15298
0.054601,0.27336,0.16118,0.22661,0.2722,0.11206,0.27982,0.24325,0.20294,0.032459,0.064302,0.10732,0.288,0.31754,0.12559,0.11914,0.096043,0.11068,0.18002,0.14826,0.081202,0.21438,0.079197,0.11666,0.12411,0.085185,0.16992,0.1346,0.094028,0.10399,0.11637,0.12769,0.088486,0.10323,0.12842,0.08542,0.10433,0.15547,0.064491,0.08574,0.077832,0.10782,0.057841,0.063329,0.099524,0.077038,0.096947,0.086963,0.092743,0.067674,0.096179,0.069231,0.092468,0.056967,0.0676,0.083714,0.11863,0.06055,0.17305,0.086187,0.13171,0.12593,0.074165,0.078653,0.091235,0.066215,0.10266,0.030674,0.081973,0.11145,0.082148,0.12879,0.11022,0.072727,0.082277,0.054285,0.10159,0.18443,0.078434,0.12611,0.061323
0.071049,0.45681,0.24353,0.42947,0.47307,0.22495,0.50848,0.56215,0.32727,0.03426,0.080285,0.25371,0.46194,0.56498,0.3624,0.19912,0.17234,0.18283,0.3571,0.30473,0.12735,0.36299,0.18675,0.19836,0.2237,0.15727,0.30942,0.24487,0.15454,0.18335,0.21823,0.21776,0.14181,0.17314,0.2203,0.14895,0.17615,0.25937,0.11181,0.15531,0.12353,0.16148,0.098883,0.12144,0.14224,0.14247,0.13778,0.12893,0.12404,0.11751,0.15201,0.11796,0.16189,0.093654,0.13496,0.14149,0.19769,0.092748,0.25255,0.13776,0.20687,0.18862,0.08976,0.17367,0.13467,0.11117,0.17186,0.051194,0.12486,0.15677,0.12252,0.20499,0.1623,0.12237,0.1111,0.088128,0.17178,0.29763,0.12535,0.17719,0.089244
0.091282,0.41672,0.26404,0.36656,0.42663,0.22941,0.41124,0.3772,0.29569,0.062984,0.13098,0.19132,0.42858,0.46221,0.13962,0.20305,0.16108,0.17575,0.26524,0.22138,0.13361,0.29701,0.12426,0.20707,0.18721,0.14023,0.26473,0.2029,0.14555,0.16698,0.20261,0.22312,0.14279,0.16504,0.20516,0.14056,0.16752,0.26183,0.10269,0.14629,0.13134,0.17922,0.097717,0.11547,0.15943,0.13297,0.15398,0.14207,0.15104,0.11471,0.14717,0.12392,0.14425,0.089039,0.12137,0.14335,0.20316,0.099889,0.27563,0.12909,0.21238,0.21189,0.10158,0.13139,0.16859,0.1072,0.17045,0.049744,0.13713,0.17686,0.13744,0.20563,0.18233,0.13111,0.12012,0.089342,0.17646,0.29718,0.13356,0.20221,0.106
0.066188,0.35844,0.20297,0.30849,0.32925,0.11518,0.25753,0.21809,0.16845,0.01543,0.046386,0.13327,0.2609,0.27364,0.10609,0.091512,0.076076,0.10717,0.12899,0.10449,0.084574,0.14267,0.11259,0.10437,0.088804,0.080336,0.13986,0.10437,0.073654,0.10274,0.10535,0.13167,0.075705,0.11695,0.089219,0.081394,0.083885,0.12988,0.039635,0.073696,0.063972,0.080953,0.054045,0.059157,0.073556,0.077636,0.063039,0.074989,0.086179,0.069007,0.080563,0.051618,0.089237,0.052987,0.081792,0.059143,0.099775,0.05326,0.16832,0.082966,0.13682,0.11664,0.055261,0.0813,0.08035,0.082052,0.10462,0.040147,0.087008,0.10486,0.07681,0.12364,0.10115,0.077326,0.064398,0.048779,0.11927,0.21492,0.087459,0.11714,0.056783
0.08098,0.52249,0.26641,0.42454,0.48489,0.24003,0.45746,0.43557,0.32955,0.043157,0.11615,0.21906,0.45299,0.52246,0.25094,0.19478,0.1484,0.17454,0.28176,0.2124,0.14675,0.30572,0.16783,0.20134,0.1698,0.14479,0.26322,0.19999,0.14295,0.17004,0.20066,0.2249,0.15122,0.17129,0.18363,0.14065,0.15032,0.24365,0.093366,0.13648,0.1134,0.15055,0.096362,0.11134,0.13835,0.13113,0.12798,0.13354,0.13177,0.12164,0.14376,0.10973,0.14292,0.080838,0.14155,0.12377,0.18673,0.10027,0.27271,0.13267,0.2213,0.19908,0.095055,0.13943,0.14174,0.11607,0.19484,0.05287,0.14497,0.16813,0.12742,0.21186,0.17107,0.11672,0.11492,0.094245,0.19166,0.33344,0.13445,0.18254,0.093975
0.043821,0.20354,0.1137,0.16459,0.18265,0.046861,0.1509,0.089226,0.084786,0.0067775,0.016831,0.063726,0.16219,0.15293,0.085747,0.038221,0.033913,0.053359,0.048311,0.04378,0.0386,0.062627,0.057551,0.045763,0.039723,0.035485,0.058963,0.045915,0.035858,0.048993,0.045856,0.061933,0.03327,0.058428,0.03409,0.04134,0.037162,0.061885,0.014125,0.034377,0.031638,0.035292,0.023991,0.027857,0.035514,0.038499,0.02256,0.032892,0.045232,0.032427,0.039902,0.021407,0.044477,0.029055,0.041184,0.023742,0.043105,0.021838,0.083258,0.038718,0.071687,0.05948,0.02456,0.035918,0.035771,0.038517,0.045721,0.032662,0.045131,0.047185,0.035831,0.055476,0.0463,0.037822,0.030255,0.023066,0.055124,0.1106,0.044626,0.058044,0.029296
0.084589,0.41241,0.23632,0.33818,0.38389,0.17512,0.32456,0.27545,0.23902,0.035233,0.067073,0.16706,0.32097,0.35729,0.13564,0.14198,0.10538,0.13785,0.17486,0.13995,0.11607,0.20635,0.12499,0.14144,0.10375,0.10047,0.18124,0.13948,0.10576,0.12414,0.1445,0.16775,0.11239,0.14235,0.11854,0.10523,0.10648,0.18463,0.059871,0.094951,0.086806,0.10838,0.0717,0.080655,0.099644,0.096578,0.089489,0.10188,0.11217,0.092799,0.10989,0.080957,0.10963,0.064523,0.11011,0.085426,0.13218,0.071672,0.20566,0.10334,0.17188,0.15499,0.072056,0.096175,0.10826,0.091643,0.13763,0.049548,0.12546,0.13195,0.097234,0.16059,0.12906,0.089168,0.079918,0.071396,0.14536,0.25821,0.11404,0.14801,0.07499
0.081068,0.41927,0.24951,0.35657,0.4068,0.15539,0.36733,0.31611,0.25561,0.042889,0.080101,0.15734,0.37504,0.40605,0.13495,0.15874,0.12404,0.15202,0.21323,0.17505,0.11484,0.26118,0.12478,0.16345,0.15845,0.1182,0.22484,0.17166,0.12164,0.14846,0.16178,0.18871,0.11944,0.15225,0.16353,0.11969,0.13859,0.21169,0.079265,0.12098,0.10329,0.14565,0.08111,0.089629,0.1287,0.10991,0.12173,0.11639,0.13002,0.098567,0.12648,0.091967,0.13168,0.07818,0.10402,0.10648,0.16138,0.082836,0.24744,0.11826,0.19051,0.17591,0.090323,0.11133,0.12873,0.10183,0.14716,0.047758,0.12165,0.16356,0.11362,0.18466,0.15666,0.1099,0.10957,0.074451,0.15438,0.27687,0.11744,0.17531,0.087125
0.052825,0.26568,0.16584,0.2469,0.27394,0.13799,0.25294,0.23211,0.18081,0.031128,0.071365,0.12611,0.25966,0.26849,0.096039,0.11687,0.09353,0.1087,0.16207,0.13064,0.08152,0.17855,0.086781,0.12022,0.11096,0.083463,0.15571,0.12241,0.085597,0.10025,0.11839,0.13328,0.085066,0.1032,0.1177,0.084195,0.097657,0.15268,0.057201,0.084958,0.077303,0.10121,0.057896,0.066623,0.091423,0.079777,0.086447,0.081533,0.087929,0.069848,0.087906,0.068373,0.088775,0.053923,0.074105,0.08004,0.11689,0.058111,0.16374,0.080775,0.13026,0.12604,0.060981,0.079696,0.091629,0.068321,0.10216,0.03322,0.082113,0.10407,0.08599,0.12354,0.10624,0.075526,0.070776,0.052839,0.10632,0.18821,0.081803,0.11834,0.062346
0.055414,0.34447,0.20084,0.32052,0.36768,0.17868,0.33726,0.35007,0.25031,0.041437,0.069973,0.16724,0.32524,0.37295,0.15353,0.16503,0.12259,0.1371,0.22619,0.1807,0.11,0.25285,0.1296,0.15878,0.1523,0.11223,0.21939,0.16895,0.11578,0.13688,0.16632,0.18273,0.11964,0.14338,0.1585,0.11183,0.13028,0.20325,0.079417,0.11681,0.096478,0.1337,0.077523,0.089765,0.11575,0.10941,0.11224,0.10613,0.10944,0.095988,0.11345,0.093017,0.12388,0.068554,0.10602,0.10465,0.15015,0.079228,0.21021,0.10798,0.17509,0.15798,0.07854,0.10954,0.11262,0.090345,0.13954,0.042253,0.11141,0.13895,0.10149,0.18251,0.13721,0.094596,0.089621,0.074894,0.13993,0.24947,0.099747,0.14773,0.078571
0.063061,0.34992,0.19794,0.28536,0.34302,0.14248,0.32636,0.27762,0.2293,0.040095,0.083978,0.12575,0.34686,0.36523,0.14842,0.13938,0.1092,0.12882,0.19047,0.16715,0.096864,0.23232,0.097197,0.14232,0.13357,0.10119,0.1938,0.14795,0.10658,0.12356,0.1385,0.15882,0.10446,0.12214,0.14187,0.10173,0.11913,0.18301,0.071499,0.10285,0.090073,0.12711,0.069497,0.078053,0.11166,0.094143,0.10801,0.098596,0.10781,0.082115,0.10747,0.081957,0.10708,0.065654,0.086179,0.094719,0.14086,0.071182,0.20864,0.097298,0.15995,0.15179,0.074621,0.096282,0.11087,0.082054,0.12509,0.03915,0.099404,0.13087,0.096896,0.15233,0.13882,0.092974,0.095908,0.061734,0.12938,0.22743,0.095971,0.14232,0.074038
0.053346,0.24535,0.14905,0.21999,0.23037,0.085567,0.21285,0.19684,0.12781,0.021693,0.049415,0.093374,0.20176,0.22798,0.071277,0.089604,0.075723,0.088965,0.11916,0.11097,0.06307,0.13771,0.07705,0.10064,0.10075,0.072507,0.13285,0.098863,0.065775,0.091882,0.098541,0.11642,0.06318,0.090707,0.10169,0.071649,0.086774,0.12472,0.045886,0.077598,0.062036,0.087714,0.047328,0.056859,0.077484,0.071567,0.069614,0.068968,0.077665,0.056471,0.07137,0.052159,0.078849,0.047916,0.06382,0.06338,0.098206,0.046717,0.14887,0.065578,0.11238,0.10507,0.048278,0.071181,0.078167,0.061506,0.083681,0.031358,0.067338,0.090022,0.067539,0.10297,0.091161,0.080095,0.061683,0.041223,0.093688,0.1594,0.066183,0.10903,0.053594
0.046503,0.22712,0.12867,0.17056,0.18754,0.050497,0.22057,0.19125,0.13522,0.021161,0.049114,0.070682,0.20279,0.23728,0.097023,0.079433,0.071427,0.086223,0.13567,0.11142,0.052946,0.17074,0.054023,0.083611,0.11187,0.068139,0.12969,0.10719,0.070477,0.084481,0.08143,0.087076,0.063722,0.066647,0.10431,0.068819,0.081348,0.11895,0.052075,0.070814,0.057165,0.085429,0.04139,0.046258,0.075805,0.055345,0.071116,0.061593,0.069055,0.048059,0.076774,0.045452,0.07073,0.044699,0.043552,0.061481,0.090207,0.040687,0.14313,0.062502,0.097821,0.096053,0.05125,0.06064,0.067198,0.048065,0.077311,0.023537,0.056632,0.084219,0.059389,0.091541,0.08824,0.05788,0.084069,0.034516,0.076638,0.13543,0.058824,0.095007,0.04368
0.026986,0.1496,0.078234,0.14368,0.15752,0.10042,0.16751,0.17931,0.13373,0.021525,0.036623,0.080511,0.15788,0.19659,0.096004,0.086134,0.061723,0.06475,0.12213,0.090629,0.055505,0.12038,0.061501,0.080264,0.069725,0.053266,0.10734,0.083054,0.058046,0.064053,0.08468,0.086992,0.061256,0.064125,0.077231,0.053685,0.061858,0.10163,0.040441,0.05599,0.046273,0.060719,0.038845,0.045935,0.058408,0.051466,0.052712,0.052584,0.048864,0.047463,0.054477,0.049011,0.054557,0.032397,0.056201,0.053821,0.073904,0.038023,0.091276,0.050076,0.084461,0.072052,0.036411,0.051796,0.05382,0.039203,0.068274,0.019323,0.054479,0.061619,0.047743,0.082374,0.06116,0.041652,0.037167,0.0467,0.063964,0.11424,0.048183,0.067057,0.035959
0.072152,0.35949,0.19319,0.28827,0.31285,0.13985,0.25301,0.22318,0.18102,0.02082,0.05212,0.13521,0.26608,0.2788,0.1082,0.10247,0.079489,0.11024,0.13419,0.10689,0.091273,0.15377,0.10158,0.11213,0.081999,0.08431,0.14049,0.10588,0.078559,0.10263,0.10968,0.13462,0.083648,0.1121,0.090039,0.082374,0.082826,0.13796,0.043256,0.074169,0.064716,0.083503,0.056105,0.062245,0.074638,0.077658,0.067128,0.077003,0.086249,0.073533,0.081864,0.058181,0.082484,0.049852,0.085713,0.06415,0.10508,0.056894,0.16787,0.080476,0.1346,0.11888,0.055114,0.081664,0.085982,0.077537,0.11231,0.037352,0.08972,0.10335,0.077706,0.12449,0.10368,0.076571,0.066751,0.051739,0.12945,0.21207,0.087775,0.11841,0.057093
0.12929,0.80117,0.43656,0.66548,0.74958,0.26907,0.60831,0.48507,0.3971,0.043291,0.13603,0.28498,0.633,0.652,0.2856,0.21316,0.17125,0.22947,0.29275,0.23238,0.18877,0.32084,0.24515,0.2432,0.19234,0.17772,0.30924,0.23075,0.17053,0.22186,0.23437,0.29703,0.17766,0.24952,0.19412,0.18178,0.17969,0.29173,0.091863,0.16149,0.14244,0.17887,0.11923,0.13315,0.16737,0.17227,0.14149,0.16543,0.18635,0.15413,0.18061,0.12094,0.19377,0.11369,0.18409,0.13312,0.2243,0.12123,0.3775,0.17965,0.30696,0.26516,0.12318,0.17419,0.17827,0.172,0.24054,0.092257,0.1962,0.22818,0.16934,0.27323,0.22437,0.16038,0.14522,0.11376,0.26107,0.49599,0.19104,0.24528,0.12794
0.047959,0.22301,0.13661,0.18532,0.20185,0.088475,0.16133,0.13395,0.11581,0.012819,0.029085,0.097946,0.16999,0.17261,0.062237,0.063382,0.052427,0.072886,0.086869,0.061631,0.056706,0.095343,0.064639,0.06599,0.054293,0.049671,0.088454,0.071572,0.052994,0.063353,0.068403,0.079667,0.053399,0.072637,0.057164,0.055066,0.052612,0.09065,0.027559,0.046159,0.04419,0.051496,0.035912,0.039246,0.047795,0.046232,0.041857,0.049943,0.057619,0.044421,0.05701,0.036716,0.056683,0.034087,0.051179,0.041722,0.06351,0.032957,0.10424,0.05403,0.086181,0.07834,0.035902,0.050278,0.054908,0.047969,0.066472,0.025513,0.059387,0.066336,0.050442,0.07487,0.064887,0.045637,0.043228,0.032882,0.074056,0.13093,0.06781,0.075133,0.036087
0.08638,0.30988,0.19313,0.25943,0.27402,0.10367,0.26524,0.22526,0.17284,0.028186,0.047596,0.11367,0.25252,0.28168,0.089543,0.11111,0.091849,0.11948,0.14807,0.1283,0.08288,0.1881,0.086913,0.11708,0.11931,0.087784,0.15897,0.12692,0.087471,0.11191,0.11474,0.13154,0.08182,0.11155,0.12166,0.089137,0.10242,0.1558,0.055478,0.090254,0.077018,0.10457,0.057952,0.065358,0.095278,0.080897,0.086949,0.086533,0.10015,0.072129,0.095773,0.064032,0.094331,0.060461,0.075522,0.077946,0.11969,0.056814,0.17955,0.084411,0.13589,0.12836,0.066406,0.081757,0.095633,0.07391,0.10382,0.038173,0.088665,0.11391,0.083945,0.12756,0.1107,0.086488,0.080316,0.052645,0.11492,0.19338,0.086431,0.14809,0.064475
0.16599,0.84314,0.55257,0.81563,0.95038,0.44494,0.85672,0.7769,0.58346,0.13399,0.26431,0.34811,0.83269,0.8998,0.26613,0.41683,0.32255,0.34822,0.50836,0.46244,0.26578,0.59166,0.29717,0.43506,0.38349,0.28025,0.53811,0.40943,0.29151,0.3381,0.41488,0.48604,0.29044,0.36508,0.40567,0.28977,0.33998,0.52956,0.19829,0.30464,0.26895,0.36574,0.19594,0.23782,0.32072,0.29244,0.3112,0.28344,0.31062,0.2375,0.29755,0.24802,0.31959,0.18643,0.26161,0.27695,0.40918,0.20372,0.57205,0.27063,0.4501,0.44687,0.20571,0.26233,0.31936,0.22824,0.34048,0.12274,0.28618,0.36064,0.28174,0.4322,0.36685,0.27083,0.23523,0.17984,0.35301,0.64255,0.26446,0.41074,0.23346
