45.809,1.5278,0.9645,1.3502,1.965,0.78659,2.2355,1.3655,1.5347,2.1934,1.8373,1.6303,2.8276,1.9723,1.6324,1.8163,1.6073,2.0363,2.157,2.2318,3.9898,2.5342,3.5072,1.9287,1.8457,2.4127,3.0773,2.2502,2.3678,4.658,4.2412,2.5957,2.8978,4.8065,2.5939,2.6053,2.8238,1.9265,3.5482,2.8935,2.1108,1.1908,1.3847,4.2463,3.9456,2.2362,5.3543,1.5782,2.4555,2.6702,3.9317,3.6874,2.7081,1.2827,2.2583,3.0024,3.4386,2.1232,4.0317,2.8152,2.4007,1.5605,4.459,2.8981,2.4082,1.7104,1.9781,1.3014,1.5334,3.576,2.1232,1.8653,3.0622,2.0188,2.6448,2.1236,1.8217,1.5288,1.523,4.5982,2.0237
4.8575,19.323,6.9064,9.8948,13.223,3.9309,11.039,5.3599,7.1247,1.7418,4.1568,5.0969,13.94,12.109,8.7559,3.5384,3.4851,4.7714,5.3828,3.9799,6.4355,5.8509,5.9474,3.7049,3.6836,5.8295,5.472,4.5667,4.4996,4.089,3.7259,4.2663,5.7748,4.4454,3.5638,5.3902,3.2779,5.274,3.7278,3.3452,3.4841,4.5964,3.0388,4.3501,3.1468,3.1724,4.2594,4.244,4.5128,3.8846,4.0493,3.5103,4.21,3.9083,4.575,2.4995,4.4667,2.7593,6.8905,4.5266,5.7283,4.2902,3.7259,3.8878,4.2548,3.8825,5.0609,2.7623,3.8698,4.7352,4.5643,5.4908,4.6697,4.3413,4.8585,3.36,4.8584,7.5054,3.8534,4.886,3.0007
2.7665,6.2307,10.524,4.6919,6.2727,2.0641,4.0374,2.4527,3.0235,1.1487,1.4474,2.3671,5.9887,4.1463,2.3772,2.2211,1.4457,2.0073,2.5656,1.853,4.5404,3.3533,4.7503,2.546,3.0144,2.4707,4.1527,2.3332,2.6306,2.2666,2.4892,2.8705,2.6226,3.3567,2.7577,3.3468,2.4452,3.2762,2.1581,3.014,2.5613,2.6272,2.1345,2.9908,2.5602,2.548,2.1961,2.1448,3.205,2.8323,2.4918,1.8157,3.1115,2.6041,2.782,2.7645,3.0803,2.5025,4.2188,3.4031,3.3194,3.0998,3.2129,2.974,3.2054,1.8375,2.5754,2.8821,2.929,3.8463,3.9013,3.7382,4.1702,3.3162,3.2401,3.2241,4.1634,4.0874,3.0603,3.7574,2.2984
3.6197,8.3435,4.3853,23.07,13.072,10.972,12.881,14.883,13.464,7.7842,13.905,9.2419,11.582,14.335,14.646,11.089,12.776,12.462,8.2,5.5053,7.4553,8.2766,5.5451,5.3298,4.996,4.8345,5.189,5.5052,3.8077,4.8775,5.6643,5.3287,4.3977,5.2294,4.9736,4.5065,3.9571,5.5229,2.9703,4.1124,3.017,3.3404,4.1167,4.8,3.1123,3.5506,3.1777,4.532,4.2943,3.4287,5.2448,3.4582,4.0199,2.9068,4.1366,3.467,6.294,3.3411,5.0085,5.1671,4.7578,3.9677,3.5798,3.6631,3.5345,2.7747,3.7073,2.5543,3.108,4.3779,5.3483,4.592,3.2471,3.5979,3.9736,3.4897,4.577,5.6259,3.3297,3.9913,2.9693
5.7926,12.261,6.447,14.374,32.465,10.12,18.277,20.014,14.176,10.36,12.829,17.508,18.396,20.267,18.479,13.926,15.028,12.56,9.7621,6.9215,10.257,10.559,9.0336,8.7129,5.8155,6.4789,8.5798,6.3644,6.2023,6.8075,6.7516,6.7308,6.4841,8.0835,6.2545,6.644,6.6875,7.5101,6.4031,6.2381,5.0992,4.6208,4.9848,6.3814,6.199,6.6463,5.2812,6.6587,6.9628,6.1265,6.1802,5.4487,7.5251,5.8127,6.5162,6.0696,7.0768,6.1323,7.5953,7.1401,7.6487,7.306,7.2603,6.1139,5.8106,4.917,6.0241,4.3533,6.5743,7.0733,9.7607,6.2819,6.7665,6.375,7.1927,6.8705,7.7002,9.0833,4.752,6.3833,4.97
1.9248,3.0254,1.7609,10.015,8.4,19.188,11.923,15.845,16.244,15.195,12.445,11.494,12.352,15.274,14.948,13.141,13.3,12.012,8.0844,4.4084,6.9237,6.1548,5.2145,2.7799,3.4255,4.1612,3.8291,4.6172,3.0117,2.8675,4.53,3.7086,3.3558,4.1593,3.7736,3.4548,3.1844,4.4172,2.0405,3.6906,2.5474,2.6894,3.1981,4.2221,2.1956,2.2673,2.4282,3.5425,3.2334,3.407,2.9884,3.1255,2.434,2.1123,2.8874,2.9625,3.9683,2.4639,3.0554,3.9473,2.7165,2.3021,2.4323,2.781,2.3884,1.8077,2.4191,1.6635,1.9684,2.0795,3.9278,3.0649,2.4903,2.1223,2.6389,2.1208,2.2519,2.6014,2.1394,1.7828,1.9024
5.6584,8.7886,3.5629,12.161,15.693,12.333,26.758,23.944,23.238,19.201,15.377,17.957,24.158,28.203,30.781,19.642,21.802,19.504,13.789,9.2355,11.679,11.375,7.9343,5.2493,6.0135,6.5984,7.2018,7.1167,4.5569,5.0754,7.0003,5.3,4.8926,4.8079,6.2871,5.8886,4.7787,6.8039,3.5407,5.1207,3.325,4.1215,4.6042,5.2752,3.5692,3.4796,3.8811,5.1767,5.3309,3.8521,5.287,4.3656,3.9968,3.6548,3.4788,4.1069,5.6118,3.0688,5.4242,4.1035,4.3663,3.8287,4.162,4.1739,3.8492,3.1204,3.5698,2.1421,3,3.2355,5.2055,3.8467,3.2617,3.5331,3.4708,2.2736,3.0821,5.0476,2.6092,3.2527,2.4174
3.8011,4.6929,2.3804,15.454,18.899,18.025,26.333,54.067,30.51,28.843,20.34,29.758,25.701,35.793,34.636,29.626,32.148,24.897,17.572,10.142,10.269,14.507,7.3908,9.871,7.4418,7.7174,10.168,9.1922,6.6181,8.3923,8.2604,7.479,7.1173,8.9922,8.1413,6.7078,7.665,9.6988,7.4133,8.0205,5.2094,5.5946,5.3554,7.4485,6.1472,6.2111,4.5171,8.012,7.6453,5.2255,6.8019,5.9056,6.0785,5.9689,5.5299,5.0204,7.1765,4.5031,6.6915,6.6949,6.2982,5.3151,7.0961,5.7571,5.0644,3.5124,4.324,3.3328,5.8065,4.7193,9.7836,5.9189,4.9746,4.089,4.2502,6.3071,5.096,5.8959,2.6767,4.6371,3.5103
4.2184,6.1594,2.8973,13.804,13.217,18.247,25.234,30.126,39.913,27.081,19.072,24.481,27.759,33.003,35.742,26.163,27.7,24.458,17.146,9.3794,11.157,12.208,5.7686,6.8124,5.3972,7.3741,6.2182,9.921,5.1518,5.5121,7.3543,5.7859,6.7774,6.8466,6.1417,6.2377,5.5037,7.8314,3.7188,6.3677,3.7214,4.9351,5.7226,6.664,3.6693,3.2435,4.7589,6.3905,6.3977,4.5587,6.0806,5.3031,4.2208,4.0166,4.0474,4.8218,6.338,3.4761,4.8734,6.2066,4.0934,3.7669,4.1908,4.163,3.8469,3.5249,4.0361,2.6478,3.7601,4.7016,7.1454,4.3644,2.8092,3.4168,4.6836,2.9754,3.4609,3.8652,2.7829,2.2784,2.6338
2.9417,0.73476,0.5371,3.8941,4.7131,8.328,10.173,13.896,13.214,26.386,9.9085,10.969,11.046,13.848,14.466,12.666,12.861,10.616,8.1092,6.0886,6.4282,5.6521,4.0766,2.1915,2.2793,4.3813,3.1998,4.4645,2.3934,2.2264,2.3723,3.103,3.245,3.6676,2.3993,2.8651,2.3659,3.5067,2.0291,2.6479,2.3428,2.0943,2.0735,3.1185,1.368,1.2855,1.8963,2.5307,2.8291,3.1151,2.4492,2.2012,1.6835,1.7342,1.5603,2.1247,2.489,1.2993,2.0846,4.4116,1.8879,1.4299,1.8892,1.8999,1.3674,1.0105,1.4503,0.99572,0.89046,1.1993,2.6731,1.4577,2.0039,1.041,0.83548,0.99616,0.86104,0.81914,0.59826,1.0949,1.0038
4.3533,3.0979,1.1956,12.289,10.311,12.051,14.394,17.313,16.441,17.506,35.47,20.718,17.38,18.798,23.379,15.706,17.038,16.536,9.1575,4.7743,8.5899,7.96,5.096,3.3444,4.9742,3.9871,4.272,3.949,3.9236,4.0644,3.6148,4.2479,3.002,2.962,3.0735,3.8729,2.7715,4.2151,2.8795,3.5591,3.0786,2.6139,3.4066,4.6105,2.7323,2.2261,2.0928,4.2524,3.6532,3.1426,2.9051,3.0062,2.9449,3.2221,2.0823,3.4327,5.1654,3.05,2.729,2.8466,3.1143,2.7159,4.1512,3.2346,3.045,1.891,2.2464,1.7417,2.973,2.1813,4.6979,1.8908,2.6538,2.417,3.387,1.6968,1.381,1.706,1.2184,1.7464,1.6659
3.818,3.7543,1.9327,8.0731,13.908,11,16.614,25.035,20.858,19.154,20.477,44.388,18.224,23.262,26.003,20.236,21.968,19.529,10.749,5.7062,8.9662,9.2696,6.7186,5.2278,5.081,6.0274,6.2856,7.1132,6.9881,7.5597,8.1075,6.4081,6.4336,5.4544,5.8864,5.7133,6.1819,6.9361,5.7851,6.3911,6.6978,4.5627,5.3385,6.5205,5.4677,7.959,4.1572,7.2124,8.2325,6.3707,4.4974,5.1065,4.9194,6.7006,5.4469,5.9867,5.9495,5.8715,4.9103,4.0028,6.9914,5.2653,6.1622,5.2754,3.8267,3.7585,4.3249,3.2681,5.3324,3.1968,7.2401,3.4481,3.2647,3.1607,5.0453,2.8197,3.3724,3.4304,1.9078,3.3361,2.5068
7.9075,12.261,5.8389,12.082,17.451,14.116,26.691,25.819,28.243,23.034,20.512,21.762,39.352,34.642,36.483,21.865,23.109,20.841,13.379,7.3024,10.934,12.829,9.7943,5.2821,6.7409,6.9702,8.5845,6.9594,5.3775,5.1071,5.7029,5.4639,5.5901,4.9841,5.254,6.4578,4.8033,7.1557,4.0759,6.2131,3.8877,4.5127,4.9334,6.173,3.393,3.7753,3.8821,5.3653,6.59,4.1335,5.4375,5.1772,4.4216,4.7171,3.4271,3.959,5.8094,3.3873,6.1662,4.3675,5.1608,4.3963,5.2856,4.8474,4.9965,3.6053,3.8249,2.9945,3.3121,3.9305,6.2723,4.9578,4.7729,4.7033,3.4254,3.178,4.1544,4.9019,2.5055,3.7799,2.5863
8.7957,16.985,6.4466,23.845,30.658,27.836,49.69,57.341,53.547,46.046,35.381,44.297,55.242,70.349,68.923,44.751,47.426,41.977,27.446,16.757,16.796,22.007,11.061,10.154,10.427,11.903,13.778,13.266,9.6127,9.5415,10.948,10.539,9.3608,11.755,10.141,9.32,9.1307,13.609,6.0126,9.9087,6.429,8.9707,7.7184,9.3918,7.1392,5.9446,5.8424,9.971,10.637,6.8277,9.6331,8.4173,6.9711,7.1503,6.588,6.6849,10.803,5.538,10.281,8.4032,8.7422,7.1728,7.4009,8.2052,6.4687,5.2426,6.6397,4.3583,6.1049,6.0197,10.438,6.856,6.4833,5.0947,5.9805,4.7766,6.4821,9.4671,4.5586,6.1144,4.25
6.0354,10.182,3.0642,20.198,23.176,22.585,44.962,46.002,48.077,39.879,36.481,41.053,48.233,57.141,94.777,43.683,46.985,44.917,23.703,12.741,20.8,19.879,10.78,7.9212,8.7766,11.816,10.233,10.654,9.1458,8.6,11.636,7.4244,8.3092,7.7219,9.5031,9.5199,7.781,9.6813,5.6453,7.8499,4.4345,5.6458,8.9746,8.0288,5.4416,4.5703,3.3789,8.8309,8.643,5.4373,8.5981,6.6383,6.1939,7.0009,4.3596,5.4159,8.9321,4.4962,5.9477,6.9263,6.1903,3.0675,6.6011,6.0294,3.8297,2.5679,4.8735,2.7561,4.3564,2.4796,7.3736,3.3345,3.0127,5.224,3.9089,3.5694,2.6453,3.6623,2.1889,2.4658,1.9037
1.4607,0.89503,0.62275,3.3263,3.799,4.3188,6.2405,8.5588,7.6549,7.5952,5.3306,6.9489,6.2877,8.0699,9.5017,9.1731,8.6106,7.6023,4.8647,3.3072,4.3457,3.9515,2.2334,2.8542,2.0132,2.5288,2.3482,2.3185,1.7688,2.0825,2.5552,2.1515,2.5241,2.3984,2.0505,2.0503,1.8918,2.623,1.7698,2.1331,1.4525,1.9051,1.8003,2.2463,1.4976,1.3927,1.4968,2.0291,2.2978,1.6219,2.0715,1.8829,1.4521,1.8564,1.4003,1.4672,2.3144,1.2738,1.8861,2.1955,1.5559,1.5108,1.7934,1.4204,1.4381,0.9009,1.3564,1.05,1.3352,1.3214,2.3155,1.4408,1.3929,1.3645,1.3127,1.661,1.3674,1.1221,0.76232,1.17,1.0377
1.6285,1.1106,0.51068,4.8283,5.165,5.5069,8.727,11.701,10.211,9.7163,7.2854,9.504,8.3723,10.775,12.876,10.848,12.84,9.9206,6.0655,3.7705,5.1521,4.7524,2.9276,2.6058,2.224,3.0524,2.6347,3.0589,2.0252,2.4835,3.4294,2.3713,2.6542,2.4208,2.8434,2.5456,2.3038,3.1811,2.2964,2.5287,1.6774,1.9513,2.2877,2.6499,1.57,1.7416,1.6797,2.6319,2.7577,1.9484,2.319,1.9725,1.656,2.1267,1.5435,1.9553,2.5971,1.5688,1.8741,2.1601,1.7581,1.6299,2.154,1.6612,1.7083,1.136,1.2589,1.0545,1.3327,1.432,2.9038,1.4684,1.18,1.3411,1.5224,1.5795,1.3291,1.1339,0.75891,1.0815,1.015
1.9815,1.4603,0.68099,4.5232,4.1457,4.7767,7.498,8.7031,8.6588,7.7026,6.791,8.1146,7.2516,9.1593,11.822,9.1987,9.5279,11.599,5.6859,3.8798,5.6175,4.8277,2.8173,3.3163,3.0471,4.1133,2.5948,3.0973,2.5417,2.6249,3.7347,2.6142,3.3575,2.6402,2.7136,2.8374,2.6464,3.1068,2.1584,2.5236,1.9817,2.4051,2.5409,2.697,1.9715,1.9371,2.1854,2.5451,2.9031,1.9714,2.5923,2.4131,1.6492,2.287,1.9836,2.1042,3.2603,1.6761,1.8333,2.1324,1.8691,1.8072,1.9684,1.7533,1.6189,1.1722,1.4692,1.2399,1.7521,1.2993,2.2543,1.4753,1.2289,1.6373,1.5478,1.569,1.3078,1.7256,0.8623,1.4062,1.1667
1.3886,1.0899,0.57582,1.969,2.1318,2.1269,3.507,4.0637,4.0157,3.8925,2.488,2.9547,3.0798,3.9619,4.1272,3.8942,3.8539,3.7616,7.4329,7.021,5.5244,4.4509,2.9455,2.6833,3.2072,4.5361,2.8145,2.9302,2.1872,2.2558,3.0952,2.2462,3.4457,2.9523,2.5308,2.7851,2.2141,2.8383,2.1346,2.1258,1.6242,2.4673,1.9387,2.4324,1.7346,1.9409,2.2515,1.92,2.2102,2.3579,1.6995,1.9509,1.6269,1.6815,1.7443,1.9391,2.0332,1.6642,1.641,2.2164,1.7937,1.8012,1.7464,1.5567,1.438,1.1416,1.6505,0.89471,1.0482,1.4535,1.8072,1.653,1.8066,1.2388,1.3835,1.3115,1.1982,1.0443,0.85716,1.0063,0.99314
0.98459,0.55224,0.28499,0.90592,1.0358,0.79477,1.6096,1.6074,1.5054,2.0028,0.88892,1.0749,1.152,1.6577,1.5203,1.8142,1.6417,1.7589,4.8114,8.7327,4.7258,3.5073,2.2886,1.9552,2.2565,3.2207,1.8433,1.6124,1.6562,1.3931,1.8631,1.4342,2.4779,2.2646,1.7199,1.9673,1.6182,1.8208,1.6206,1.2224,1.0829,1.7759,1.231,1.4943,1.3031,1.0735,1.5451,1.0344,1.2607,1.5097,1.2703,1.3123,1.2333,1.1543,1.256,1.3154,1.5125,1.326,1.2376,1.4371,1.1001,1.2577,1.2472,1.0501,1.002,0.64543,1.0032,0.70337,0.74714,1.0399,1.1218,1.1224,1.6093,0.81992,0.89283,1.0469,0.84971,0.83971,0.5649,0.87064,0.79824
3.008,1.5261,1.1934,2.0966,2.6231,2.1332,3.4787,2.7811,3.0604,3.6136,2.7332,2.8865,2.9476,2.8395,4.2414,4.074,3.8337,4.3523,6.4698,8.0762,18.924,7.0304,5.9929,5.9867,7.0117,7.9852,4.1682,3.5409,4.7839,3.9072,4.4555,2.8031,5.7073,3.3302,3.632,4.4241,3.2183,3.5662,3.8924,3.4797,2.7956,2.7756,3.3232,3.8214,3.7383,2.6277,3.313,2.7131,3.3815,3.0233,3.0526,3.4086,2.6668,4.3925,3.1514,2.9805,3.7693,3.0193,2.6977,3.0737,2.4797,2.6551,3.6162,2.3436,2.5995,1.9942,2.3067,1.8759,2.3986,2.6953,3.0613,3.1236,3.0399,3.2957,2.3846,3.3146,2.2595,1.6154,1.4912,1.977,1.9069
2.203,1.5998,1.0163,2.6838,3.1138,2.1865,3.9068,4.5304,3.8611,3.6636,2.9204,3.4409,3.9878,4.2899,4.674,4.2715,4.0776,4.3129,6.0103,6.9112,8.1064,15.079,5.9961,6.36,5.0778,5.2075,5.2269,4.7511,4.3667,4.4475,5.9005,4.0026,5.3195,4.6762,4.3755,4.4928,4.8646,4.7945,4.4553,4.0132,2.9618,3.5143,4.4877,4.7901,4.0601,4.4844,3.4197,3.7444,3.949,3.8977,3.8767,3.5975,2.943,4.0594,3.8696,4.9217,4.2566,4.0656,3.2781,3.7658,3.6078,3.925,3.4996,2.8931,3.3127,1.9123,2.8628,2.0862,2.4777,2.9752,3.5636,3.4673,2.8425,3.1629,2.6018,2.8359,2.7162,2.3756,1.3552,2.7029,2.139
2.4082,1.2844,1.1372,1.4202,2.1041,1.4632,2.1523,1.823,1.4411,2.0871,1.4768,1.9699,2.4048,1.703,2.0021,1.9069,1.984,1.988,3.1417,3.5621,5.458,4.7361,7.2572,3.2876,3.1136,3.19,3.271,2.8475,2.9644,2.8269,3.7058,2.3752,3.3524,2.6165,2.8537,3.2499,2.8066,2.5658,2.7453,2.7138,2.0202,1.9046,3.0211,3.3031,2.2989,3.0713,2.2507,2.2657,2.7889,2.7453,2.0572,2.3567,1.9498,2.6454,2.4596,3.0323,2.3414,2.8481,1.9876,2.1272,2.4,2.4431,2.3708,2.0548,2.1395,1.4572,1.9163,1.2064,1.2782,1.7968,2.1543,2.3537,1.7098,2.3258,1.6648,1.9256,1.5565,1.1046,0.93974,1.4537,1.2152
1.5767,0.95263,0.72563,1.6252,2.4162,0.92873,1.6954,2.8989,2.0262,1.3358,1.1539,1.8249,1.5441,1.8613,1.7515,2.9014,2.1025,2.7861,3.4074,3.6231,6.4915,5.9809,3.9142,14.19,4.1872,4.4927,3.8328,3.6176,4.2405,3.9691,3.5901,2.9552,4.9432,3.9788,2.8178,2.9439,3.8161,3.5772,3.8426,3.7364,2.6489,2.5904,2.882,3.4735,3.6206,4.454,3.4833,2.9224,3.0387,2.4258,4.0528,3.1426,3.1111,3.7839,3.1643,3.2768,3.2367,2.9416,2.7011,3.1728,2.2594,2.7644,2.6574,2.1609,2.4002,1.6211,2.3638,1.8964,3.1421,2.7537,2.8256,2.7037,2.0962,2.4883,2.241,3.1448,2.7927,2.3513,1.7609,2.4584,2.2212
1.8315,1.1497,1.0429,1.8493,1.9576,1.3892,2.3576,2.6529,1.9486,1.6865,2.0832,2.153,2.392,2.3202,2.3557,2.4842,2.1782,3.1075,4.9438,5.0757,9.2291,5.7965,4.4999,5.0828,13.036,8.3361,5.4963,4.3883,4.3789,3.4467,4.0249,2.7829,5.3416,2.9477,3.3312,3.468,3.0547,3.5518,3.0297,3.6435,2.6498,2.7923,2.5969,3.5378,2.939,3.0679,3.3283,2.4197,3.2185,2.5323,2.5376,3.3057,2.2783,3.3794,2.6232,2.8251,3.317,2.552,2.5087,2.5837,2.4836,2.4402,2.5409,2.1629,2.1176,2.0146,2.0196,1.6709,1.843,2.1813,2.4597,2.94,2.0709,2.3029,2.4272,2.3032,1.8121,1.5352,1.2475,2.0348,1.5977
1.7646,1.341,0.63,1.3189,1.6074,1.2438,1.9066,2.0277,1.9622,2.3893,1.2307,1.8824,1.8229,1.9521,2.3374,2.2998,2.2034,3.0917,5.1535,5.3395,7.7465,4.3813,3.3979,4.0195,6.1439,10.319,3.4367,3.9576,4.0538,2.9848,4.267,2.511,5.2226,2.9288,3.2354,3.5785,2.8458,3.3376,3.2649,2.9881,2.6629,2.9355,2.4512,3.275,2.5085,2.847,3.5102,2.6878,2.9358,2.7614,2.236,3.0797,2.1229,3.0178,2.79,2.4555,3.0547,2.272,2.1884,2.519,2.2101,2.3612,2.2768,1.9409,1.8789,1.8565,1.9891,1.4762,1.7286,1.8373,2.1543,2.366,1.7828,1.7835,2.3268,1.8449,1.6533,1.4294,1.175,1.6269,1.4467
2.2747,1.2723,1.0702,1.4308,2.1514,1.1567,2.1032,2.7002,1.6723,1.7637,1.3328,1.984,2.2691,2.2838,2.0459,2.1584,1.9223,1.9711,3.2319,3.0887,4.0869,4.4446,3.5215,3.4658,4.0943,3.4735,4.8312,3.2621,2.5873,2.6377,3.2094,2.3654,3.4476,2.4864,2.6366,2.6466,2.7009,2.9507,2.7702,2.8247,2.4385,2.1379,2.1712,2.787,2.2914,3.3614,2.4373,2.0891,2.5735,2.7145,2.5329,2.5856,2.1943,2.0313,2.1543,2.5784,2.6828,2.1778,2.4347,2.4496,2.6028,2.254,2.0723,2.1686,2.0202,1.3499,2.0084,1.3524,1.5525,2.071,2.2084,2.3253,1.8917,1.9686,1.823,2.0167,1.8856,1.5742,1.2357,1.9369,1.5225
1.96,1.2511,0.70852,1.7886,1.8805,1.6435,2.449,2.8763,3.1439,2.8995,1.4517,2.6456,2.1676,2.5911,2.5099,2.5112,2.6297,2.7725,3.9647,3.1836,4.0909,4.7604,3.6122,3.8544,3.8518,4.7132,3.8438,6.7512,3.9951,3.5052,4.9207,3.2466,4.7232,3.343,3.6329,3.3831,3.6476,3.7002,3.5441,3.7552,3.7653,3.0555,3.3113,4.0216,3.2302,4.5263,3.7479,3.5991,3.7657,3.9105,2.8347,3.379,2.2299,2.9994,3.3723,3.5603,3.177,3.371,2.766,3.2844,3.3571,2.8545,2.1847,2.7343,1.9048,2.0127,2.5158,1.2922,1.772,2.203,2.537,2.5079,1.5928,1.9557,1.9219,1.6798,1.6927,1.4712,1.1635,1.6275,1.4178
1.9385,1.1587,0.75088,1.1628,1.7225,1.0077,1.474,1.9465,1.5346,1.4611,1.3558,2.4431,1.5743,1.7648,2.0253,1.8007,1.6365,2.1386,2.7817,3.0737,5.1951,4.1126,3.5347,4.2469,3.6127,4.5378,2.8657,3.7553,5.8887,3.7759,4.6096,2.8602,4.7452,3.2719,2.8255,3.3432,3.2023,3.1191,3.7679,3.1997,3.447,2.8776,2.9504,3.4055,3.284,4.271,3.8206,3.5666,3.5116,2.8573,2.445,3.1689,2.1733,3.5062,3.1441,3.0687,2.9315,3.047,2.4379,2.2767,3.0952,2.5077,2.3648,2.1948,1.8945,1.8649,2.3569,1.3478,1.7932,1.8919,2.1257,2.3022,1.7698,1.6805,1.6714,1.8274,1.5369,1.3769,1.0822,1.6948,1.3359
3.6907,1.019,0.62612,1.4415,1.8297,0.92851,1.5888,2.3887,1.589,1.3153,1.3591,2.5577,1.447,1.6953,1.843,2.0518,1.9421,2.1374,2.7764,2.5022,4.1063,4.0537,3.2621,3.847,2.7521,3.2335,2.8272,3.1886,3.6542,5.0576,5.0649,3.0982,4.1594,3.1979,2.9649,3.1613,3.3811,3.155,3.3284,2.9,2.838,2.7507,2.8415,3.5889,3.2439,4.3824,3.868,3.1521,3.4913,2.8638,2.4423,2.7408,2.2445,2.8644,2.8858,3.0727,2.7426,2.8834,2.4784,2.4166,3.1694,2.5145,2.2862,2.3847,1.7506,1.7117,2.5381,1.4095,1.7462,2.0605,1.9819,2.2427,1.637,1.6125,1.6546,1.8805,1.4815,1.2267,1.0738,1.775,1.3698
2.9039,0.8024,0.59418,1.4466,1.5681,1.2675,1.8936,2.0318,1.832,1.2111,1.0446,2.3704,1.3963,1.6809,2.1549,2.1755,2.3175,2.6279,3.2919,2.8916,4.0463,4.6473,3.6953,3.0068,2.777,3.9945,2.9727,3.868,3.8549,4.3767,7.3268,3.454,4.4154,3.249,3.9079,3.4391,3.7499,3.6051,3.4245,3.1225,2.9536,3.1785,3.3734,4.1025,3.397,4.8985,3.7645,3.7232,4,3.4499,2.4489,2.9886,1.9464,2.8495,3.2242,3.6238,2.8352,3.2087,2.4125,2.3232,3.3889,2.9699,2.2195,2.3825,1.827,1.7587,2.7313,1.1918,1.3526,1.9309,1.852,2.1396,1.419,1.3864,1.5566,1.6025,1.3835,1.2027,0.94395,1.5811,1.1369
2.0398,1.0545,0.78644,1.5619,1.7942,1.191,1.6454,2.1113,1.6542,1.8181,1.4088,2.1503,1.5353,1.857,1.578,2.1023,1.8392,2.1111,2.7419,2.5547,2.9217,3.6182,2.7183,2.8407,2.2037,2.698,2.5145,2.9291,2.7452,3.0727,3.9642,4.1909,3.5355,2.7286,2.5459,2.5811,2.5345,2.82,2.5382,2.4046,2.5673,2.4698,2.3092,2.8282,2.4347,3.5082,2.8233,2.6399,2.9235,2.6507,2.0719,2.3269,1.7007,2.1931,2.4089,2.5212,2.3919,2.2439,2.1157,2.208,2.7022,2.2169,1.7559,1.8809,1.5281,1.3416,2.0082,1.114,1.4221,1.6349,1.7832,1.9325,1.4579,1.3456,1.3596,1.4367,1.3571,1.3951,0.85671,1.4219,1.1244
2.3689,1.4849,0.74748,1.341,1.7981,1.1211,1.5802,2.0901,2.0158,1.978,1.0357,2.2458,1.6341,1.7159,1.8372,2.5658,2.1416,2.8207,4.3756,4.5916,6.1886,5.0024,3.9913,4.9432,4.4004,5.8375,3.8127,4.4329,4.7381,4.2914,5.2719,3.6779,7.593,4.0771,3.7268,4.3559,3.8924,4.2476,4.3504,3.8339,3.8604,3.9499,3.4238,4.4209,3.3643,4.9674,4.7554,3.9766,4.3027,3.6905,3.5547,4.0843,2.8889,3.8161,3.6092,3.6832,3.9665,3.3092,2.8432,3.7711,3.7156,3.2752,2.8855,2.5957,2.5332,2.2562,3.1634,1.9025,2.4434,2.7255,2.8485,3.0959,2.4686,2.55,2.4504,2.8709,2.3905,1.8617,1.5304,2.3371,1.9906
3.2217,0.93719,0.78443,1.3075,1.838,1.1393,1.2732,2.1652,1.6696,1.833,0.83791,1.5611,1.1946,1.7668,1.3999,1.999,1.6015,1.8186,3.0739,3.4407,2.9608,3.6056,2.5542,3.2623,1.991,2.6841,2.2546,2.5726,2.6787,2.7053,3.1807,2.3274,3.343,5.5855,2.2791,2.2963,2.3711,2.6082,2.2611,2.2239,2.2015,2.4826,1.9915,2.9001,2.2673,2.9597,2.3815,2.2152,2.5233,2.7835,2.4611,2.0924,1.8836,1.8624,2.2056,2.4944,2.3352,2.1928,2.1284,2.6213,2.3333,2.259,1.9983,1.7797,1.7652,1.2528,1.8481,1.2576,1.6712,2.0625,2.1006,1.9274,1.6507,1.4909,1.5093,1.9094,1.7513,1.5435,1.0078,1.6746,1.2559
1.8775,0.81135,0.69593,1.3428,1.5357,1.1162,1.7979,2.1169,1.6174,1.2949,0.93891,1.8194,1.3599,1.646,1.8605,1.8456,2.0313,2.0185,2.8456,2.8219,3.487,3.6432,3.0083,2.495,2.4298,3.2019,2.5817,3.0189,2.498,2.7085,4.1313,2.345,3.2998,2.4611,3.9544,2.623,2.7438,2.8257,2.6977,2.4988,2.4565,2.3016,2.3182,2.8143,2.4757,3.1883,2.637,2.5443,2.6744,2.7209,2.1294,2.2941,1.7077,2.1178,2.3579,2.7247,2.4108,2.2542,2.1375,2.1294,2.5257,2.2332,1.9609,2.0098,1.6632,1.3398,1.8808,1.1647,1.2739,1.7964,1.8832,1.8021,1.552,1.5731,1.5979,1.707,1.3206,1.2796,1.0311,1.458,1.1954
2.0525,1.3356,0.91921,1.3243,1.7755,1.1123,1.8327,1.8983,1.7878,1.683,1.2877,1.9219,1.8192,1.6464,2.0285,2.0085,1.9793,2.2971,3.4082,3.5132,4.6229,4.0715,3.7287,2.837,2.7532,3.8545,2.8206,3.0598,3.2169,3.1432,3.957,2.5875,4.1977,2.6989,2.8548,4.0616,2.8797,3.0088,3.1883,2.691,2.5902,2.9064,2.6489,3.335,2.5819,3.4921,3.2231,2.9778,3.0868,2.8313,2.2787,2.6675,2.1389,2.723,2.7078,2.8879,2.8326,2.5315,2.1693,2.6571,2.8023,2.3151,2.42,2.0114,1.9156,1.6109,2.2162,1.4241,1.7111,2.1571,2.3039,2.3634,1.8974,2.1389,2.0607,1.8611,1.7485,1.4289,1.1468,1.7056,1.3975
2.0918,0.76371,0.63149,1.0934,1.6804,0.964,1.3985,2.0397,1.4833,1.3068,0.86647,1.9554,1.2723,1.5167,1.559,1.7426,1.6844,2.0146,2.5477,2.7172,3.1621,4.1453,3.0279,3.4579,2.2803,2.8823,2.7066,3.1021,2.8974,3.161,4.057,2.3892,3.527,2.6204,2.808,2.7078,4.7709,2.8013,3.0041,2.5248,2.4004,2.5848,2.5476,2.9615,2.7779,3.768,3.239,2.6878,2.72,2.6308,2.2325,2.5762,2.1212,2.2295,2.8109,3.0183,2.5007,2.5132,2.2222,2.4148,2.5099,2.4066,2.0613,2.1321,1.6528,1.3629,1.9232,1.3022,1.9136,1.9999,1.9101,1.965,1.4705,1.6676,1.5538,1.6311,1.6353,1.3534,1.0628,1.6788,1.3006
1.3817,1.1897,0.81921,1.4775,1.8271,1.2947,1.9279,2.4988,2.0435,1.8753,1.2759,2.1242,1.8352,2.1886,1.878,2.3393,2.2518,2.2898,3.1621,2.9602,3.3925,3.9556,2.6801,3.1383,2.567,3.2728,2.8629,3.0468,2.7323,2.8558,3.7763,2.5738,3.7266,2.7908,2.7998,2.7392,2.7123,3.6001,2.7066,2.5364,2.4539,2.5075,2.2094,2.8051,2.2799,3.2579,2.6981,2.5986,2.7599,2.5872,2.3642,2.3084,1.8943,2.1807,2.3311,2.56,2.5748,2.2188,2.1553,2.4145,2.6264,2.366,1.8735,1.964,1.8018,1.4077,2.0101,1.3428,1.5411,1.9826,2.1051,2.1445,1.6755,1.516,1.7084,1.8514,1.8284,1.5517,1.1958,1.629,1.4205
2.7934,0.92308,0.59235,0.87226,1.71,0.65651,1.1012,2.0966,1.0652,1.1911,0.95674,1.9448,1.1474,1.0614,1.2021,1.7325,1.7844,1.7463,2.6105,2.8921,4.0645,4.0348,3.1477,3.7005,2.4036,3.5143,2.9502,3.2033,3.6231,3.3071,3.9376,2.5428,4.1895,2.6558,2.9342,3.1862,3.1927,2.971,4.677,2.9782,3.2388,2.6422,2.5704,3.2092,3.1038,3.8849,3.4636,3.2179,2.9845,2.9567,2.6445,2.9586,2.3018,2.9308,2.8734,3.175,3.0749,2.7782,2.4921,2.5353,2.981,2.4495,2.5812,2.4249,2.0817,1.5834,2.3078,1.4806,1.8677,2.1428,2.4623,2.2881,2.0779,2.0405,2.0157,2.1584,1.7464,1.6051,1.2223,2.1248,1.6872
2.4397,0.88717,0.88601,1.2934,1.7842,1.2717,1.7058,2.4294,1.9534,1.6647,1.2665,2.3011,1.8733,1.8735,1.7902,2.2365,2.1044,2.1867,2.7842,2.3363,3.8916,3.8925,3.3325,3.8538,3.0958,3.4448,3.2219,3.6352,3.2953,3.0861,3.8453,2.5801,3.9543,2.7975,2.9108,2.8801,2.8738,2.9819,3.1897,3.9806,3.1643,2.4184,2.4741,3.1333,2.7534,4.1435,3.1192,2.8904,3.0962,2.8898,2.8597,2.9659,2.2,2.8128,2.7324,2.9829,2.8794,2.56,2.4744,2.6868,2.8191,2.3836,2.26,2.3859,1.9904,1.7587,2.2298,1.4771,1.813,2.2027,2.4471,2.2796,1.932,2.118,1.9227,1.97,1.8572,1.5291,1.3468,1.9202,1.5752
1.7515,0.90932,0.74099,0.93382,1.4353,0.86383,1.09,1.5529,1.1235,1.4495,1.0781,2.3732,1.1535,1.1962,0.99526,1.4988,1.3738,1.6899,2.0936,2.0369,3.0769,2.8272,2.4414,2.6887,2.2157,3.0211,2.7373,3.5871,3.4936,2.9721,3.5796,2.7109,3.9184,2.7254,2.8161,2.7282,2.6889,2.839,3.4137,3.114,5.2663,2.6623,2.05,3.0073,2.8851,4.488,3.2711,3.2819,3.1824,3.2837,2.6172,2.9713,2.0641,2.5264,2.7099,3.1214,2.8626,2.3692,2.5994,2.3874,3.3202,2.1555,2.0294,2.3901,1.5128,1.616,2.1999,1.3981,1.5499,1.8402,1.8508,1.958,1.6417,1.494,1.6179,1.6681,1.2955,1.5257,1.1459,1.6813,1.4013
0.71969,0.87374,0.55358,0.75305,0.94732,0.66425,0.98409,1.2146,1.0851,0.94379,0.66674,1.1775,0.97524,1.2157,0.9229,1.4317,1.164,1.4938,2.3164,2.433,2.225,2.4433,1.6764,1.915,1.7006,2.4257,1.7479,2.1201,2.1242,2.0981,2.8056,1.8995,2.9202,2.2385,1.9217,2.2297,2.1089,2.113,2.0283,1.7335,1.9391,3.602,1.6517,2.256,1.7559,2.558,2.3758,2.1383,2.2476,2.0223,1.5062,1.798,1.2759,1.717,1.9846,1.8216,1.8243,1.6777,1.5719,2.0055,2.0181,1.7358,1.2775,1.318,1.169,0.99581,1.6696,0.89191,1.0367,1.4663,1.412,1.5396,1.12,1.1386,1.2022,1.2171,1.1698,1.069,0.78446,1.0517,0.8905
0.9239,0.63773,0.49653,1.0246,1.1282,0.87205,1.2137,1.2836,1.3892,1.0316,0.95929,1.521,1.177,1.1548,1.6196,1.4937,1.5065,1.7423,2.0094,1.8618,2.941,3.4445,2.9357,2.3523,1.7461,2.2362,1.9598,2.5366,2.4044,2.3928,3.2874,1.9607,2.7945,1.9824,2.1369,2.2435,2.2947,2.0554,2.1784,1.9578,1.6484,1.8235,3.4023,2.797,1.9149,2.7298,2.1919,2.2172,2.3048,2.0309,1.5646,1.9084,1.5143,2.0857,2.1141,2.3098,1.9446,2.4736,1.5667,1.7632,1.919,1.8078,1.5271,1.4369,1.3489,1.2022,1.6772,0.98512,1.1961,1.4343,1.6331,1.632,1.1268,1.4735,1.1631,1.4475,1.1745,0.8382,0.73724,0.97734,0.93607
3.4134,1.0999,0.8382,1.4393,1.7401,1.387,1.6753,2.1509,1.9489,1.8691,1.5642,2.2382,1.7744,1.6929,1.7456,2.2454,2.1024,2.228,3.0373,2.7228,4.0745,4.4294,3.867,3.4155,2.8658,3.5995,3.0307,3.7115,3.3436,3.6411,4.8165,2.8931,4.3471,3.478,3.1255,3.4029,3.2137,3.144,3.2768,2.9872,2.9133,3.0007,3.3697,7.1689,2.7821,4.1511,3.477,3.1057,3.594,3.1298,2.6017,3.0241,2.2616,2.745,2.8112,3.5743,3.0149,3.5348,2.8791,3.0303,3.0984,2.7362,2.6158,2.4474,2.2183,1.8773,2.7303,1.598,1.7741,2.5609,2.6359,2.5391,1.8208,2.1961,2.0394,2.1593,1.924,1.3992,1.2226,1.9265,1.5622
3.0422,0.76315,0.68824,0.89513,1.6214,0.69184,1.0873,1.7027,1.0293,0.7865,0.88913,1.8002,0.93549,1.2344,1.1348,1.4358,1.1948,1.5622,2.0776,2.2775,3.8232,3.6012,2.5815,3.4149,2.2836,2.6446,2.3901,2.8595,3.0928,3.1567,3.8254,2.3889,3.1731,2.6082,2.6372,2.527,2.8914,2.451,3.0399,2.5178,2.6809,2.2402,2.2128,2.6686,3.7903,3.375,2.8539,2.7087,2.6754,2.6457,2.2181,2.331,1.8198,2.6383,2.6994,2.6597,2.4281,2.3926,2.1727,2.0001,2.6261,2.0866,2.1694,2.0424,1.4422,1.3046,1.8603,1.1047,1.5172,1.8335,1.7365,1.69,1.6134,1.4271,1.482,1.5568,1.3679,1.2159,0.93177,1.7859,1.1793
1.751,0.78132,0.69559,1.0371,1.7654,0.72554,1.0764,1.7471,0.92402,0.75053,0.73567,2.6612,1.0571,1.0438,0.96796,1.3561,1.346,1.5588,2.3608,1.9055,2.7292,4.0394,3.5025,4.2663,2.4208,3.0481,3.5607,4.0691,4.0848,4.3309,5.6022,3.4958,4.758,3.4576,3.4491,3.471,3.983,3.557,3.8641,3.8479,4.2352,3.3142,3.2036,4.0436,3.4275,8.126,3.9991,4.1984,4.5689,3.8216,3.2061,3.5402,2.8025,2.8632,3.4628,3.7611,2.9428,3.3269,2.6752,3.0073,4.3368,3.226,2.3737,2.7549,2.1407,1.9153,3.2023,1.5219,2.0542,2.1757,2.2254,2.3984,1.6681,1.6595,1.7353,1.8227,1.9469,1.561,1.3159,1.8725,1.4779
3.8918,0.97376,0.55651,0.86154,1.3021,0.72126,1.1145,1.1794,1.2585,1.0277,0.64198,1.2903,1.009,0.95223,0.66427,1.3529,1.205,1.6324,2.5421,2.5456,3.194,2.8593,2.3825,3.097,2.4379,3.4884,2.3966,3.1275,3.3918,3.5482,3.9963,2.6114,4.2281,2.5825,2.648,2.9738,3.1781,2.7344,3.1978,2.6888,2.8653,2.8572,2.3878,3.1439,2.6903,3.7121,5.2216,2.9757,2.99,2.6629,2.2224,2.8112,2.1216,2.4004,2.7505,2.8041,2.6678,2.2808,2.4172,2.325,2.5553,2.033,1.9638,2.171,1.5697,1.5996,2.3455,1.2605,1.8649,1.8702,1.8482,2.1419,1.6003,1.6272,1.6763,1.6617,1.3628,1.3617,1.1541,1.6755,1.4181
1.2268,1.0377,0.58129,1.3141,1.7558,1.1254,1.5898,2.2374,1.8074,1.4669,1.3951,2.3941,1.4914,1.7381,1.8567,1.9614,2.0193,2.0332,2.3184,1.8227,2.7975,3.3483,2.565,2.7789,1.8955,2.8567,2.197,3.2121,3.3864,3.0925,4.2271,2.6115,3.7814,2.569,2.7325,2.9384,2.8206,2.8165,3.1773,2.6648,3.0745,2.7503,2.5832,3.0033,2.7308,4.1679,3.1825,4.2698,3.1972,2.7875,2.266,2.5667,1.811,2.6732,2.8202,2.7839,2.5325,2.628,2.1305,2.2115,3.1041,2.3214,2.046,2.0602,1.5305,1.6213,2.3117,1.1592,1.5252,1.7678,1.9684,1.9922,1.57,1.478,1.5622,1.6349,1.4545,1.2859,1.023,1.4475,1.1301
2.1153,1.2228,0.96258,1.3799,2.0347,1.1383,1.8143,2.3659,2.0051,1.8172,1.3282,3.0283,2.03,2.0548,2.0138,2.4614,2.3447,2.5701,2.9577,2.4618,3.8638,3.9134,3.4991,3.2021,2.794,3.4579,2.9991,3.7244,3.6949,3.7959,5.0327,3.2048,4.5341,3.243,3.1829,3.3755,3.1631,3.315,3.2657,3.1633,3.3039,3.2037,2.9757,3.8516,2.9891,5.0265,3.5438,3.5431,4.5441,3.3391,2.5103,2.915,2.1265,3.0483,3.0647,3.0738,2.8373,2.9256,2.3791,2.7486,3.4784,2.8619,2.3922,2.3088,1.9386,1.834,2.6319,1.4113,1.659,2.002,2.3559,2.3918,1.7077,1.8197,1.7656,2.0497,1.78,1.3449,0.94579,1.6831,1.3055
2.1162,0.96832,0.78259,1.0136,1.6471,1.1035,1.2061,1.4877,1.3145,1.8408,1.0511,2.156,1.1714,1.2134,1.1655,1.5984,1.524,1.6057,2.9028,2.7122,3.1781,3.5535,3.1687,2.3518,2.0224,2.9923,2.9103,3.5581,2.7659,2.8645,3.9933,2.6733,3.5778,3.2911,2.9792,2.8483,2.8147,2.8589,2.9765,2.7162,3.1363,2.6519,2.4123,3.0857,2.7194,3.8679,2.9035,2.8419,3.072,4.7129,2.1291,2.5739,2.0191,2.3073,2.6643,2.9715,2.5001,2.5884,2.2994,2.5398,3.0073,2.5889,2.1688,2.2631,1.7654,1.4938,2.0829,1.288,1.4481,1.7831,2.1973,1.9939,1.657,1.6593,1.7406,1.5749,1.6313,1.2437,1.0271,1.4841,1.2392
2.4339,0.78843,0.5378,1.2111,1.2978,0.75603,1.293,1.5126,1.3695,1.1305,0.759,1.1888,1.2036,1.3372,1.4396,1.5945,1.4169,1.6491,1.6343,1.7826,2.5065,2.7607,1.8547,3.069,1.583,1.8925,2.1211,2.0146,1.8487,1.9081,2.2141,1.6322,2.6918,2.273,1.8212,1.7906,1.8657,2.0406,2.0794,2.0995,1.9525,1.5427,1.4516,2.0036,1.7808,2.5346,1.8928,1.8045,1.8039,1.663,3.3612,1.9896,1.576,1.5915,1.7361,2.0803,2.2972,1.5785,1.7879,2.0697,1.7425,1.679,1.6968,1.5976,1.5593,1.0347,1.5745,1.1144,1.5114,1.8565,1.7747,1.6471,1.3996,1.6042,1.569,1.8952,1.7616,1.4225,1.2162,1.9521,1.3573
3.2502,0.9732,0.55797,1.137,1.6292,1.1259,1.5203,1.87,1.7007,1.4467,1.1183,1.922,1.6318,1.6637,1.5826,2.0638,1.716,2.1859,2.6712,2.6219,3.9852,3.6477,3.0254,3.3884,2.9363,3.7115,3.0832,3.4194,3.4116,3.0491,3.8475,2.61,4.4039,2.7516,2.7937,2.9846,3.0654,2.837,3.3125,3.1005,3.1563,2.6223,2.5211,3.3161,2.6647,3.9851,3.4091,2.9104,2.9827,2.8627,2.8329,4.5734,2.2295,2.5357,2.9075,2.9479,3.1723,2.5262,2.62,2.8708,2.9905,2.4471,2.2123,2.3487,1.9795,1.9044,2.3546,1.5088,1.859,2.2467,2.2276,2.3459,2.0374,2.1153,1.8768,2.0138,1.8916,1.4469,1.3727,2.039,1.6651
2.0386,0.9968,0.81659,1.1288,1.9215,0.74877,1.1886,1.6437,1.1559,0.94491,0.9356,1.5813,1.1902,1.1767,1.2611,1.3593,1.2303,1.2758,1.9024,2.1044,2.6627,2.5485,2.1376,2.8648,1.7283,2.1849,2.2345,1.9272,1.9982,2.1324,2.14,1.6292,2.6601,2.1154,1.776,2.0438,2.1556,1.9883,2.2009,1.9641,1.8725,1.5892,1.7084,2.1179,1.7767,2.6942,2.1973,1.7537,1.8582,1.9178,1.9165,1.904,3.1024,1.6108,1.8132,1.8865,1.986,1.6308,1.7792,2.1243,1.9247,1.6576,1.7587,1.5948,1.5323,1.1361,1.6537,1.1795,1.6315,1.9587,2.0316,1.7051,1.6046,1.6008,1.6489,1.768,1.6943,1.2835,1.1048,1.578,1.3184
1.024,0.98138,0.7248,0.86562,1.5741,0.68915,1.1527,1.7118,1.1666,1.0323,1.0856,2.2842,1.3466,1.28,1.5117,1.8429,1.6757,1.8763,2.0853,2.0889,4.6513,3.7279,3.0758,3.6952,2.7187,3.294,2.1938,2.7491,3.4189,2.8861,3.3224,2.228,3.7267,2.2182,2.3358,2.7594,2.4027,2.4273,2.9719,2.6633,2.4307,2.2681,2.4955,2.7262,2.7317,2.9192,2.6365,2.7454,2.8249,2.3242,2.0525,2.2966,1.7083,4.2693,2.7167,2.4007,2.7027,2.525,1.9037,2.2751,2.2979,2.0884,2.201,1.7985,1.745,1.6161,1.9033,1.3333,1.7418,1.7863,2.226,2.2604,1.6388,1.9547,1.8701,1.9494,1.6702,1.2099,0.89607,1.5756,1.2502
1.8214,1.1606,0.78226,1.2444,1.7827,0.95168,1.1085,1.6022,1.1876,0.93832,0.70877,1.8758,0.98836,1.1914,0.951,1.4043,1.2287,1.6441,2.1853,2.2962,3.3712,3.5901,2.889,3.1218,2.132,3.0766,2.3505,3.1225,3.0972,2.9374,3.7978,2.4723,3.5607,2.6539,2.6273,2.7722,3.0604,2.6213,2.9437,2.6136,2.6339,2.6483,2.5554,2.8205,2.8236,3.5666,3.052,2.926,2.8692,2.7112,2.2618,2.6603,1.9426,2.7445,4.0433,2.6859,2.7357,2.602,2.2533,2.5231,2.6241,2.4627,2.0019,2.0646,1.632,1.638,2.1449,1.5513,1.9357,2.0403,2.1193,2.3074,1.6795,1.7973,1.8488,1.8827,1.8539,1.615,1.2286,1.7062,1.4084
2.3106,0.60502,0.74175,0.99526,1.5845,0.93173,1.2487,1.388,1.3501,1.2192,1.1149,1.9674,1.0895,1.1536,1.1273,1.404,1.4852,1.6642,2.3181,2.2947,3.0424,4.3571,3.3987,3.0848,2.191,2.5837,2.6844,3.1457,2.8846,2.9844,4.0731,2.4691,3.4674,2.8639,2.897,2.8212,3.1357,2.747,3.1037,2.7226,2.895,2.3196,2.6642,3.422,2.6547,3.6966,2.969,2.7561,2.7461,2.8855,2.5862,2.5738,1.9287,2.3142,2.5629,4.4696,2.6821,2.8131,2.1853,2.4159,2.7539,2.4312,2.2135,2.2698,1.948,1.5251,2.1823,1.3763,1.6053,2.2547,2.2833,2.0208,1.6223,1.8601,1.8133,1.6355,1.5415,1.6524,1.1907,1.9745,1.4252
2.2858,0.93391,0.71387,1.5606,1.5958,1.078,1.4738,1.7137,1.5328,1.2337,1.4492,1.6888,1.3809,1.6103,1.606,1.9131,1.704,2.2272,2.0995,2.2791,3.3234,3.2549,2.2667,2.6319,2.222,2.7764,2.4126,2.4246,2.3802,2.301,2.7526,2.0233,3.2254,2.3159,2.214,2.3902,2.2441,2.3864,2.5964,2.2701,2.2932,2.0066,1.9374,2.4932,2.0934,2.4982,2.4398,2.1656,2.1894,2.097,2.4668,2.3924,1.7538,2.2504,2.2548,2.3167,3.9425,2.0501,2.061,2.3735,2.1756,1.9704,1.9389,1.844,1.6914,1.4374,1.8248,1.3196,1.8359,2.0343,2.0289,2.0933,1.7801,2.007,1.9589,1.9635,1.809,1.4951,1.2445,2.062,1.5367
1.5387,0.62895,0.63228,0.90315,1.5075,0.72969,0.8786,1.1723,0.91649,0.70209,0.93283,1.8169,0.87777,0.89994,0.8813,1.1479,1.1221,1.2483,1.8734,2.1783,2.9022,3.3892,3.006,2.6077,1.8637,2.2512,2.135,2.8046,2.697,2.6372,3.3962,2.0694,2.9336,2.3708,2.2569,2.3287,2.4587,2.2419,2.5574,2.2002,2.0691,2.0117,2.6866,3.1867,2.2487,3.079,2.274,2.4499,2.4612,2.3668,1.8479,2.077,1.57,2.2921,2.3381,2.649,2.235,3.6714,1.8216,2.0325,2.3085,2.1117,1.7705,1.7624,1.5337,1.3214,1.8374,1.0502,1.324,1.6437,1.9741,1.8664,1.3681,1.4799,1.6022,1.5337,1.3857,1.1286,0.93561,1.3533,1.1269
3.1754,1.7069,1.1584,1.4714,2.0292,0.98343,1.6878,1.8932,1.3964,1.2242,0.90712,1.6514,1.7366,1.8157,1.267,1.8472,1.4568,1.4838,2.0077,2.2095,2.8181,2.97,2.2799,2.6023,1.9911,2.3566,2.5941,2.501,2.3452,2.4636,2.7751,2.1205,2.7392,2.5009,2.3258,2.1688,2.3627,2.3669,2.4932,2.3112,2.4673,2.0484,1.8493,2.8208,2.2193,2.6908,2.6192,2.1585,2.1751,2.2851,2.2747,2.341,1.8615,1.8781,2.2005,2.2364,2.4419,1.9797,3.8348,2.2509,2.3893,1.9208,1.893,2.0964,1.6567,1.4468,1.9719,1.3751,1.6679,2.131,2.1269,2.0724,1.9091,1.7306,1.7754,1.6445,1.7208,1.8982,1.3288,1.9285,1.508
2.1964,1.1108,0.9257,1.5038,1.8897,1.2586,1.2649,1.8764,1.7618,2.5664,0.93733,1.3336,1.2185,1.4702,1.4616,2.1301,1.6634,1.7097,2.6862,2.5415,3.1808,3.3799,2.4171,3.0281,2.0314,2.6872,2.5855,2.942,2.1697,2.3796,2.6473,2.1922,3.5991,3.0512,2.2953,2.6316,2.5434,2.6266,2.5126,2.4862,2.2448,2.589,2.0617,2.9412,2.0238,2.9964,2.4957,2.2196,2.4894,2.5003,2.6085,2.5411,2.2018,2.2235,2.4408,2.4493,2.7858,2.1883,2.2298,4.4167,2.3734,2.3331,2.1808,1.991,1.9261,1.5388,2.2029,1.5254,1.9429,2.671,2.7824,2.3915,2.1381,2.0664,2.2626,2.3617,2.5727,1.7585,1.5566,2.0691,1.7693
1.6985,1.2747,0.8188,1.2556,1.8357,0.78544,1.2205,1.6008,1.0537,0.99594,0.92993,2.1122,1.3057,1.387,1.1846,1.3689,1.2277,1.359,1.9714,1.7643,2.3271,2.9363,2.4731,1.9554,1.7707,2.138,2.4912,2.7269,2.6748,2.8301,3.5019,2.4329,3.2158,2.463,2.4688,2.5168,2.3973,2.5909,2.679,2.3656,2.831,2.3625,2.0349,2.7271,2.4097,3.9185,2.4874,2.8253,2.8569,2.6847,1.9915,2.4004,1.809,2.0365,2.302,2.5318,2.3156,2.2538,2.1463,2.1523,3.6939,2.2223,1.8767,2.027,1.4956,1.3234,2.1881,1.1418,1.2853,1.7448,1.7454,1.8604,1.6467,1.3588,1.5469,1.4593,1.4195,1.3676,0.98878,1.5144,1.134
1.1094,0.95936,0.76834,1.0522,1.762,0.66887,1.0754,1.3575,0.97435,0.75799,0.8149,1.5984,1.1176,1.1435,0.58987,1.3357,1.1437,1.3203,1.9892,2.0268,2.5038,3.21,2.5296,2.4041,1.7482,2.2952,2.1678,2.3299,2.1776,2.2562,3.0839,2.0056,2.8484,2.396,2.1935,2.0893,2.3097,2.3454,2.2121,2.0098,1.8468,2.0419,1.9262,2.42,1.9239,2.9291,1.9886,2.1231,2.3619,2.3224,1.9282,1.9738,1.5655,1.8598,2.1709,2.246,2.1074,2.0717,1.7339,2.126,2.2331,3.1636,1.8437,1.6967,1.6833,1.2168,1.835,1.1816,1.3901,1.71,2.0095,1.8606,1.4206,1.4486,1.535,1.7061,2.0429,1.4024,1.0948,1.4488,1.194
2.7605,0.72551,0.69346,0.82665,1.5247,0.61536,1.018,1.5781,0.94392,0.87209,1.0846,1.629,1.1701,1.0274,1.1053,1.3806,1.3161,1.2523,1.6795,1.7502,2.9695,2.4923,2.1376,2.0124,1.5852,1.9272,1.7355,1.5528,1.7881,1.7863,2.0068,1.3833,2.1852,1.8456,1.6771,1.9018,1.7227,1.6172,2.0298,1.6594,1.5141,1.3086,1.4169,2.0146,1.7419,1.8767,1.6726,1.6294,1.7191,1.6941,1.6969,1.5538,1.4464,1.7068,1.5367,1.7806,1.8057,1.5125,1.488,1.7304,1.6421,1.6054,2.6972,1.4077,1.4139,0.98002,1.2699,1.0443,1.3424,1.7765,1.8601,1.5098,1.5355,1.5545,1.5037,1.8378,1.4203,1.1714,0.87425,1.5291,1.09
2.0476,0.86394,0.73253,0.96535,1.4653,0.80294,1.165,1.4612,1.0701,1.0009,0.96448,1.5915,1.2246,1.2999,1.1522,1.2479,1.1583,1.273,1.7084,1.6817,2.1962,2.3513,2.1143,1.8675,1.5399,1.8749,2.0727,2.2179,1.894,2.1263,2.4585,1.6911,2.2433,1.8759,1.9617,1.8039,2.0335,1.9347,2.1762,1.9992,2.035,1.5407,1.5214,2.151,1.8715,2.4857,2.1103,1.8724,1.8935,2.0175,1.8233,1.8826,1.4968,1.5916,1.8086,2.0837,1.9598,1.7182,1.8806,1.8029,2.0241,1.6861,1.6065,2.3128,1.3726,1.1171,1.5635,1.0805,1.2453,1.5722,1.7131,1.6479,1.4322,1.2854,1.3998,1.4456,1.3412,1.2895,1.1067,1.5486,1.2213
1.66,0.92247,0.77032,0.90878,1.3587,0.67282,1.0482,1.2541,0.96475,0.70279,0.88585,1.1264,1.2316,0.99987,0.714,1.2327,1.1623,1.1468,1.5397,1.5656,2.3767,2.6268,2.1478,2.0239,1.4709,1.7708,1.8838,1.5074,1.5951,1.523,1.8394,1.3405,2.136,1.8153,1.5839,1.6762,1.538,1.7317,1.8227,1.6272,1.2567,1.3332,1.3936,1.9022,1.2893,1.8845,1.4887,1.3571,1.5512,1.5355,1.7363,1.548,1.4031,1.5067,1.3948,1.7448,1.7539,1.4589,1.45,1.7017,1.4571,1.6321,1.5743,1.3392,2.5453,1.0008,1.3527,0.98295,1.2237,1.5934,1.898,1.6358,1.4106,1.4919,1.4452,1.5881,1.5436,1.2052,0.985,1.5063,1.1895
0.88368,0.63093,0.331,0.53475,0.86177,0.3817,0.63694,0.65192,0.66259,0.38929,0.41234,0.8292,0.66608,0.60739,0.35884,0.5788,0.57931,0.62237,0.91621,0.7559,1.3666,1.1366,1.0965,1.0246,1.0489,1.3115,0.94348,1.1939,1.1768,1.1162,1.3271,0.88211,1.426,0.96569,0.95632,1.0565,0.95061,1.0141,1.0391,1.0776,1.0062,0.8513,0.93089,1.2066,0.8742,1.2638,1.137,1.0776,1.1,0.97382,0.86354,1.1163,0.7798,1.0459,1.0494,1.0239,1.1172,0.94212,0.94908,1.019,0.96642,0.88427,0.81789,0.81693,0.75014,1.2996,0.92061,0.56436,0.80212,0.87509,0.9626,0.97385,0.75284,0.85618,0.76081,0.73329,0.78598,0.67616,0.5768,0.7754,0.62704
1.1338,0.91241,0.51467,0.79265,1.1713,0.56666,0.80839,0.89036,0.84168,0.61984,0.54343,1.0586,0.78398,0.85342,0.75556,0.96675,0.71222,0.86544,1.4696,1.3035,1.7537,1.8876,1.5997,1.6574,1.1666,1.5589,1.5574,1.6556,1.6501,1.8361,2.2865,1.4648,2.2181,1.5804,1.4894,1.6125,1.4881,1.6064,1.6802,1.5158,1.5196,1.5835,1.4408,1.9469,1.3829,2.3441,1.8497,1.7046,1.7512,1.5064,1.4579,1.5312,1.2592,1.3666,1.5244,1.6254,1.5735,1.4533,1.4351,1.6184,1.7727,1.4794,1.1757,1.2684,1.1248,1.0213,2.0797,0.82521,1.0255,1.2263,1.3432,1.427,1.0778,1.0676,1.0927,1.1763,1.1407,1.0314,0.86837,1.1285,0.92522
0.64507,0.43066,0.49807,0.47228,0.73198,0.33698,0.4195,0.59347,0.47751,0.36802,0.36436,0.69172,0.53077,0.48443,0.3695,0.64717,0.5159,0.63159,0.68892,0.79031,1.2334,1.1896,0.87094,1.1499,0.83464,1.0005,0.90689,0.73537,0.816,0.88181,0.86281,0.7027,1.1536,0.93,0.79764,0.89608,0.87138,0.92802,0.93225,0.86838,0.83517,0.73152,0.73185,0.9854,0.71017,0.96341,0.85963,0.73917,0.81208,0.80559,0.89229,0.84848,0.7767,0.82786,0.95347,0.88649,0.98398,0.71832,0.86543,0.96909,0.79995,0.82383,0.83614,0.75806,0.70684,0.54144,0.71362,1.1247,0.83973,0.94181,0.97366,0.92589,0.79452,0.82494,0.85012,1.0335,0.94832,0.80276,0.60593,0.83537,0.74656
0.83448,0.66237,0.5557,0.63088,1.2136,0.43775,0.64498,1.1351,0.74445,0.36132,0.6828,1.2391,0.64451,0.74497,0.64121,0.90353,0.71583,0.97987,0.88608,0.92164,1.7313,1.551,1.013,2.0916,1.0107,1.2862,1.1429,1.1071,1.1919,1.1993,1.075,0.98481,1.6265,1.3568,0.95778,1.182,1.4058,1.1693,1.291,1.1701,1.0164,0.93345,0.9755,1.201,1.0708,1.4276,1.3962,1.0677,1.048,0.9943,1.3286,1.1477,1.1794,1.1873,1.3061,1.1351,1.503,0.99423,1.1524,1.3551,0.98855,1.0641,1.18,0.95922,0.96603,0.84485,0.97363,0.92189,2.0875,1.2771,1.3988,1.2469,1.0729,1.2312,1.1953,1.2147,1.3333,1.1818,0.86993,1.1171,0.97207
1.7941,0.74723,0.67279,0.8193,1.2038,0.42636,0.64132,0.85058,0.85819,0.44865,0.46187,0.68487,0.70515,0.67723,0.33648,0.82441,0.70912,0.66991,1.1328,1.1827,1.7937,1.7171,1.3129,1.69,1.1028,1.2603,1.4056,1.269,1.1593,1.3047,1.4149,1.0438,1.6727,1.5438,1.2452,1.3737,1.3545,1.3869,1.3656,1.3106,1.1126,1.2173,1.0785,1.5984,1.1931,1.394,1.2909,1.141,1.166,1.1288,1.5046,1.2788,1.3055,1.1226,1.2692,1.4699,1.5354,1.1379,1.3575,1.7176,1.2372,1.2067,1.4397,1.1165,1.1597,0.84976,1.0734,0.95327,1.1774,2.6453,1.5376,1.3093,1.2413,1.1945,1.3537,1.5094,1.3971,1.0475,0.9701,1.3271,1.0609
0.97576,0.65976,0.62507,0.91682,1.5216,0.73767,0.94511,1.6152,1.1947,0.91596,0.91118,1.4208,1.0307,1.0756,0.91654,1.3232,1.3171,1.0646,1.2901,1.1686,1.8661,1.8839,1.4419,1.5884,1.1391,1.3537,1.373,1.3386,1.1932,1.1495,1.243,1.0428,1.6013,1.4402,1.1957,1.344,1.185,1.3489,1.4374,1.3338,1.025,1.0736,1.1248,1.5069,1.035,1.3061,1.1686,1.1637,1.2568,1.2741,1.3175,1.1614,1.2403,1.2814,1.2076,1.3635,1.4027,1.2519,1.241,1.6389,1.1337,1.299,1.3808,1.1144,1.2654,0.85621,1.077,0.9027,1.1813,1.4085,2.3385,1.4225,1.2419,1.2972,1.4128,1.4348,1.4403,1.128,0.89701,1.1704,1.0269
0.70423,0.65201,0.49204,0.64666,0.80451,0.47287,0.57375,0.80274,0.59948,0.41036,0.30127,0.55587,0.66931,0.58041,0.3405,0.67639,0.54717,0.57238,0.96942,0.96051,1.5642,1.5058,1.2942,1.2486,1.1185,1.2213,1.1876,1.087,1.0616,1.0686,1.1798,0.92845,1.4298,1.0856,0.93993,1.1326,1.0015,1.1289,1.0973,1.0207,0.89085,0.96174,0.92341,1.1925,0.82749,1.1564,1.1125,0.96754,1.0482,0.94982,1.0045,1.0048,0.85515,1.0689,1.0801,0.99132,1.1889,0.97232,0.99341,1.1572,0.99274,0.988,0.92072,0.8806,0.89592,0.71161,0.93988,0.7052,0.86506,0.98524,1.1686,1.649,0.90163,0.9529,0.99669,1.069,0.99768,0.85094,0.65408,0.87879,0.74482
1.2835,0.6156,0.60937,0.50765,0.96203,0.42656,0.54009,0.74901,0.42837,0.62626,0.46944,0.58429,0.71534,0.60933,0.34153,0.72596,0.48812,0.52933,1.1763,1.5289,1.69,1.3705,1.0437,1.0747,0.87467,1.0217,1.0726,0.76644,0.906,0.86593,0.86866,0.77759,1.2657,1.0322,0.89869,1.0095,0.83203,0.97916,1.1062,0.9604,0.82923,0.77671,0.70784,0.94935,0.87701,0.89289,0.92279,0.8465,0.83087,0.87633,0.94763,0.96881,0.89341,0.86036,0.8728,0.88351,1.1224,0.79123,1.016,1.1486,0.97547,0.83747,1.0396,0.84965,0.85769,0.61072,0.78808,0.67182,0.82638,1.037,1.1326,1.001,1.6688,0.89346,0.94295,1.1011,0.97043,0.82615,0.66062,0.99419,0.7756
0.82966,0.56115,0.47513,0.55153,0.88872,0.35643,0.57363,0.60366,0.51087,0.319,0.4192,0.55466,0.69117,0.46949,0.58067,0.69731,0.54398,0.6915,0.79084,0.7638,1.7965,1.4952,1.3921,1.2509,0.95372,1.0021,1.0944,0.92271,0.84355,0.83633,0.83215,0.7037,1.2819,0.91407,0.89315,1.1158,0.92516,0.86865,1.0651,1.0323,0.73993,0.77422,0.90757,1.1227,0.76063,0.87097,0.92003,0.78135,0.86811,0.86039,1.0649,0.98621,0.87391,1.0062,0.91583,0.99329,1.2408,0.83921,0.903,1.0884,0.78925,0.83735,1.0319,0.74767,0.88945,0.68101,0.76543,0.68394,0.92975,0.97845,1.16,1.0373,0.87604,1.8107,0.93541,1.1073,1.0634,0.71419,0.60807,0.8583,0.71413
1.0199,0.58928,0.43561,0.57157,0.94088,0.41587,0.52877,0.58878,0.65709,0.24023,0.55123,0.83077,0.47233,0.51714,0.4077,0.62946,0.57946,0.61339,0.82876,0.78044,1.2197,1.1541,0.935,1.0571,0.9432,1.2268,0.95102,0.85088,0.78724,0.8053,0.8767,0.66718,1.1559,0.86834,0.85128,1.0087,0.80889,0.91858,0.98735,0.87932,0.75189,0.76706,0.67222,0.97833,0.74119,0.85456,0.88935,0.77498,0.79036,0.84693,0.97736,0.82108,0.84468,0.90334,0.884,0.90861,1.1364,0.85258,0.86929,1.1183,0.84314,0.83259,0.93665,0.76406,0.80852,0.56785,0.73512,0.66136,0.84702,1.0405,1.1855,1.018,0.86756,0.87773,1.7961,1.0281,1.0071,0.74013,0.74534,0.8804,0.76222
0.88181,0.43884,0.46675,0.54051,0.96775,0.35988,0.37299,0.94082,0.44951,0.30843,0.29737,0.49996,0.47188,0.44476,0.40088,0.85764,0.64736,0.66953,0.84593,0.98538,1.8256,1.3546,1.1645,1.5974,0.96376,1.0474,1.1328,0.8008,0.92683,0.9855,0.97189,0.75919,1.4583,1.1829,0.97925,0.98095,0.91431,1.0719,1.1385,0.97015,0.83477,0.83623,0.90081,1.1154,0.83837,0.96655,0.94933,0.87333,0.98799,0.82515,1.2712,0.9487,0.97528,1.0139,0.96933,0.88246,1.2265,0.8788,0.867,1.2569,0.85643,0.99649,1.2326,0.84964,0.95665,0.58934,0.85212,0.86577,0.92689,1.2493,1.2965,1.1758,1.0909,1.1189,1.107,2.6736,1.3022,0.7394,0.71006,0.93525,0.8686
0.61187,0.51325,0.48753,0.57343,0.87733,0.3091,0.40898,0.61488,0.42292,0.21564,0.19577,0.48367,0.49895,0.48821,0.24031,0.5711,0.4406,0.45141,0.62516,0.64693,1.0066,1.0495,0.76136,1.1474,0.61335,0.75925,0.85676,0.65274,0.6305,0.628,0.67869,0.58007,0.98216,0.87759,0.6128,0.74549,0.74147,0.85628,0.74507,0.73979,0.52437,0.65009,0.59122,0.8039,0.59588,0.8351,0.62974,0.62844,0.69401,0.69136,0.95577,0.72081,0.75596,0.70269,0.77206,0.67278,0.91405,0.64224,0.73384,1.1075,0.67389,0.96514,0.77054,0.63762,0.75212,0.51095,0.66842,0.64258,0.82294,0.9353,1.0527,0.88759,0.77766,0.86911,0.87715,1.0533,1.7237,0.74865,0.68863,0.80512,0.70331
0.63213,0.97611,0.58924,0.86772,1.2741,0.43958,0.82458,0.87578,0.58146,0.25255,0.29771,0.60569,0.72478,0.87779,0.40959,0.57696,0.46277,0.73327,0.67075,0.78705,0.886,1.13,0.66518,1.1893,0.63969,0.8081,0.88055,0.69842,0.69537,0.64019,0.7263,0.7341,0.94165,0.95216,0.73097,0.75,0.75547,0.89457,0.84305,0.74989,0.76028,0.73141,0.51944,0.71975,0.65202,0.82429,0.77467,0.68401,0.64553,0.64887,0.95016,0.67873,0.705,0.62666,0.82799,0.88782,0.92999,0.64396,0.99658,0.93195,0.79927,0.81561,0.78238,0.7547,0.72293,0.54114,0.74401,0.66965,0.89794,0.86333,1.0149,0.93198,0.81503,0.71858,0.79361,0.73628,0.92164,2.251,0.75705,0.97608,0.80599
0.43159,0.34346,0.30235,0.35196,0.4568,0.24776,0.29211,0.27249,0.28692,0.12641,0.14572,0.23086,0.25389,0.28967,0.16777,0.26862,0.21226,0.25112,0.37732,0.36287,0.56051,0.44178,0.38784,0.6104,0.35624,0.45526,0.47371,0.37853,0.37458,0.38403,0.39069,0.30894,0.5305,0.42607,0.40369,0.41252,0.40659,0.47249,0.43998,0.45266,0.39134,0.36782,0.31311,0.431,0.34245,0.47622,0.44996,0.37291,0.31112,0.36726,0.55674,0.44132,0.41591,0.31807,0.43168,0.43844,0.53053,0.36586,0.47811,0.56535,0.39604,0.4364,0.40018,0.44388,0.40494,0.31637,0.42931,0.34641,0.45301,0.54793,0.55312,0.49095,0.44665,0.4193,0.54773,0.48458,0.581,0.51883,0.74514,0.53216,0.44559
1.499,0.50098,0.42704,0.48534,0.70588,0.23751,0.41892,0.54304,0.27022,0.26613,0.24027,0.46439,0.44062,0.44696,0.21741,0.47429,0.34798,0.4711,0.50956,0.64336,0.85484,1.0136,0.69016,0.98032,0.66846,0.72515,0.85417,0.60912,0.67481,0.73029,0.75279,0.58988,0.93198,0.81446,0.65663,0.70578,0.73881,0.74043,0.87984,0.74241,0.66053,0.56728,0.47751,0.78128,0.75505,0.77955,0.75148,0.60704,0.63693,0.61044,1.028,0.7541,0.68337,0.64338,0.68965,0.8364,1.0112,0.60876,0.79822,0.86452,0.69776,0.66431,0.80521,0.71456,0.71237,0.48924,0.64183,0.54939,0.66917,0.86227,0.83023,0.75882,0.77326,0.68084,0.74426,0.73424,0.78143,0.76953,0.61218,1.4084,0.65289
4.2026,1.96,1.6641,2.3002,3.5012,1.6146,1.9834,2.6188,1.99,1.5544,1.4601,2.223,1.9206,1.9791,1.0693,2.6797,2.0806,2.49,3.2038,3.7577,5.2528,5.1101,3.6755,5.6425,3.3436,4.1078,4.2774,3.3805,3.3887,3.5902,3.4484,2.9715,5.0569,3.8912,3.4299,3.6839,3.6463,4.1133,4.4508,3.8798,3.507,3.0599,2.9135,4.036,3.1764,3.9195,4.0519,3.019,3.1473,3.2473,4.5534,3.9232,3.6371,3.2523,3.6267,3.8459,4.8009,3.2292,3.9763,4.7095,3.3285,3.4876,3.6566,3.59,3.5837,2.5204,3.3522,3.1278,3.7096,4.3913,4.6403,4.0971,3.843,3.6088,4.1049,4.3441,4.3486,4.0481,3.2655,4.1593,4.0735
