29.825,0,0,0.4567,0.11051,0,0,0,0,0.4685,0,0,0,0.050612,0,0.07285,0,0.013455,0,0.31573,0.18799,0.6131,0.19736,0.40817,0,0.15201,1.3077,0.75182,1.0758,3.664,2.5523,1.3338,0.96242,3.5976,1.0722,0.95396,1.9127,0.64862,2.3124,1.4133,1.1257,0.083112,0.17246,2.3888,3.0522,1.0097,4.1858,0.65612,0.83218,1.3683,2.7338,1.7529,1.712,0.093435,0.87222,1.9514,2.0089,1.0695,2.3601,1.6286,1.2387,0.20654,2.9388,1.7797,0.68352,0.57168,0.83755,0.45113,0.6291,2.4907,0.59307,0.50916,1.5089,0.62369,1.1827,0.87302,0.59477,0.60931,0.64471,3.345,1.0908
0,0,0,0,0,0,0,0,0,0,0,0,0,0,0,0,0,0,0,0,0,0,0,0,0,0,0,0,0,0,0,0,0,0,0,0,0,0,0,0,0,0,0,0,0,0,0,0,0,0,0,0,0,0,0,0,0,0,0,0,0,0,0,0,0,0,0,0,0,0,0,0,0,0,0,0,0,0,0,0,0
0,0,0,0,0,0,0,0,0,0,0,0,0,0,0,0,0,0,0,0,0,0,0,0,0,0,0,0,0,0,0,0,0,0,0,0,0,0,0,0,0,0,0,0,0,0,0,0,0,0,0,0,0,0,0,0,0,0,0,0,0,0,0,0,0,0,0,0,0,0,0,0,0,0,0,0,0,0,0,0,0
1.2244,0,0,0.9134,0,0,0,0,0,0.43869,0,0,0,0,0,0.008972,0,0,0,0.10419,0,0.02677,0,0.16472,0,0,0.25386,0.11143,0.1826,0.21995,0.15283,0.17606,0.15219,0.010816,0.03545,0.11763,0.17705,0.091303,0.41044,0.19185,0.18705,0,0,0.148,0.14448,0.088279,0.45422,0.1172,0.013048,0.10804,0.51967,0.34856,0.15322,0.07373,0.35014,0.23913,0.51153,0.33587,0.18846,0.31216,0.19804,0,0.056054,0.13206,0.1306,0,0.34874,0.036792,0,0.13459,0.083697,0.46766,0.23817,0,0.1172,0.039043,0,0.23286,0.23779,0.62626,0.25669
0.32579,0,0,0,1.794,0,0,0,0,0.12589,0,0,0,0,0,0.014374,0,0,0,0.024202,0,0.14654,0,2.0741,0,0.019273,0.13523,0.01533,0.22996,0.56417,0.057476,0.16828,0.057702,0.4451,0.015115,0.13287,0.78939,0.024295,0.30426,0.058923,0.083048,0.014028,0.015057,0.030026,0.2216,0.93215,0.64369,0.031186,0.25185,0.036044,0.13828,0.063796,0.58084,0.018638,0.11594,0.17953,0.13848,0.085451,0.05821,0.10977,0.048498,0.016087,0.004399,0.13536,0.052141,0.07362,0.079091,0.0023256,0.59517,0.054881,0.10033,0,0.046682,0.024262,0.053156,0.026786,0.028177,0.060023,0.08468,0.22858,0.061354
0,0,0,0,0,0,0,0,0,0,0,0,0,0,0,0,0,0,0,0,0,0,0,0,0,0,0,0,0,0,0,0,0,0,0,0,0,0,0,0,0,0,0,0,0,0,0,0,0,0,0,0,0,0,0,0,0,0,0,0,0,0,0,0,0,0,0,0,0,0,0,0,0,0,0,0,0,0,0,0,0
0,0,0,0,0,0,0,0,0,0,0,0,0,0,0,0,0,0,0,0,0,0,0,0,0,0,0,0,0,0,0,0,0,0,0,0,0,0,0,0,0,0,0,0,0,0,0,0,0,0,0,0,0,0,0,0,0,0,0,0,0,0,0,0,0,0,0,0,0,0,0,0,0,0,0,0,0,0,0,0,0
0,0,0,0,0,0,0,3.8751,0,0,0,0,0,0,0,0,0,0,0,0,0,0,0,1.5647,0,0,0.51737,0,0.17342,0.76432,0.12482,0.16347,0.45324,0.4124,0,0.3098,0.79229,0.35786,0.33551,0.45797,0.11593,0,0,0.10808,0.37979,0.81809,0.52856,0.50528,0.010669,0,0.61257,0.29384,0.49306,0,0.10023,0.051407,0,0,0,0,0.23762,0,0,0,0.042429,0,0,0,1.1055,0,0,0,0.13064,0,0,0,0.19377,0,0,0,0.060549
0,0,0,0,0,0,0,0,0,0,0,0,0,0,0,0,0,0,0,0,0,0,0,0,0,0,0,0,0,0,0,0,0,0,0,0,0,0,0,0,0,0,0,0,0,0,0,0,0,0,0,0,0,0,0,0,0,0,0,0,0,0,0,0,0,0,0,0,0,0,0,0,0,0,0,0,0,0,0,0,0
0.62833,0,0,0.21946,0.057274,0,0,0,0,0.31845,0,0,0,0,0,0.022387,0,0,0,0.054519,0,0.20428,0,0.060284,0,0.02468,0.24012,0.029566,0.093709,0.12178,0.11092,0.070973,0.08443,0,0.018193,0.060367,0.090862,0.046856,0.24418,0.10522,0.1135,0.017963,0,0.075951,0.074144,0.06046,0.21003,0.060147,0.0066962,0.069052,0.26669,0.16227,0.083825,0.047145,0.10607,0.19552,0.28791,0.20001,0.12681,0.19564,0.12288,0.0206,0.02395,0.11708,0.099923,0.027081,0.17796,0.016136,0.011141,0.076083,0.12469,0.19225,0.17374,0.006774,0.063639,0.040364,0.038053,0.097904,0.13908,0.31246,0.11935
0,0,0,0,0,0,0,0,0,0,0,0,0,0,0,0,0,0,0,0,0,0,0,0,0,0,0,0,0,0,0,0,0,0,0,0,0,0,0,0,0,0,0,0,0,0,0,0,0,0,0,0,0,0,0,0,0,0,0,0,0,0,0,0,0,0,0,0,0,0,0,0,0,0,0,0,0,0,0,0,0
0,0,0,0,0,0,0,0,0,0,0,0,0,0,0,0,0,0,0,0,0,0,0,0,0,0,0,0,0,0,0,0,0,0,0,0,0,0,0,0,0,0,0,0,0,0,0,0,0,0,0,0,0,0,0,0,0,0,0,0,0,0,0,0,0,0,0,0,0,0,0,0,0,0,0,0,0,0,0,0,0
0,0,0,0,0,0,0,0,0,0,0,0,0,0,0,0,0,0,0,0,0,0,0,0,0,0,0,0,0,0,0,0,0,0,0,0,0,0,0,0,0,0,0,0,0,0,0,0,0,0,0,0,0,0,0,0,0,0,0,0,0,0,0,0,0,0,0,0,0,0,0,0,0,0,0,0,0,0,0,0,0
0.22571,0,0,0,0,0,0,0,0,0,0,0,0,0.075104,0,0,0,0,0,0,0,0.027513,0,0,0,0.016666,0.024334,0.010621,0.033662,0.049692,0.045498,0.030023,0.028055,0.026447,0.036683,0.018268,0.015542,0.016832,0.054703,0.065342,0.051612,0,0.014639,0.027283,0.063675,0.039427,0.039877,0.029953,0.0024054,0.042542,0.05331,0.12406,0.028245,0.0084174,0.017488,0.040101,0.09748,0.021802,0.05876,0.043019,0.072837,0.022136,0.060237,0.048343,0.054056,0.050833,0.037063,0.036763,0,0.065479,0.010859,0.020805,0.14198,0.08183,0.055609,0.016029,0.11682,0.051969,0.022278,0.037526,0.063165
0,0,0,0,0,0,0,0,0,0,0,0,0,0,0,0,0,0,0,0,0,0,0,0,0,0,0,0,0,0,0,0,0,0,0,0,0,0,0,0,0,0,0,0,0,0,0,0,0,0,0,0,0,0,0,0,0,0,0,0,0,0,0,0,0,0,0,0,0,0,0,0,0,0,0,0,0,0,0,0,0
0.058586,0,0,0.0026914,0.0039213,0,0,0,0,0.013424,0,0,0,0,0,0.0031766,0,0,0,0.0048657,0,0.021722,0,0.0018019,0,0.0035744,0.022943,0.0036996,0.0087374,0.011872,0.012544,0.0048512,0.0099392,0.0018225,0.0020536,0.0052663,0.0077383,0.0043689,0.020296,0.010661,0.014538,0.0018391,0.001729,0.0077075,0.0090981,0.0073013,0.013876,0.0056081,0.0012522,0.0075761,0.022392,0.02414,0.010151,0.0019873,0.0035701,0.023994,0.028864,0.011903,0.012776,0.015289,0.012438,0.0043587,0.0035701,0.014449,0.011246,0.016361,0.013383,0.0056056,0.0046767,0.0093845,0.010887,0.010566,0.01971,0.010194,0.0092294,0.0054139,0.01423,0.0091705,0.015839,0.03923,0.012072
0,0,0,0,0,0,0,0,0,0,0,0,0,0,0,0,0,0,0,0,0,0,0,0,0,0,0,0,0,0,0,0,0,0,0,0,0,0,0,0,0,0,0,0,0,0,0,0,0,0,0,0,0,0,0,0,0,0,0,0,0,0,0,0,0,0,0,0,0,0,0,0,0,0,0,0,0,0,0,0,0
0.013093,0,0,0,0,0,0,0,0,0,0,0,0,0,0,0,0,0.0010272,0,0.0012756,0,0,0,0.00026541,0,0,0.0014115,0.0035309,0.001073,0.002352,0.0012525,0.001608,0.0016274,0.0011645,0,0.0010597,0.0030407,0.00097634,0.0033078,0.0017921,0.0020002,0,0,0.0015826,0.0037316,0.00069748,0.0023131,0.0012533,0.00013953,0.00067665,0.005557,0.00093784,0.0016384,0,0.0020779,0.0023261,0.0032334,0.0031025,0.0040616,0.0024399,0.0006483,0,0,0.0020345,0.00073965,0,0,0.00039343,0.0012355,0.0014392,0.0014725,0,0.001293,0,0.0040448,0.00055857,0,0,0,0.0049428,0.0021065
0,0,0,0,0,0,0,0,0,0,0,0,0,0,0,0,0,0,0,0,0,0,0,0,0,0,0,0,0,0,0,0,0,0,0,0,0,0,0,0,0,0,0,0,0,0,0,0,0,0,0,0,0,0,0,0,0,0,0,0,0,0,0,0,0,0,0,0,0,0,0,0,0,0,0,0,0,0,0,0,0
0.13929,0,0,0.017145,0.0036218,0,0,0,0,0.017934,0,0,0,0,0,0.0026692,0,0.00057833,0,0.013571,0,0.018973,0,0.0089778,0,0.0034549,0.031022,0.011967,0.017151,0.026166,0.019778,0.015369,0.019746,0.0076557,0.0039632,0.0085434,0.022095,0.010387,0.044469,0.022314,0.026427,0.0016986,0.0022046,0.015254,0.023326,0.019715,0.031538,0.013333,0.0048652,0.011866,0.052006,0.032317,0.018962,0.0028438,0.015705,0.040781,0.051296,0.031214,0.030746,0.030948,0.016817,0.0035665,0.0044511,0.027141,0.015754,0.014912,0.024887,0.013429,0.01354,0.018007,0.02065,0.016815,0.028082,0.011699,0.028602,0.0082592,0.012982,0.014671,0.018007,0.070507,0.027025
0.14173,0,0,0,0,0,0,0,0,0,0,0,0,0,0,0,0,0,0,0,0.011414,0,0,0,0,0,0.0041311,0.0056104,0,0.015146,0.028569,0.0098106,0.0026189,0.032272,0.0012212,0.0030296,0.010939,0.0045395,0.0043445,0.0013596,0.0020407,0,0,0.042328,0.026001,0,0.017417,0,0.011058,0,0.022652,0.00056023,0.0084455,0,0,0.019937,0,0.00084934,0.017944,0.0058079,0.0037551,0.00031227,0.037948,0.015287,0.00089158,0,0,0,0,0.032779,0,0,0,0,0.0051871,0.022419,0,0,0,0.023563,5.9156e-05
0.53297,0,0,0.0086804,0.043213,0,0,0,0,0.13241,0,0,0,0.0053633,0,0.02348,0,0,0,0.037387,0,0.22679,0.0080324,0.010842,0,0.036423,0.20206,0.027486,0.072443,0.10962,0.10941,0.04757,0.087564,0.022134,0.031145,0.048454,0.067508,0.039745,0.1776,0.099423,0.11862,0.020353,0.0085633,0.074347,0.075236,0.07093,0.11942,0.052657,0.0080655,0.072087,0.19386,0.19451,0.081364,0.021688,0.02881,0.19566,0.23897,0.11648,0.11269,0.15354,0.12267,0.031314,0.044642,0.13166,0.091022,0.09512,0.11243,0.029497,0.042451,0.097267,0.10856,0.081012,0.16491,0.069504,0.074425,0.048708,0.091019,0.07939,0.11365,0.28713,0.097166
0.13551,0,0,0,0,0,0,0,0,0,0,0,0,0,0,0,0,0,0,0,0,0.0063445,0.025809,0,0,0.0025404,0.01461,0.0063766,0.0015999,0.02821,0.027741,0.0056483,0.023805,0.015878,0.022024,0.010968,0.010275,0.010106,0.01397,0.020919,0.020139,0.0047806,0.00079015,0.026823,0.015991,0.014896,0.023942,0.017562,0.0079378,0.016842,0.02578,0.039777,0.016958,0,0.0031486,0.024076,0.020728,0.0056569,0.017157,0.030648,0.040267,0.0009772,0.03196,0.034934,0.0076557,0,0.0064311,0.0021164,0.019189,0.054284,0.0025039,0,0.040304,0.007742,0.013247,0.0086956,0,0.0019517,0,0.02253,0.015391
0.33368,0,0,0.050229,0.57516,0,0,0.45952,0,0.036746,0,0,0,0,0,0.0018317,0,0.00022297,0,0.016637,0,0.010196,0,2.9123,0.020605,0.033893,0.38884,0.097564,0.38533,0.89351,0.25732,0.31871,0.3808,0.5228,0.17768,0.19814,1.0639,0.38617,0.56232,0.44969,0.42717,0.022164,0.065282,0.067922,0.47314,1.4388,1.0174,0.23276,0.18516,0.10082,0.56113,0.40212,0.79838,0.0055128,0.1709,0.31693,0.16757,0.10412,0.46058,0.19139,0.16236,0.025631,0.090746,0.38609,0.15167,0.08918,0.15911,0.060544,0.96055,0.21937,0.059653,0.038544,0.16841,0.024823,0.078388,0.0057074,0.11318,0.28386,0.38236,0.32772,0.3085
0,0,0,0,0,0,0,0,0,0,0,0,0,0,0,0,0,0,0,0,0,0,0,0.025012,0.0073584,0,0.010954,0,0.0032533,0.0080811,0.011677,0.006255,0.0030385,0,0,0.0021243,0.010506,0.0044446,0.002022,0.0041359,0.0013473,0,0,0,0.0048797,0.010161,0.013175,0,0.00063518,0,0.010658,0.0065834,0.0061238,0,0.0012449,0.0015549,0,0,0.015138,0,0.0029513,0,0,0.0064286,0.0033671,0,0,0,0,0.0025457,0,0,0.0036598,0,0,0,0.0024067,0.013701,0,0.00070222,0.0024041
0.11118,0,0,0,0.0047817,0,0,0,0,0.013459,0,0,0,0.0027332,0,0.0032507,0,0,0,0.0057279,0,0.030644,0.0027059,0.030323,0,0.014369,0.042626,0.013652,0.021458,0.032839,0.031774,0.015063,0.022116,0.0090315,0.013799,0.0095513,0.02489,0.020596,0.046286,0.031725,0.03947,0.0026635,0.0027053,0.018818,0.024989,0.030466,0.036501,0.024217,0.0024809,0.017991,0.049213,0.058273,0.024184,0.0032189,0.0067346,0.044685,0.04755,0.016707,0.046031,0.031266,0.035358,0.0054593,0.016619,0.040017,0.021927,0.023722,0.016623,0.011082,0.011402,0.032293,0.015241,0.013678,0.037655,0.024448,0.016171,0.010635,0.028353,0.020263,0.019843,0.060381,0.026877
0.96663,0,0,0.069997,0.033908,0,0,0.13739,0,0.13235,0,0,0,0.0040336,0,0.021089,0,0.0010723,0,0.051982,0.0040504,0.17182,0.015729,0.3516,0.0081597,0.043082,0.36631,0.1118,0.1509,0.31239,0.25231,0.13389,0.19047,0.12337,0.11111,0.091466,0.26103,0.1676,0.33997,0.25822,0.26256,0.022869,0.029571,0.13885,0.22019,0.29972,0.31983,0.14879,0.044826,0.10049,0.44565,0.33447,0.21311,0.021512,0.084313,0.32715,0.32368,0.17616,0.31693,0.25223,0.20104,0.039041,0.12692,0.28678,0.14941,0.11464,0.17116,0.062008,0.16388,0.26034,0.12745,0.10769,0.24134,0.073851,0.14257,0.083736,0.11069,0.16885,0.20797,0.45525,0.21304
0.65485,0,0,0.036204,0.0045295,0,0,0,0,0.019202,0,0,0,0.0020744,0,0.004007,0,0.0031606,0,0.023627,0.0064818,0.02754,0.008089,0.10395,0,0.016258,0.13174,0.12596,0.057216,0.16443,0.14199,0.066186,0.083906,0.10556,0.078021,0.044062,0.12049,0.084283,0.1345,0.11382,0.11545,0.0060434,0.011814,0.095001,0.13172,0.11289,0.12427,0.071514,0.03762,0.040484,0.20927,0.13464,0.095372,0.0038295,0.056082,0.16352,0.14634,0.075894,0.17078,0.13295,0.087397,0.020025,0.11983,0.14727,0.062197,0.040979,0.060384,0.036017,0.045004,0.19118,0.032439,0.024113,0.087119,0.032227,0.091828,0.068276,0.037423,0.049047,0.075529,0.23794,0.0946
0.8808,0,0,0.055765,0.063867,0,0,0.051005,0,0.057206,0,0,0,0.00618,0,0.0088953,0,0.00090278,0,0.03183,0,0.068228,0.0019076,0.38591,0.0026841,0.02402,0.16714,0.053781,0.13668,0.25818,0.11901,0.10599,0.12168,0.13101,0.060593,0.062784,0.2264,0.10459,0.24805,0.1766,0.16925,0.0092004,0.024973,0.06089,0.16665,0.26466,0.31249,0.088825,0.030699,0.068105,0.24784,0.20855,0.19415,0.011409,0.072539,0.1767,0.19687,0.10242,0.20191,0.13946,0.10604,0.020634,0.079601,0.16756,0.083295,0.083701,0.10717,0.052693,0.14759,0.11651,0.063708,0.060711,0.14231,0.064769,0.093055,0.02882,0.085316,0.11321,0.15226,0.25936,0.149
2.9031,0,0,0.065005,0.15164,0,0,0.21755,0,0.07195,0,0,0,0.0088289,0,0.011697,0,0.0019151,0,0.046996,0.015917,0.099915,0.032553,0.86601,0.0064523,0.035576,0.33485,0.14958,0.24986,0.71732,0.39037,0.25162,0.26788,0.52931,0.20572,0.18363,0.5574,0.22477,0.45858,0.37126,0.32289,0.02231,0.038302,0.28588,0.49689,0.56743,0.75906,0.18082,0.13888,0.18542,0.54412,0.40001,0.47274,0.014395,0.1582,0.37438,0.34035,0.16999,0.43004,0.30816,0.25114,0.045061,0.35414,0.37803,0.15577,0.12165,0.16981,0.087652,0.37441,0.418,0.09931,0.0761,0.28997,0.10311,0.19049,0.11889,0.13251,0.17832,0.23478,0.54226,0.26298
1.7475,0,0,0.039033,0.013349,0,0,0.030702,0,0.056628,0,0,0,0.0069855,0,0.01068,0,0.00088132,0,0.030695,0.025946,0.086174,0.027662,0.21551,0.0080566,0.029745,0.2337,0.11162,0.099523,0.33733,0.38044,0.14226,0.14706,0.29618,0.15553,0.093375,0.22387,0.1259,0.24562,0.18864,0.17903,0.014067,0.018934,0.30464,0.33492,0.19819,0.34052,0.10523,0.10744,0.15893,0.39745,0.27713,0.20206,0.011265,0.069673,0.28107,0.24256,0.10535,0.32551,0.21696,0.19104,0.033222,0.29101,0.27884,0.11282,0.089726,0.10259,0.054522,0.10569,0.36354,0.062591,0.060817,0.2131,0.084544,0.13254,0.12048,0.10266,0.12834,0.11327,0.43018,0.15512
1.0481,0,0,0.051608,0.044857,0,0,0.046146,0,0.041586,0,0,0,0.0052904,0,0.0047403,0,0.0012986,0,0.027377,0.010226,0.043001,0.0064642,0.30636,0.0049533,0.016185,0.14233,0.059712,0.10173,0.24956,0.16327,0.11432,0.097941,0.17379,0.062524,0.06335,0.20758,0.087763,0.19484,0.13487,0.12091,0.0064474,0.011706,0.11821,0.19153,0.19931,0.28609,0.070879,0.050512,0.063205,0.24602,0.15575,0.16746,0.008836,0.068857,0.15546,0.14809,0.085683,0.19856,0.11603,0.092916,0.015063,0.12468,0.14934,0.065583,0.040459,0.073954,0.039456,0.12206,0.14969,0.048651,0.044294,0.11456,0.039595,0.087272,0.048478,0.05762,0.08593,0.073381,0.23067,0.11111
0.78677,0,0,0.046406,0.016001,0,0,0.1331,0,0.051464,0,0,0,0.0051428,0,0.010103,0,0.0013672,0,0.03659,0.0028397,0.082344,0.028341,0.3808,0.0025031,0.02472,0.21064,0.078749,0.1215,0.27638,0.17559,0.10189,0.20192,0.13105,0.11102,0.079577,0.23646,0.1414,0.26181,0.23292,0.22455,0.018426,0.029826,0.1216,0.19621,0.31125,0.2801,0.12643,0.036812,0.10368,0.32427,0.29043,0.20741,0.010065,0.071884,0.24382,0.25579,0.12079,0.21599,0.22078,0.17533,0.028147,0.13074,0.24252,0.10415,0.10822,0.13792,0.067457,0.2344,0.22952,0.077485,0.060232,0.21864,0.086746,0.13301,0.057717,0.097774,0.13042,0.20552,0.34645,0.19384
2.4114,0,0,0.0027041,0.1012,0,0,0.099301,0,0,0,0,0,0.003975,0,0.001519,0,0.00080216,0,0.011632,0.028692,0.017067,0.0155,0.42866,0,0.008277,0.11186,0.081236,0.10726,0.44778,0.28995,0.14823,0.10745,0.49118,0.13935,0.10835,0.31879,0.087129,0.19278,0.14039,0.11513,0.0083977,0.009833,0.29273,0.37821,0.25805,0.47688,0.064887,0.13317,0.14687,0.25946,0.13073,0.28112,0.0015459,0.078447,0.17889,0.10715,0.050572,0.21456,0.13112,0.10153,0.019388,0.31041,0.18362,0.049251,0.02644,0.042589,0.028789,0.18617,0.28023,0.023892,0.011187,0.098874,0.035449,0.082542,0.10242,0.041358,0.036876,0.049173,0.28421,0.075865
0.77609,0,0,0.0095713,0.0037113,0,0,0,0,0.0098187,0,0,0,0.005954,0,0.0018484,0,0,0,0.0065026,0.0011725,0.025933,0.023217,0.15732,0,0.013657,0.1088,0.064836,0.05357,0.18793,0.16442,0.057591,0.098302,0.15049,0.14888,0.044404,0.11836,0.084622,0.12808,0.15636,0.1616,0.017251,0.01803,0.13268,0.17182,0.17259,0.17471,0.07586,0.051802,0.11888,0.18964,0.16177,0.11706,0.0038611,0.030628,0.15027,0.12305,0.048617,0.15364,0.14789,0.11267,0.022046,0.14944,0.18253,0.058911,0.04433,0.069915,0.029469,0.077825,0.21237,0.023894,0.017448,0.11716,0.043112,0.061924,0.040581,0.038584,0.07811,0.13326,0.20032,0.11115
0.75152,0,0,0.034567,0.035507,0,0,0.087675,0,0.03546,0,0,0,0.0032271,0,0.0051589,0,0.00085789,0,0.015256,0.0031657,0.043911,0.012584,0.19094,0.0016864,0.010288,0.097478,0.039852,0.060412,0.18258,0.10744,0.063508,0.076686,0.12734,0.048329,0.061922,0.1358,0.052913,0.1156,0.094117,0.072097,0.005777,0.0079241,0.078226,0.12372,0.12495,0.18499,0.047347,0.033061,0.050037,0.15386,0.12856,0.12025,0.0068371,0.051978,0.10039,0.11758,0.051306,0.089185,0.092879,0.084062,0.012982,0.09361,0.089915,0.047599,0.041946,0.049234,0.022288,0.10385,0.11896,0.029191,0.036713,0.1023,0.035003,0.054547,0.03425,0.048082,0.04778,0.056095,0.16091,0.06905
1.4169,0,0,0.048922,0.19836,0,0,0.21083,0,0.050187,0,0,0,0.0025817,0,0.0071279,0,0.0023147,0,0.0371,0.010748,0.057525,0.011085,0.96406,0.0078421,0.025209,0.26158,0.10247,0.20484,0.52112,0.2422,0.19567,0.21426,0.35231,0.12112,0.1277,0.50806,0.19397,0.35571,0.27224,0.24764,0.014758,0.028241,0.15776,0.341,0.55382,0.57409,0.14037,0.095977,0.10065,0.41309,0.27123,0.3932,0.0089043,0.12172,0.26333,0.21442,0.12686,0.31694,0.19702,0.1493,0.02364,0.16999,0.26666,0.11085,0.071114,0.12344,0.061122,0.39331,0.24086,0.075907,0.04973,0.17687,0.048112,0.12777,0.06754,0.08069,0.14529,0.18606,0.36087,0.19657
0.4652,0,0,0.024426,0.0059106,0,0,0.0922,0,0.025057,0,0,0,0.0027069,0,0.0038963,0,0.00071961,0,0.016887,0.0043185,0.032791,0.010556,0.33879,0.0032123,0.020197,0.16261,0.069399,0.091625,0.20346,0.13188,0.0801,0.12405,0.093228,0.083848,0.048172,0.1878,0.14176,0.20016,0.18031,0.18163,0.0078264,0.029244,0.075085,0.14866,0.25374,0.20274,0.1023,0.028224,0.054823,0.24285,0.18714,0.14333,0.0049972,0.044889,0.15466,0.14002,0.077794,0.20015,0.13271,0.10206,0.016714,0.090824,0.18039,0.072394,0.064152,0.081991,0.038216,0.14721,0.17269,0.045906,0.027232,0.12175,0.034614,0.07744,0.036939,0.051158,0.089299,0.15548,0.22086,0.14076
1.8205,0,0,0.12053,0.081254,0,0,0.094886,0,0.14334,0,0,0,0.009657,0,0.019869,0,0.0026762,0,0.079357,0.0045367,0.16084,0.016018,0.54153,0.0016041,0.049822,0.36208,0.12156,0.23852,0.45565,0.28242,0.1952,0.25213,0.22643,0.1393,0.11553,0.37805,0.21972,0.55226,0.3624,0.36079,0.01845,0.070437,0.18868,0.34434,0.4719,0.53273,0.20351,0.071342,0.16757,0.57486,0.44285,0.31823,0.025905,0.13824,0.39937,0.46734,0.27369,0.43913,0.33198,0.24058,0.040484,0.17706,0.37462,0.17645,0.17102,0.23935,0.11375,0.25887,0.31953,0.17273,0.13321,0.33313,0.13017,0.24362,0.075682,0.14995,0.21151,0.30212,0.61757,0.3271
1.1917,0,0,0.060339,0.016853,0,0,0.13872,0,0.066153,0,0,0,0.012354,0,0.011178,0,0.0015528,0,0.042648,0.0015206,0.096434,0.025689,0.46382,0.0035142,0.036574,0.29454,0.11018,0.18187,0.39508,0.23231,0.14471,0.24024,0.1766,0.18215,0.10073,0.30988,0.21198,0.38813,0.3963,0.3822,0.025641,0.055647,0.15103,0.29342,0.43817,0.40241,0.18022,0.047421,0.1505,0.46294,0.40586,0.27413,0.015319,0.095128,0.3285,0.34445,0.16895,0.3468,0.30587,0.23391,0.044824,0.19096,0.36665,0.15291,0.15232,0.19589,0.096768,0.23083,0.32108,0.10227,0.078059,0.28798,0.11612,0.1773,0.063533,0.13215,0.1983,0.33995,0.46416,0.30101
0.93406,0,0,0.057895,0.023376,0,0,0.034557,0,0.070225,0,0,0,0.0096033,0,0.015,0,0.0017056,0,0.049708,0.0022461,0.11323,0.024338,0.43358,0.0011266,0.044779,0.29473,0.10998,0.17154,0.33815,0.21697,0.12768,0.22793,0.14252,0.18526,0.07594,0.2774,0.21014,0.38027,0.37613,0.48784,0.02997,0.038362,0.16347,0.28456,0.41168,0.35195,0.19355,0.045968,0.15181,0.44987,0.38255,0.25315,0.013448,0.088589,0.35921,0.33662,0.15299,0.38659,0.29272,0.2205,0.05619,0.15721,0.40219,0.15422,0.15514,0.19459,0.11041,0.17234,0.30871,0.10163,0.082105,0.26435,0.11379,0.1659,0.061474,0.12623,0.16806,0.33774,0.53957,0.29832
0.05023,0,0,0,0.0028759,0,0,0,0,0.0080949,0,0,0,0,0,0.0013821,0,0,0,0.002327,0,0.01415,0.0042079,0.016386,0,0.002201,0.018698,0.0041933,0.0067916,0.017018,0.012417,0.0049586,0.013622,0.0075719,0.014404,0.0044319,0.012041,0.0065951,0.014164,0.018379,0.021828,0.0059685,0.00038889,0.011042,0.011899,0.018907,0.020863,0.0092412,0.0023218,0.011196,0.021162,0.018415,0.013292,0.0011984,0.0032522,0.02503,0.01555,0.0074616,0.014433,0.0202,0.013489,0.0036024,0.010447,0.024306,0.0080056,0.004084,0.012848,0.0028165,0.0096688,0.01907,0.0073671,0.0045323,0.014423,0.0022769,0.0055838,0.0036494,0.0031886,0.010252,0.021227,0.025355,0.012498
0.11507,0,0,0,0.003408,0,0,0,0,0,0,0,0,0.0021903,0,0.0014345,0,0,0,0.0033344,0,0.0065727,0.00076782,0.053283,0,0.002468,0.026692,0.0090502,0.020352,0.032254,0.018452,0.0099389,0.024344,0.0097882,0.01662,0.0067114,0.025438,0.027206,0.059697,0.044035,0.030847,0.00042934,0.026971,0.0070451,0.024845,0.062497,0.032646,0.016814,0.0035775,0.016167,0.051431,0.057096,0.02229,0.0008518,0.0036227,0.031284,0.049041,0.029817,0.03516,0.030097,0.019085,0.0042242,0.016852,0.034589,0.017563,0.032893,0.025212,0.011338,0.031578,0.037666,0.017604,0.0059175,0.037843,0.019415,0.029152,0.003811,0.020596,0.02845,0.054714,0.053581,0.041252
1.9202,0,0,0.044377,0.0081874,0,0,0.031211,0,0.045523,0,0,0,0.0049179,0,0.0077043,0,0.0013074,0,0.027795,0.045132,0.068749,0.031402,0.066788,0,0.020682,0.15099,0.087675,0.059784,0.29004,0.35766,0.12092,0.11957,0.35106,0.14735,0.079821,0.1712,0.084156,0.19266,0.14398,0.15836,0.014687,0.0084877,0.40292,0.35663,0.11383,0.30387,0.081218,0.12343,0.18815,0.3417,0.20555,0.16928,0.0090788,0.056826,0.25623,0.19297,0.088841,0.25003,0.19403,0.16592,0.025495,0.32699,0.24831,0.075595,0.061781,0.081243,0.049079,0.076061,0.35661,0.050767,0.053292,0.17091,0.069386,0.12118,0.14464,0.065166,0.065172,0.080123,0.42744,0.11468
2.3534,0,0,0.041553,0.05796,0,0,0.1052,0,0.042627,0,0,0,0.011009,0,0.0087231,0,0.0029568,0,0.040769,0.026591,0.066732,0.017957,0.44626,0.0037915,0.026344,0.22967,0.1166,0.15694,0.48354,0.37716,0.18793,0.18506,0.43507,0.18303,0.12109,0.35494,0.15982,0.33725,0.26832,0.26442,0.015181,0.028711,0.34207,0.46173,0.34118,0.5212,0.13612,0.13379,0.21097,0.44795,0.29259,0.31455,0.0099985,0.10756,0.30328,0.2665,0.13305,0.36789,0.23808,0.18593,0.039059,0.3201,0.31757,0.11735,0.10338,0.12554,0.085911,0.20491,0.36243,0.07731,0.054835,0.2265,0.092028,0.17101,0.11501,0.11412,0.12589,0.17603,0.50518,0.205
0.7906,0,0,0.025785,0.2476,0,0,0.23012,0,0.0353,0,0,0,0.0069228,0,0.0071093,0,0.00056127,0,0.034993,0,0.063891,0.016988,1.3782,0.0080176,0.032618,0.31749,0.10148,0.25312,0.56077,0.22666,0.1986,0.29813,0.30145,0.18671,0.1242,0.58542,0.27703,0.46936,0.40692,0.38849,0.024497,0.073344,0.11088,0.34649,0.86144,0.60546,0.20223,0.10585,0.13571,0.49258,0.39829,0.4611,0.0083928,0.10505,0.32996,0.2953,0.16465,0.37796,0.27799,0.19704,0.034988,0.14707,0.38117,0.14716,0.13768,0.19327,0.085396,0.53707,0.29523,0.10119,0.044142,0.25801,0.087517,0.16419,0.041822,0.11603,0.22613,0.37406,0.40948,0.3128
3.0424,0,0,0.12315,0.15871,0,0,0.13801,0,0.11383,0,0,0,0.0064993,0,0.012542,0,0.0017278,0,0.051962,0.016791,0.09985,0.025344,0.90458,0.00965,0.036274,0.31448,0.1037,0.27742,0.69631,0.36148,0.26461,0.24904,0.51712,0.17544,0.17068,0.56331,0.20546,0.49184,0.34689,0.30829,0.025091,0.035563,0.27476,0.49131,0.562,0.86967,0.17519,0.13049,0.19964,0.52573,0.37479,0.48646,0.020685,0.17718,0.35761,0.32606,0.17978,0.44516,0.2814,0.22294,0.032556,0.31312,0.36205,0.1478,0.10682,0.19127,0.083245,0.33839,0.33379,0.098912,0.11833,0.27403,0.086483,0.16465,0.082656,0.1177,0.20141,0.26016,0.52259,0.26389
0.51004,0,0,0.033984,0.0082235,0,0,0.1411,0,0.034863,0,0,0,0.0052213,0,0.0054209,0,0.0010012,0,0.023495,0,0.047088,0.019883,0.22133,0,0.02574,0.15647,0.063824,0.084337,0.1774,0.11948,0.070116,0.12022,0.075253,0.081471,0.046719,0.14731,0.11088,0.20095,0.16615,0.18132,0.011886,0.01959,0.078541,0.13724,0.20076,0.18737,0.12959,0.025667,0.065704,0.23156,0.18617,0.12779,0.0069527,0.051615,0.16741,0.16534,0.082717,0.18711,0.14028,0.12173,0.019609,0.084143,0.18163,0.069857,0.05756,0.086201,0.046364,0.11229,0.17229,0.049413,0.038291,0.14304,0.048706,0.087729,0.028639,0.05864,0.070423,0.11861,0.22851,0.13468
0.71689,0,0,0.0041928,0.073595,0,0,0.0033015,0,0.0043012,0,0,0,0.00046466,0,0.0013414,0,0.00012352,0,0.0095003,0.012635,0.0079927,0.0099589,0.19512,0.00055141,0.0029221,0.052239,0.037207,0.032302,0.15099,0.13518,0.055373,0.038792,0.17116,0.061652,0.036152,0.11161,0.033901,0.078065,0.048449,0.047723,0.0033094,0.0046189,0.13228,0.14947,0.11645,0.15466,0.028444,0.083184,0.063188,0.12088,0.055374,0.10302,0.00085779,0.028371,0.09229,0.060536,0.030941,0.093341,0.065318,0.047307,0.0087559,0.11829,0.091386,0.024742,0.014288,0.025491,0.014771,0.041479,0.14074,0.017027,0.0064489,0.051889,0.013996,0.046001,0.046014,0.013593,0.018359,0.019698,0.14214,0.04014
1.0845,0,0,0.031939,0.0096902,0,0,0,0,0.040805,0,0,0,0.0075604,0,0.0074663,0,0.00055111,0,0.021317,0,0.06572,0.019439,0.097737,0,0.019495,0.10774,0.036836,0.065926,0.18547,0.18396,0.063745,0.10051,0.17366,0.13017,0.050339,0.10768,0.060582,0.16869,0.14146,0.14499,0.014682,0.019203,0.1855,0.21684,0.13735,0.21768,0.066987,0.058132,0.26569,0.16942,0.19658,0.11642,0.0091611,0.034178,0.14838,0.17646,0.075655,0.12448,0.14192,0.12481,0.021872,0.11924,0.14936,0.067032,0.080709,0.089384,0.049958,0.076154,0.1295,0.046699,0.04787,0.1546,0.078654,0.083077,0.033819,0.078752,0.085871,0.1312,0.27175,0.12094
1.6924,0,0,0.12,0.029037,0,0,0.13622,0,0.1231,0,0,0,0.0074002,0,0.017237,0,0.0035353,0,0.072977,0.0186,0.13805,0.023243,0.42492,0.0066486,0.041654,0.37321,0.14873,0.1874,0.42512,0.35935,0.19381,0.24556,0.23963,0.16219,0.1209,0.34521,0.20961,0.45202,0.33988,0.33562,0.021676,0.047717,0.26315,0.35964,0.38942,0.44776,0.1844,0.086864,0.13233,0.65082,0.41536,0.2884,0.022256,0.1282,0.41597,0.42466,0.24276,0.44529,0.32885,0.2449,0.039588,0.23506,0.38888,0.17395,0.12976,0.21241,0.092395,0.22136,0.38971,0.141,0.12133,0.29541,0.10622,0.22338,0.11429,0.12726,0.21061,0.24718,0.61932,0.29273
1.545,0,0,0.1146,0.019075,0,0,0.093044,0,0.10665,0,0,0,0.02452,0,0.026459,0,0.00084953,0,0.064569,0.00065499,0.19723,0.051062,0.43358,0.0058477,0.070229,0.39883,0.13625,0.22453,0.445,0.35677,0.1747,0.31315,0.17191,0.19699,0.14384,0.32274,0.23,0.49582,0.42428,0.40636,0.026857,0.075427,0.2254,0.33449,0.44834,0.45451,0.2111,0.056658,0.21863,0.59142,0.6929,0.31844,0.026153,0.12398,0.45687,0.57155,0.22419,0.41702,0.40684,0.39317,0.069078,0.25829,0.43279,0.23174,0.29313,0.2524,0.14516,0.27962,0.43702,0.13892,0.17186,0.50779,0.26491,0.25609,0.11384,0.29498,0.28281,0.36127,0.68543,0.3714
1.2887,0,0,0.043022,0.14832,0,0,0.13333,0,0.04705,0,0,0,0.0047677,0,0.0095017,0,0.0012675,0,0.032356,0.0084325,0.070456,0.018592,0.73516,0.0046453,0.024891,0.21701,0.082424,0.17851,0.44913,0.22215,0.16041,0.19099,0.31572,0.12174,0.1149,0.39958,0.15044,0.30428,0.24473,0.22965,0.016556,0.025147,0.15852,0.30709,0.44328,0.50381,0.12374,0.090023,0.11058,0.3507,0.27195,0.39098,0.0092334,0.10376,0.25247,0.23101,0.10483,0.25079,0.19778,0.15791,0.028482,0.17556,0.25491,0.10532,0.098155,0.1251,0.060709,0.29434,0.2396,0.064212,0.055873,0.18958,0.074353,0.11405,0.06085,0.099608,0.13412,0.18977,0.36013,0.18441
0.074592,0,0,0.021956,0.0050473,0,0,0,0,0.028064,0,0,0,0.0015069,0,0.0019728,0,0,0,0.0051462,0,0.019918,0,0.0053836,0,0.0035136,0.023233,0.0035099,0.011125,0.014504,0.013135,0.0089767,0.0098294,0.0018412,0.0042586,0.0069286,0.0095964,0.0055625,0.026269,0.014505,0.012939,0.001583,0.0010192,0.0090165,0.010352,0.0085568,0.022719,0.0071403,0.00079494,0.0092282,0.028702,0.023687,0.0097923,0.0061538,0.011352,0.020645,0.033766,0.019975,0.01591,0.021413,0.017585,0.0018154,0.0064181,0.014062,0.011508,0.0059255,0.017771,0.0021028,0.001665,0.011649,0.011744,0.020194,0.022057,0.0057154,0.0090267,0.004673,0.01261,0.012913,0.014423,0.032482,0.015405
0.70345,0,0,0.10533,0.03172,0,0,0.02904,0,0.063789,0,0,0,0.0031628,0,0.0035804,0,0.0017222,0,0.028711,0,0.026728,0.0036983,0.1686,0.0010118,0.0074264,0.091989,0.051928,0.071457,0.16103,0.08207,0.07067,0.070919,0.09439,0.034127,0.053213,0.13252,0.050478,0.14162,0.090991,0.086104,0.00434,0.0043789,0.057014,0.11251,0.1082,0.1966,0.05355,0.026562,0.034781,0.16703,0.11344,0.11117,0.011469,0.097219,0.10637,0.14341,0.081502,0.11101,0.10547,0.069725,0.010649,0.061077,0.088697,0.048383,0.023801,0.072601,0.031858,0.067655,0.10343,0.037445,0.072586,0.094979,0.018685,0.071038,0.024796,0.029455,0.051665,0.059642,0.18708,0.084533
1.5018,0,0,0.068647,0.046868,0,0,0.014212,0,0.1122,0,0,0,0.0069203,0,0.022962,0,0.0018397,0,0.071143,0.020351,0.17322,0.026985,0.29835,0.0012058,0.047019,0.3406,0.14448,0.1661,0.36363,0.31593,0.15225,0.22954,0.20539,0.15977,0.098069,0.27357,0.16596,0.3904,0.29983,0.33316,0.031873,0.036083,0.24531,0.3027,0.32429,0.37864,0.16574,0.082448,0.14408,0.51713,0.39889,0.25812,0.019902,0.1015,0.45885,0.42188,0.20149,0.37659,0.33242,0.24408,0.053511,0.23806,0.38549,0.16936,0.16255,0.21052,0.099313,0.1675,0.38436,0.1357,0.11466,0.29594,0.13279,0.21012,0.13336,0.14935,0.18109,0.26292,0.61066,0.26675
1.3354,0,0,0.12684,0.031225,0,0,0,0,0.1427,0,0,0,0.01453,0,0.023859,0,0.0022088,0,0.077294,0,0.18274,0.020067,0.13626,0,0.043218,0.29107,0.11168,0.15984,0.28554,0.2355,0.12527,0.208,0.10626,0.11301,0.099214,0.19241,0.12977,0.39461,0.27156,0.26967,0.017103,0.048859,0.15958,0.22976,0.25069,0.29821,0.14139,0.046713,0.14801,0.45601,0.43104,0.204,0.028116,0.1182,0.36441,0.50996,0.24067,0.28751,0.32552,0.2495,0.048535,0.16126,0.29996,0.16777,0.19829,0.22528,0.11037,0.14167,0.29672,0.14714,0.14739,0.3565,0.17028,0.22729,0.086363,0.19035,0.18418,0.24819,0.5859,0.27684
0.77508,0,0,0.09079,0.021006,0,0,0,0,0.10808,0,0,0,0.0035429,0,0.010726,0,0.0023106,0,0.051275,0.0008164,0.097103,0.0059704,0.092298,0,0.016554,0.1727,0.063144,0.090653,0.15547,0.11151,0.079017,0.10707,0.054677,0.048676,0.047196,0.12411,0.078606,0.25193,0.14521,0.13362,0.0089471,0.032385,0.080092,0.12505,0.15238,0.17925,0.077113,0.026029,0.069179,0.28419,0.18432,0.10092,0.018132,0.073234,0.18973,0.26237,0.19122,0.17528,0.17906,0.10588,0.015104,0.055314,0.15101,0.081703,0.053076,0.13469,0.054508,0.082737,0.13911,0.10833,0.080582,0.16419,0.047068,0.1419,0.04341,0.044999,0.089554,0.11407,0.29925,0.15189
1.8588,0,0,0.055366,0.015552,0,0,0,0,0.074472,0,0,0,0.010377,0,0.012512,0,0.0032874,0,0.05489,0.018746,0.10209,0.01968,0.44373,0.012015,0.049568,0.33768,0.15442,0.19423,0.42747,0.37443,0.19901,0.20809,0.25211,0.16717,0.089162,0.33697,0.21979,0.43932,0.32394,0.36693,0.018808,0.041503,0.24497,0.37578,0.38016,0.48237,0.18957,0.085338,0.12371,0.56653,0.37262,0.26239,0.015696,0.1084,0.3854,0.34064,0.19049,0.60132,0.27815,0.22319,0.044873,0.26241,0.41355,0.16019,0.11364,0.16612,0.10254,0.12902,0.38035,0.10639,0.07397,0.25671,0.10359,0.20111,0.10392,0.13208,0.19423,0.22136,0.53932,0.27763
1.2707,0,0,0.090847,0.029053,0,0,0,0,0.11381,0,0,0,0.0075263,0,0.014833,0,0.0019563,0,0.054733,0.0060105,0.13781,0.034825,0.18266,0,0.033354,0.26623,0.11909,0.1329,0.30344,0.24723,0.1152,0.21071,0.15262,0.15941,0.091986,0.20751,0.14437,0.32901,0.28303,0.27524,0.026077,0.035194,0.18832,0.24091,0.27699,0.30206,0.1408,0.059158,0.13971,0.41447,0.36012,0.205,0.020927,0.10204,0.33701,0.38207,0.19278,0.27555,0.3488,0.23641,0.038128,0.21236,0.32722,0.14011,0.13205,0.20055,0.084132,0.15399,0.35303,0.12253,0.10266,0.29969,0.10981,0.19127,0.098398,0.098324,0.15948,0.27725,0.49217,0.24997
0.87637,0,0,0.052265,0.01164,0,0,0.060395,0,0.064825,0,0,0,0.011556,0,0.010943,0,0.00047138,0,0.026971,0.0035239,0.099841,0.041492,0.14052,0.0021042,0.034204,0.19242,0.070991,0.091636,0.22425,0.19741,0.083656,0.15174,0.10717,0.11013,0.075496,0.1426,0.10068,0.21621,0.19628,0.18801,0.015791,0.020238,0.14604,0.17061,0.17804,0.21701,0.11079,0.038853,0.11142,0.2799,0.31559,0.14841,0.015584,0.061167,0.22439,0.26555,0.10337,0.2005,0.21438,0.2314,0.031005,0.16624,0.21986,0.10785,0.10899,0.10911,0.060217,0.11886,0.26304,0.060408,0.077056,0.26049,0.11784,0.12205,0.069909,0.1286,0.11473,0.12225,0.30092,0.16207
0.14684,0,0,0,0.0038797,0,0,0,0,0.01092,0,0,0,0.003529,0,0.0038533,0,0,0,0.0057476,0.00029448,0.02561,0.0010118,0.02229,0,0.0053068,0.037548,0.016345,0.017918,0.040432,0.034497,0.013628,0.024478,0.020564,0.021654,0.011716,0.022688,0.016568,0.036559,0.037795,0.048143,0.0042377,0.004501,0.022548,0.036014,0.031767,0.031844,0.017934,0.0072261,0.019621,0.045465,0.055717,0.0269,0.0016167,0.0093873,0.049434,0.051909,0.014817,0.040506,0.034743,0.031156,0.016426,0.030034,0.043483,0.022488,0.032743,0.023007,0.018654,0.011324,0.043398,0.010831,0.013821,0.047808,0.028187,0.023217,0.013885,0.034766,0.018369,0.033366,0.069368,0.031701
1.8194,0,0,0.012944,0.0009238,0,0,0,0,0.011056,0,0,0,0.0083622,0,0.0027483,0,0,0,0.0062464,0.031161,0.031792,0.028816,0.068721,0,0.014067,0.10629,0.085173,0.060191,0.27671,0.26313,0.098225,0.099006,0.2867,0.12782,0.073563,0.14207,0.078399,0.13924,0.14021,0.11729,0.010702,0.015636,0.25183,0.25701,0.11628,0.2667,0.067011,0.085007,0.093145,0.23507,0.18141,0.14438,0.0049771,0.046883,0.1915,0.15018,0.047254,0.20627,0.1685,0.14546,0.026153,0.33433,0.20951,0.061837,0.061393,0.059426,0.034671,0.061201,0.33085,0.017279,0.024398,0.15219,0.067202,0.089246,0.11337,0.065852,0.059858,0.090135,0.26924,0.09955
1.2574,0,0,0.034802,0.03244,0,0,0,0,0.061679,0,0,0,0.0076588,0,0.012694,0,0.0014772,0,0.043467,0.014325,0.107,0.035945,0.33367,0.0045769,0.038656,0.2741,0.11945,0.14459,0.33708,0.28773,0.13426,0.2096,0.19354,0.17816,0.080637,0.25433,0.1777,0.33619,0.30722,0.34244,0.028413,0.036625,0.21824,0.29099,0.34391,0.35192,0.16507,0.074948,0.13315,0.44382,0.34689,0.23925,0.012444,0.077698,0.35389,0.3188,0.14722,0.37097,0.2963,0.21955,0.043211,0.2391,0.38912,0.13926,0.12796,0.17342,0.085618,0.14745,0.37689,0.096465,0.065114,0.26,0.099817,0.16945,0.092828,0.10677,0.16361,0.27358,0.49357,0.25615
0.47116,0,0,0.033579,0.012192,0,0,0.010506,0,0.051358,0,0,0,0.0083554,0,0.0096396,0,0.00052396,0,0.024616,0.00081517,0.072175,0.0076856,0.12788,0.0023389,0.020666,0.13932,0.049222,0.070129,0.13552,0.11358,0.057528,0.087816,0.050649,0.056102,0.041649,0.10315,0.069578,0.1545,0.12501,0.12811,0.0091307,0.018144,0.064823,0.10491,0.12955,0.14017,0.061945,0.019798,0.058301,0.19369,0.18123,0.096439,0.0099361,0.041352,0.1517,0.17397,0.077715,0.1402,0.12379,0.10508,0.021804,0.068852,0.13587,0.077706,0.07931,0.084572,0.041015,0.067921,0.12648,0.051325,0.052111,0.13881,0.062466,0.078945,0.036976,0.080443,0.084949,0.1131,0.22414,0.112
0.29536,0,0,0,0.012903,0,0,0,0,0.010433,0,0,0,0.0058893,0,0.010511,0,0,0,0.017464,0,0.056533,0,0.056363,0,0.016758,0.080126,0.024307,0.05282,0.079326,0.067708,0.026601,0.068396,0.020381,0.031643,0.02751,0.0496,0.046215,0.11224,0.093334,0.096598,0.0034913,0.025471,0.039709,0.069275,0.090847,0.075928,0.038257,0.0085696,0.052615,0.1083,0.17182,0.067369,0.0038348,0.015247,0.10913,0.15412,0.037841,0.07455,0.087444,0.079588,0.023795,0.051236,0.093579,0.059446,0.13564,0.064316,0.04558,0.056007,0.082008,0.035493,0.035798,0.1273,0.089279,0.066524,0.025375,0.10767,0.067312,0.12887,0.20606,0.094571
0.48008,0,0,0.074564,0.015378,0,0,0,0,0.076057,0,0,0,0.0047638,0,0.0095388,0,0,0,0.032335,0,0.074133,0.0053686,0.11156,0,0.013027,0.13272,0.039737,0.075028,0.12285,0.085887,0.053944,0.096704,0.03642,0.055365,0.035822,0.095515,0.065527,0.17427,0.13316,0.13442,0.012186,0.021658,0.057932,0.093327,0.14147,0.15084,0.063562,0.016961,0.064647,0.19668,0.16413,0.09526,0.012759,0.051598,0.1568,0.19426,0.10654,0.1209,0.14733,0.088392,0.018549,0.055021,0.1407,0.070326,0.071353,0.12442,0.042082,0.069549,0.10963,0.066144,0.068696,0.13266,0.046881,0.086269,0.027561,0.051113,0.089642,0.16055,0.24853,0.13109
0.22362,0,0,0.0068027,0.00039103,0,0,0,0,0.0059637,0,0,0,0.0040863,0,0.0034551,0,0.00020041,0,0.015089,0,0.01682,0.0015278,0.036711,0,0.0075107,0.04158,0.020497,0.031902,0.054835,0.039472,0.024888,0.040902,0.02129,0.020181,0.014024,0.0409,0.026412,0.071622,0.056888,0.065956,0.00231,0.0084229,0.030264,0.05523,0.054058,0.056771,0.029564,0.0084993,0.031246,0.073983,0.08163,0.039976,0.0013056,0.01958,0.063966,0.082303,0.037284,0.064536,0.05345,0.042188,0.013006,0.02776,0.06007,0.029494,0.043729,0.036391,0.041895,0.03119,0.045113,0.022388,0.016856,0.070328,0.043207,0.053029,0.016384,0.043717,0.02905,0.044129,0.11143,0.056452
0.34235,0,0,0,0.10987,0,0,0.21611,0,0.0045206,0,0,0,0,0,0.0031646,0,0.00069093,0,0.016702,0,0.026575,0.015208,0.63941,0,0.0084834,0.12064,0.028117,0.098102,0.25715,0.083999,0.08453,0.15603,0.15115,0.058511,0.071734,0.28894,0.1117,0.17894,0.14898,0.11302,0.008706,0.025755,0.051492,0.14462,0.37325,0.25336,0.078611,0.026202,0.052291,0.19459,0.17264,0.21278,0.0011349,0.04565,0.11844,0.11598,0.06213,0.08915,0.10741,0.091424,0.0086676,0.053797,0.11357,0.053621,0.058991,0.066029,0.034242,0.41107,0.10612,0.045078,0.012437,0.12645,0.042306,0.074877,0.020805,0.058698,0.073383,0.11796,0.14968,0.10928
1.2496,0,0,0.025187,0.0093402,0,0,0,0,0.028462,0,0,0,0.0073666,0,0.0058547,0,0.00074203,0,0.020478,0.021813,0.056137,0.039665,0.13463,0.0012871,0.022152,0.17669,0.11012,0.071394,0.26468,0.26639,0.095572,0.14086,0.20976,0.1472,0.075763,0.16313,0.12081,0.20363,0.19105,0.18666,0.015831,0.028322,0.22258,0.23583,0.18916,0.2304,0.1112,0.081967,0.081977,0.31584,0.24875,0.15969,0.0073207,0.064341,0.25058,0.22395,0.096305,0.24229,0.22701,0.18652,0.030626,0.26813,0.26764,0.092061,0.079635,0.095958,0.045662,0.097837,0.4009,0.052969,0.038666,0.21311,0.068821,0.13108,0.1066,0.067945,0.086208,0.13041,0.34483,0.15485
0.27255,0,0,0.014347,0.015641,0,0,0,0,0.042725,0,0,0,0.001119,0,0.0062213,0,0.00069544,0,0.021511,0,0.057388,0.0016759,0.033534,0,0.0095765,0.079235,0.017115,0.03576,0.057601,0.042011,0.028452,0.043559,0.016381,0.015171,0.017029,0.047092,0.029415,0.10083,0.055743,0.056285,0.005602,0.012125,0.029024,0.046079,0.059388,0.062539,0.029212,0.0090833,0.027079,0.10467,0.072428,0.039202,0.0067604,0.021337,0.081035,0.10172,0.068697,0.062077,0.072172,0.039237,0.0070013,0.012827,0.062748,0.034218,0.031571,0.053031,0.020756,0.038068,0.048519,0.060789,0.027665,0.063243,0.018671,0.055689,0.019736,0.020705,0.035685,0.052319,0.13132,0.057339
0.19223,0,0,0.065857,0,0,0,0,0,0.054118,0,0,0,0.0017613,0,0.0049601,0,0,0,0.01439,0,0.035183,0,0.0178,0,0.0070602,0.054998,0.010452,0.027995,0.03626,0.033535,0.02128,0.027816,0.0063012,0.0091004,0.017594,0.025345,0.014335,0.063882,0.034951,0.037356,0.0028312,0.0033483,0.025029,0.026849,0.021283,0.061464,0.018597,0.0028262,0.022804,0.073992,0.073609,0.028022,0.0095498,0.033978,0.05625,0.08371,0.04198,0.035458,0.049676,0.041117,0.0073394,0.014878,0.034795,0.028541,0.026158,0.045247,0.012838,0.0086284,0.029096,0.022727,0.067151,0.055958,0.021099,0.022905,0.012656,0.028126,0.032013,0.04057,0.09281,0.039999
0.63245,0,0,0.037235,0.0066371,0,0,0.01967,0,0.054298,0,0,0,0.013344,0,0.010272,0,0.00055692,0,0.02668,0,0.07951,0.024602,0.086345,0.0015458,0.021579,0.13684,0.041921,0.072854,0.15339,0.13045,0.061104,0.1121,0.061826,0.067845,0.054427,0.10008,0.071147,0.17736,0.14315,0.13352,0.010002,0.023772,0.089112,0.12312,0.1381,0.15802,0.077124,0.025246,0.081759,0.20001,0.24146,0.10555,0.01158,0.049359,0.16117,0.22478,0.094963,0.13661,0.16099,0.15431,0.028185,0.10303,0.15424,0.0844,0.10327,0.097006,0.059466,0.097394,0.17803,0.057679,0.062123,0.2347,0.09695,0.11061,0.041155,0.11189,0.08462,0.11313,0.24019,0.13614
0.25631,0,0,0,0.0033823,0,0,0,0,0.0020757,0,0,0,0.0075408,0,0.0052095,0,0,0,0.010899,0,0.032857,0.0046337,0.012479,0,0.013737,0.041057,0.015205,0.032511,0.053481,0.050745,0.020707,0.043608,0.021734,0.024478,0.01826,0.026692,0.019834,0.067949,0.056595,0.056358,0.0015482,0.011958,0.035473,0.04905,0.045932,0.048898,0.025749,0.0066769,0.040785,0.070513,0.12351,0.040592,0.0029422,0.0095211,0.070909,0.10527,0.026691,0.054052,0.057838,0.06845,0.016294,0.04461,0.058061,0.037242,0.071014,0.033612,0.035822,0.031949,0.056372,0.016696,0.022967,0.09506,0.078207,0.04869,0.020877,0.079843,0.042465,0.044039,0.10816,0.055798
0.45609,0,0,0.016859,0.0069534,0,0,0,0,0.018298,0,0,0,0.0048086,0,0.0044256,0,0.0016029,0,0.025001,0.0026532,0.033015,0.0074399,0.036977,0,0.0085263,0.074372,0.040655,0.043829,0.09271,0.074647,0.042826,0.062744,0.047488,0.032991,0.026701,0.066516,0.041637,0.11933,0.081086,0.077096,0.0035628,0.016848,0.058135,0.085526,0.080858,0.087356,0.04352,0.020592,0.040423,0.13915,0.11204,0.058425,0.0043602,0.033966,0.10529,0.13185,0.075509,0.098469,0.094538,0.066521,0.012593,0.055591,0.092488,0.044164,0.049652,0.058038,0.041255,0.053059,0.10075,0.046729,0.023396,0.10177,0.045688,0.093798,0.034104,0.046717,0.040746,0.05634,0.16941,0.082975
0.36251,0,0,0.0060473,0.003773,0,0,0,0,0.012497,0,0,0,0.0014925,0,0.0027954,0,0.00023836,0,0.007774,0.012348,0.023266,0.0052587,0.002899,0,0.0060382,0.047037,0.032549,0.014617,0.062305,0.073067,0.025617,0.029317,0.063452,0.02328,0.018053,0.03786,0.021387,0.039918,0.031288,0.030763,0.0025074,0.0023717,0.074717,0.061937,0.022178,0.047221,0.015298,0.02218,0.017719,0.076662,0.053627,0.033566,0.0024306,0.012767,0.071955,0.053948,0.024874,0.054788,0.052369,0.041029,0.0081097,0.076038,0.054559,0.022274,0.020394,0.019966,0.013725,0.015875,0.088229,0.017833,0.013919,0.040773,0.021095,0.036723,0.05602,0.02022,0.015317,0.017378,0.098405,0.02475
0.19977,0,0,0,0.0032104,0,0,0.02338,0,0.0095301,0,0,0,0.0087984,0,0.0059431,0,0,0,0.0098837,0,0.035167,0,0.046501,0.00081458,0.013021,0.050292,0.014431,0.035,0.056172,0.050361,0.024628,0.040171,0.020724,0.017904,0.0205,0.036586,0.023958,0.063972,0.052642,0.051095,0.001772,0.010368,0.027228,0.049712,0.049771,0.054389,0.025337,0.0052996,0.033375,0.069046,0.1124,0.044444,0.0053052,0.012267,0.065183,0.096179,0.020856,0.056327,0.042327,0.06105,0.016425,0.035727,0.050758,0.039197,0.069995,0.029951,0.029623,0.036229,0.045486,0.015133,0.025022,0.089661,0.065255,0.04069,0.016355,0.093839,0.041926,0.042661,0.10158,0.051828
0.25195,0,0,0.035916,0.008419,0,0,0,0,0.030185,0,0,0,0.0048186,0,0.0047151,0,0,0,0.013751,0,0.037762,0.0011753,0.14358,0.005709,0.011456,0.094451,0.023284,0.057174,0.093059,0.077509,0.045215,0.065965,0.022748,0.044621,0.025079,0.081101,0.051483,0.11109,0.097246,0.083747,0.007014,0.017631,0.033523,0.067509,0.11941,0.11458,0.037459,0.0088123,0.044802,0.14067,0.13267,0.073671,0.0066881,0.026488,0.097295,0.11456,0.051097,0.10197,0.084517,0.067048,0.010684,0.03998,0.095757,0.050958,0.05387,0.064666,0.024233,0.055759,0.071049,0.032108,0.035062,0.083481,0.042727,0.043691,0.015252,0.051615,0.10935,0.10184,0.13869,0.085181
0.1827,0,0,0.025136,0.0081401,0,0,0,0,0.029388,0,0,0,0.0014157,0,0.0055814,0,0,0,0.011567,0,0.037049,0,0.13254,0,0.0076885,0.079725,0.024573,0.052701,0.083968,0.046882,0.026462,0.071244,0.020789,0.052171,0.020178,0.071178,0.061433,0.10875,0.11425,0.11534,0.0099532,0.023238,0.028245,0.064697,0.13537,0.10143,0.043237,0.0064798,0.046911,0.11315,0.11615,0.071438,0.0051198,0.020956,0.096812,0.1058,0.044604,0.079647,0.1007,0.048966,0.013299,0.041258,0.10973,0.046497,0.070685,0.079372,0.025228,0.061425,0.07366,0.032262,0.030452,0.076491,0.030368,0.041402,0.01186,0.035994,0.069796,0.18937,0.16018,0.099165
1.0904,0,0,0.076153,0.025277,0,0,0,0,0.07595,0,0,0,0.0027432,0,0.015903,0,0.0016559,0,0.052102,0.010189,0.10767,0.010697,0.13069,0.00023068,0.026913,0.20077,0.089052,0.10327,0.2231,0.20482,0.095693,0.13815,0.13823,0.090217,0.066585,0.15881,0.10039,0.25572,0.17946,0.21198,0.013676,0.026179,0.17334,0.21359,0.17047,0.23438,0.095827,0.05379,0.11178,0.32614,0.2535,0.15596,0.013264,0.075617,0.25867,0.28733,0.13461,0.22323,0.20564,0.13865,0.031807,0.14178,0.22774,0.106,0.13001,0.14134,0.073285,0.089665,0.22406,0.093154,0.080139,0.18681,0.085794,0.14321,0.077255,0.098595,0.10935,0.18427,0.48641,0.17459
2.2652,0,0,0.19884,0.043222,0,0,0.045171,0,0.18481,0,0,0,0.029415,0,0.031174,0,0.0044956,0,0.12722,0.00016295,0.23213,0.046549,0.78371,0.0050312,0.076317,0.59851,0.22555,0.37794,0.68927,0.47051,0.29364,0.49242,0.23505,0.3189,0.18203,0.55108,0.40759,0.86285,0.74139,0.74662,0.042946,0.1284,0.29629,0.55216,0.82959,0.75398,0.35979,0.096767,0.31692,0.98205,0.87504,0.50876,0.040073,0.21767,0.71983,0.86487,0.43528,0.73207,0.66537,0.4757,0.092601,0.33395,0.75294,0.33743,0.38013,0.47495,0.23651,0.41702,0.64096,0.25911,0.22002,0.67456,0.28197,0.44685,0.12378,0.32046,0.42782,0.72673,1.1122,0.6827
