0.17118,0,0.0062155,0,0.21129,0,0.04207,0.18235,0,0,0.028495,0.28099,0,0.016387,0.028844,0.057033,0.051553,0.025245,0,0,0.078646,0.021492,0.0035342,0.024769,0.0073066,0.028064,0.060496,0.014772,0.032709,0.028991,0.035259,0.0025459,0.015449,0.014522,0.027036,0.026151,0.057635,0.0064673,0.088401,0.028348,0.01747,0.0067058,0.013912,0.050501,0.092646,0.040379,0.013938,0.054276,0.033925,0.044335,0.02403,0.018022,0.024268,0.046721,0.068869,0.030574,0.069691,0.048735,0.057206,0.020833,0.033102,0.06559,0.062064,0.04942,0.039674,0.019076,0.046072,0.03807,0.078425,0.027876,0.087264,0.019382,0.047247,0.031756,0.03342,0.050796,0.071039,0.065949,0.022389,0.062373,0.050474
0,0,0,0,0,0,0,0,0,0,0,0,0,0,0,0,0,0,0,0,0,0,0,0,0,0,0,0,0,0,0,0,0,0,0,0,0,0,0,0,0,0,0,0,0,0,0,0,0,0,0,0,0,0,0,0,0,0,0,0,0,0,0,0,0,0,0,0,0,0,0,0,0,0,0,0,0,0,0,0,0
0.017828,0,0.17564,0,0.52773,0.028217,0.21504,0.24845,0,0,0.096093,0.27033,0,0.19505,0.30738,0.098154,0.088922,0.046937,0,0,0.08566,0.062335,0.02208,0.00032988,0.022451,0.038236,0.032949,0.018973,0.084713,0.048117,0.06992,0.016631,0.030596,0.056211,0.075324,0.051187,0.11772,0.04092,0.11675,0.070696,0.048224,0.016353,0.038919,0.040725,0.14341,0.05514,0.025066,0.13007,0.053869,0.033949,0.045376,0.029247,0.12918,0.079725,0.15242,0.084548,0.042964,0.11426,0.12306,0.047412,0.061088,0.069207,0.11152,0.12372,0.080974,0.049659,0.0749,0.058178,0.11851,0.082786,0.14716,0.048759,0.079339,0.10582,0.19357,0.12353,0.1317,0.13494,0.086456,0.14072,0.14273
0,0,0,1.7206,0.92356,0,0,1.7593,0,0,0,0,0,0,0,0.14536,0.67378,0.13565,0,0,0,0.13211,0,0,0,0.06189,0.11949,0.080871,0.091214,0.093219,0.10066,0.10898,0.005661,0.048872,0.45203,0.05042,0.078822,0.089884,0.34662,0.072314,0.090396,0,0,0.14267,0.18416,0.20765,0,0.11026,0.13376,0.025988,0,0.03962,0.19809,0.23121,0.063086,0,0.058169,0.078259,0.012644,0.26219,0.43867,0.1259,0.73788,0.030013,0.13477,0,0.10854,0.11052,0.027837,0.4573,0.83688,0.24209,0.045528,0.30595,0.14034,0.67885,0.23563,0.10321,0,0.19634,0.072167
0.62287,0,0.54239,1.0156,10.373,0.68714,1.5577,6.2254,0,0,2.6967,7.1652,0,1.6084,1.1094,2.2787,2.4311,1.0024,0.3344,0,1.2505,0.74484,0.47522,0.28204,0.25813,0.65849,1.3022,0.46658,1.1866,1.1263,0.99385,0.67167,0.51791,0.77899,1.2522,0.79846,1.6498,0.75978,2.571,1.2977,1.2032,0.18334,0.4198,0.9439,2.3247,1.4652,0.5676,1.7847,1.1436,1.7608,0.42918,0.54317,1.7446,1.9042,1.8136,1.5114,1.1651,2.2208,1.4706,1.1559,1.7865,2.0184,3.1426,1.8118,1.155,0.7983,1.1087,1.3801,2.177,1.8612,3.7004,1.0885,1.9274,2.0512,3.2486,2.9712,2.1083,2.4402,1.3565,1.8082,1.667
0,0,0.024072,0,0.57036,0.15273,0.0876,0.26852,0,0,0,0,0,0.1501,0.020791,0.059111,0.071324,0.03416,0.01333,0,0.068902,0.02362,0.021451,0.0096916,0.013994,0.036368,0.035745,0.011452,0.082511,0.039766,0.057087,0.021955,0.017616,0.067391,0.047815,0.029988,0.065968,0.05545,0.086412,0.063444,0.037481,0.018819,0.016337,0.0074579,0.10982,0.03953,0.019621,0.10229,0.026062,0.064168,0.0095965,0.023538,0.085102,0.062512,0.097411,0.042687,0.019992,0.077422,0.076907,0.045819,0.055693,0.091737,0.098984,0.11312,0.065132,0.060519,0.070396,0.056516,0.098029,0.10778,0.15392,0.0426,0.10841,0.071349,0.17826,0.14808,0.091394,0.22219,0.13274,0.083826,0.11094
0.10649,0,0.18977,0,1.3374,0.090615,0.58297,0.70197,0,0,0.31695,0.81145,0,0.43105,0.4204,0.25588,0.22748,0.12484,0.0065511,0,0.25162,0.17859,0.051327,0.038617,0.052146,0.10692,0.19016,0.048136,0.2334,0.16704,0.17337,0.047012,0.05805,0.1298,0.17597,0.14848,0.33156,0.092823,0.35416,0.18462,0.10876,0.037473,0.085053,0.16788,0.38103,0.18232,0.072836,0.33074,0.14908,0.14518,0.13334,0.086422,0.3022,0.21774,0.40822,0.25305,0.20335,0.29789,0.3086,0.12362,0.15673,0.22953,0.33792,0.30781,0.22331,0.13012,0.2394,0.1792,0.34061,0.22792,0.39281,0.12142,0.25564,0.25925,0.40377,0.3102,0.37722,0.41306,0.29488,0.31388,0.34269
0.50761,0,0.24112,1.8268,5.8785,0.30547,0.772,9.2802,0.19206,0,0.53756,3.4515,0,1.2694,0.50977,1.8461,3.1368,0.56564,0.22418,0,0.83843,0.79613,0.084147,0.27556,0.17043,0.98811,1.117,0.53383,0.98877,1.0621,0.75905,0.41892,0.38636,0.6157,1.626,0.71583,1.121,0.52128,2.9555,1.0359,0.58582,0.10396,0.2447,1.0225,1.8436,1.3248,0.46771,1.3557,1.0474,0.82243,0.30909,0.42987,1.3146,1.3798,1.1228,0.69911,0.94868,1.2266,1.0072,1.3502,1.5663,1.7383,3.5123,1.2636,1.7553,0.49092,1.038,1.1335,1.503,1.5341,3.8638,1.1724,1.4405,1.5192,1.7687,3.3425,2.3094,1.9332,0.95053,1.8576,1.268
0,0,0,0,0,0,0,0.18964,0.47949,0,0,0.52954,0,0.27808,0,0.19335,0.2222,0.033035,0.08681,0,0.013558,0.045956,0,0,0.030601,0.078648,0,0.085956,0.09202,0.105,0,0.0070873,0,0,0.10345,0.078635,0.051884,0.020779,0.13093,0.11614,0.0075479,0,0,0.058726,0.042788,0,0.048847,0,0.031185,0.0095288,0.017452,0.0021852,0.11003,0.023582,0.0082616,0,0.028912,0,0,0.078599,0.024004,0.063968,0.15707,0.14595,0.13195,0.025083,0.0068462,0.036088,0.012291,0.096659,0.32605,0,0.045131,0.057814,0.15928,0.092552,0.15621,0,0.111,0.12757,0.090608
0,0,0,0,0,0,0,0,0,0,0,0,0,0,0,0,0,0,0,0,0,0,0,0,0,0,0,0,0,0,0,0,0,0,0,0,0,0,0,0,0,0,0,0,0,0,0,0,0,0,0,0,0,0,0,0,0,0,0,0,0,0,0,0,0,0,0,0,0,0,0,0,0,0,0,0,0,0,0,0,0
0.067518,0,0.07938,0,2.1675,0,0.2967,0.45756,0,0,5.1415,5.0154,0,0.18662,0.20734,0.46643,0.57304,0.31121,0.38141,0,0.11442,0.095787,0.19777,0.11566,0.051463,0.15481,0.37073,0.045981,0.20346,0.45199,0.080488,0.64151,0.090307,0.18642,0.2534,0.12552,0.37704,0.19592,0.59379,0.30875,1.0543,0.011227,0.11655,0.10508,0.37719,0.58213,0.29876,0.52004,0.27296,1.1467,0.081439,0.24819,1.0374,0.61112,0.45051,0.66303,0.12325,0.94374,0.30401,0.52996,0.79908,0.87694,1.1756,0.4316,0.26662,0.21833,0.25648,0.49474,0.83967,0.38385,1.3414,0.30175,0.69681,0.23314,1.4969,0.39843,0.42819,0.57704,0.12351,0.38934,0.3035
0.65804,0,0.22072,0,5.6921,0,0.75076,2.9037,0.45118,0,4.957,13.74,0,0.97401,0.55147,1.9531,2.1077,0.94679,0.69244,0,1.0364,0.50911,0.70435,0.38496,0.2635,0.62377,1.0425,0.40262,0.75826,1.3094,0.47439,0.84791,0.34727,0.34171,0.96854,0.55719,1.3759,0.45103,1.9629,1.1278,1.6805,0.078142,0.36842,0.82552,1.6767,1.2623,0.64772,0.93898,1.0088,2.2559,0.35747,0.50567,2.042,1.684,1.2288,1.9307,0.98999,2.2285,1.0314,0.86859,1.5383,1.7881,2.6312,1.5931,0.99106,0.54803,0.61078,1.2624,2.1708,0.97904,3.4553,0.30861,1.4445,1.1007,3.325,1.5621,1.4189,1.1259,0.75149,1.2465,1.0677
0,0,0,0,0,0,0,0,0,0,0,0,0,0,0,0,0,0,0,0,0,0,0,0,0,0,0,0,0,0,0,0,0,0,0,0,0,0,0,0,0,0,0,0,0,0,0,0,0,0,0,0,0,0,0,0,0,0,0,0,0,0,0,0,0,0,0,0,0,0,0,0,0,0,0,0,0,0,0,0,0
0.073077,0,0.30326,0,2.4331,0.27355,0.75944,2.0337,0.45118,0,0.35124,1.8548,0,1.5557,0.58083,0.7772,0.84323,0.27032,0.19762,0,0.44776,0.32951,0.15822,0.055327,0.15126,0.31934,0.2805,0.2807,0.52574,0.48842,0.28305,0.15308,0.096097,0.31895,0.48941,0.33229,0.64986,0.29003,0.84093,0.54691,0.24703,0.070019,0.15626,0.30173,0.79119,0.31919,0.19955,0.64702,0.34132,0.41259,0.18904,0.15157,0.71685,0.51929,0.70871,0.39897,0.32004,0.6846,0.57028,0.45739,0.41228,0.63452,1.0601,0.96889,0.66334,0.3778,0.4065,0.45025,0.70311,0.66781,1.5259,0.34903,0.78516,0.52253,1.3579,0.96135,0.93989,0.99347,0.81651,0.75228,0.80688
0.10664,0,0.39621,0,1.3913,0.031415,0.61407,0.67706,0,0,0.32353,0.87062,0,0.48154,0.86381,0.26996,0.23654,0.12815,0,0,0.24011,0.17423,0.0568,0.014091,0.057595,0.1042,0.11627,0.050254,0.23198,0.14684,0.19154,0.044269,0.074321,0.134,0.20727,0.14721,0.33459,0.09668,0.34128,0.19095,0.1257,0.039949,0.10259,0.14437,0.38554,0.16927,0.072707,0.35347,0.15258,0.10792,0.14354,0.082927,0.33608,0.2238,0.43339,0.24745,0.15817,0.32246,0.34095,0.13147,0.16046,0.19883,0.32149,0.33422,0.22419,0.12813,0.21388,0.16535,0.3301,0.21576,0.38953,0.13281,0.22214,0.28,0.47811,0.31019,0.36302,0.36412,0.23827,0.3654,0.37663
0.045866,0,0.02752,0.043604,0.62163,0.019427,0.081297,0.53332,0.05657,0,0.15831,0.67071,0,0.14015,0.058721,0.27989,0.26379,0.079742,0.048075,0,0.094387,0.069956,0.046916,0.022156,0.025746,0.071922,0.10073,0.062087,0.08769,0.10974,0.07126,0.049887,0.045688,0.054361,0.099932,0.079387,0.13346,0.052277,0.2653,0.12751,0.07726,0.0094975,0.040456,0.10243,0.18481,0.11074,0.048011,0.13652,0.11008,0.1383,0.031973,0.03436,0.14573,0.16586,0.10868,0.11546,0.1156,0.16752,0.11307,0.10293,0.13723,0.17751,0.29488,0.17333,0.13876,0.055508,0.07951,0.10549,0.17956,0.1344,0.36571,0.086465,0.18295,0.18524,0.27421,0.27236,0.19151,0.14032,0.10157,0.17191,0.12665
0.052232,0,0.03141,0.25464,0.83554,0.029532,0.091054,1.1417,0.081905,0,0.24504,0.91186,0,0.19158,0.064822,0.33234,0.52478,0.111,0.079254,0,0.11087,0.12153,0.060661,0.033534,0.033486,0.14146,0.14065,0.090269,0.14161,0.18244,0.091618,0.095186,0.053119,0.072545,0.24045,0.10384,0.18132,0.085484,0.42936,0.17579,0.12994,0.011592,0.03798,0.15202,0.2596,0.19188,0.078399,0.15663,0.1693,0.17863,0.037103,0.060287,0.25244,0.22564,0.14262,0.16863,0.13712,0.21877,0.13534,0.19492,0.25568,0.25082,0.54687,0.23281,0.27043,0.071384,0.12136,0.15993,0.23798,0.22694,0.65706,0.12957,0.20877,0.23831,0.3944,0.48547,0.30785,0.20779,0.13459,0.26551,0.17889
0.024565,0,0.015924,0.049235,0.33089,0.013584,0.047992,0.19773,0.011695,0,0.12781,0.3934,0,0.058983,0.033729,0.096488,0.10661,0.12743,0.021806,0,0.05192,0.03062,0.027893,0.011324,0.011888,0.025067,0.048714,0.021193,0.13156,0.049568,0.031164,0.031291,0.016617,0.038074,0.050426,0.030155,0.068621,0.0281,0.16074,0.064706,0.054573,0.0051955,0.067564,0.040082,0.087561,0.071269,0.022983,0.059394,0.047066,0.082121,0.016498,0.020322,0.081982,0.095177,0.061806,0.075934,0.04811,0.093208,0.063497,0.041894,0.075741,0.075568,0.12697,0.090773,0.11172,0.029499,0.037781,0.058886,0.090548,0.068911,0.18428,0.029168,0.10804,0.06975,0.14101,0.10697,0.074927,0.071562,0.047318,0.065887,0.059393
0,0,0,0,0.073025,0.0035069,0.0016662,0.051844,0.020332,0,0.10363,0.19034,0,0.028528,0,0.038484,0.050357,0.014427,0.024117,0,0.0070874,0.0075914,0.014707,0.0028159,0.0053735,0.019841,0.0071981,0.0093805,0.015781,0.023172,0.0014327,0.020529,0.0018567,0.0034278,0.018875,0.0076488,0.019957,0.0099932,0.033625,0.020846,0.029464,0.00047713,0.0039057,0.0087601,0.016781,0.017099,0.013152,0.0073352,0.017031,0.038193,0.0014907,0.0066881,0.039921,0.024557,0.010137,0.029649,0.006557,0.033674,0.0095189,0.018964,0.027654,0.027233,0.052553,0.032725,0.02892,0.0098469,0.0048534,0.017595,0.030344,0.019584,0.076363,0.0019043,0.024862,0.014554,0.078404,0.03311,0.022059,0.012423,0.018577,0.020059,0.017594
0,0,0,0,0,0,0,0,0,0,0,0,0,0,0,0,0,0,0,0,0,0,0,0,0,0,0,0,0,0,0,0,0,0,0,0,0,0,0,0,0,0,0,0,0,0,0,0,0,0,0,0,0,0,0,0,0,0,0,0,0,0,0,0,0,0,0,0,0,0,0,0,0,0,0,0,0,0,0,0,0
0.059293,0,0.022516,0,0.3198,0.021229,0.074947,0.22708,0.0037188,0,0.036408,0.33364,0,0.075697,0.048963,0.088486,0.0825,0.040227,0.0083002,0,0.099129,0.038025,0.015709,0.024918,0.013834,0.033793,0.074507,0.020058,0.054192,0.045822,0.045457,0.011723,0.019198,0.029404,0.041456,0.03781,0.085135,0.022377,0.11252,0.053642,0.028735,0.0091685,0.021688,0.056538,0.11627,0.054139,0.017972,0.073311,0.047799,0.062177,0.030419,0.02264,0.060439,0.069495,0.086187,0.063192,0.077953,0.080016,0.077304,0.034678,0.052921,0.084547,0.10143,0.0879,0.057027,0.034934,0.062013,0.057934,0.10993,0.052506,0.13754,0.029756,0.08147,0.060112,0.09711,0.09982,0.099474,0.10662,0.072629,0.082313,0.081399
0.018683,0,0.018892,0.042839,0.21964,0.0083912,0.061336,0.24862,0.014535,0,0.035143,0.18898,0,0.064233,0.040965,0.07562,0.10427,0.027355,0.010251,0,0.043845,0.039951,0.010818,0.010898,0.009882,0.031645,0.042752,0.018864,0.042127,0.042646,0.029382,0.015221,0.013344,0.019618,0.052498,0.030731,0.058237,0.019127,0.10227,0.04205,0.02074,0.0044071,0.012837,0.043436,0.075324,0.0448,0.017222,0.048647,0.040887,0.033096,0.018873,0.016525,0.060513,0.050847,0.054092,0.044555,0.045387,0.051719,0.04673,0.03877,0.049622,0.055167,0.11321,0.059561,0.063471,0.019424,0.041879,0.038518,0.063716,0.05169,0.13513,0.028661,0.050678,0.061237,0.080113,0.10354,0.083411,0.059495,0.046161,0.070264,0.056397
0.0024267,0,0.0052857,0,0.11069,0.0060193,0.013923,0.020756,0,0,0.057312,0.20651,0,0.024361,0.010549,0.040057,0.04111,0.019682,0.015687,0,0.014307,0.0085451,0.029678,0.0006217,0.0064333,0.0071692,0.0061131,0.0084737,0.012963,0.023354,0.0050532,0.016751,0.0036723,0.0076245,0.015171,0.0070301,0.027706,0.012586,0.026239,0.024288,0.0265,0.0013191,0.0084378,0.0090415,0.027842,0.016021,0.0078065,0.012806,0.019575,0.039766,0.0026805,0.0053442,0.036977,0.037769,0.02261,0.048475,0.011675,0.054347,0.020884,0.014344,0.029083,0.023713,0.045016,0.044345,0.019723,0.015034,0.0062823,0.018908,0.042375,0.019505,0.070322,0.0036981,0.033289,0.024896,0.089091,0.035789,0.014283,0.022272,0.020496,0.015797,0.02192
0.020248,0,9.402e-05,0,0.078213,0.0032378,0.012472,0.080923,0,0,0.039904,0.13438,0,0.010142,0.0031156,0.022523,0.027057,0.0095135,0.0035758,0,0.027019,0.010249,0.00074018,0.039381,0.0028801,0.01184,0.029661,0.0047382,0.013721,0.01326,0.012607,0.014006,0.0059641,0.0065765,0.011983,0.010524,0.020769,0.004019,0.037182,0.013319,0.030795,0.0018464,0.0050372,0.018561,0.032035,0.019129,0.0055685,0.035655,0.013722,0.075928,0.0086742,0.0071003,0.043178,0.018465,0.020501,0.013931,0.024748,0.018656,0.019309,0.021967,0.016534,0.057986,0.088022,0.019335,0.016142,0.0077803,0.018718,0.020477,0.031027,0.011531,0.059544,0.0090036,0.021926,0.014602,0.018429,0.027434,0.041855,0.028601,0.016274,0.022567,0.019033
0.0072507,0,0.0077673,0,0.08689,0.0056752,0.020444,0.060756,0.011048,0,0.021553,0.11165,0,0.033658,0.015459,0.03177,0.032797,0.012123,0.0082831,0,0.018208,0.011281,0.0092976,0.0034961,0.0055516,0.012097,0.012517,0.008075,0.016734,0.017704,0.009223,0.006996,0.004139,0.0083048,0.016103,0.010992,0.023846,0.0084633,0.031655,0.019132,0.011949,0.0019181,0.0061321,0.013092,0.028202,0.013955,0.0074928,0.017861,0.014749,0.019603,0.0065504,0.0055278,0.025495,0.022242,0.022521,0.021981,0.015002,0.027212,0.01916,0.013097,0.017479,0.022042,0.036022,0.031613,0.021923,0.011431,0.012991,0.016163,0.030217,0.018617,0.052333,0.0078416,0.025284,0.018748,0.048279,0.032048,0.028092,0.026264,0.023418,0.023516,0.024357
0.020526,0,0.0097498,0.016884,0.16337,0.01087,0.030894,0.25961,0.020928,0,0.047785,0.19481,0,0.052373,0.020613,0.06541,0.10212,0.018841,0.022542,0,0.032783,0.026624,0.0076364,0.010593,0.0089161,0.059218,0.031207,0.014201,0.043093,0.041215,0.019496,0.01653,0.0089814,0.013812,0.050602,0.02272,0.041817,0.012896,0.099459,0.035994,0.0228,0.0036032,0.0084419,0.032617,0.054298,0.040585,0.023675,0.033175,0.037381,0.031714,0.012445,0.016091,0.055738,0.038368,0.036355,0.035543,0.028444,0.038189,0.032502,0.037077,0.040093,0.052823,0.098061,0.047437,0.077238,0.015238,0.035369,0.036298,0.056702,0.037931,0.12149,0.017134,0.041351,0.034632,0.080355,0.089363,0.074052,0.051218,0.040617,0.061072,0.046073
0.04472,0,0.0084917,0.032947,0.32652,0.010798,0.055534,0.29661,0,0,0.11566,0.32906,0,0.046495,0.023246,0.092589,0.10262,0.037006,0.0082653,0,0.073053,0.036354,0.0065813,0.026821,0.0093239,0.03154,0.086152,0.020166,0.045435,0.048218,0.043871,0.02462,0.023325,0.026153,0.047595,0.036839,0.070863,0.020639,0.12507,0.049677,0.045628,0.0062035,0.016519,0.058599,0.10699,0.067511,0.021419,0.073593,0.048999,0.072955,0.025341,0.024626,0.065212,0.071324,0.071626,0.050872,0.074145,0.07604,0.063402,0.047335,0.066558,0.094657,0.13657,0.061763,0.049402,0.025952,0.056094,0.060343,0.094253,0.060274,0.14736,0.042409,0.075861,0.074013,0.080807,0.11541,0.10348,0.091315,0.051443,0.078802,0.064367
0.012867,0,0.0057615,0.026275,0.13786,0.0040765,0.016564,0.16703,0.027239,0,0.016903,0.14975,0,0.054825,0.011839,0.067246,0.077604,0.01897,0.012692,0,0.023174,0.018901,0.010749,0.0050484,0.0070878,0.016912,0.023762,0.02264,0.022904,0.030736,0.016698,0.010386,0.0095743,0.015136,0.033175,0.020892,0.034007,0.01547,0.067417,0.034774,0.016162,0.0022604,0.0074401,0.026492,0.048704,0.025348,0.010832,0.032068,0.027753,0.030628,0.0075875,0.0073387,0.035824,0.039858,0.028528,0.023023,0.028104,0.042639,0.027539,0.033777,0.036427,0.046418,0.087646,0.049552,0.039202,0.017107,0.01874,0.027463,0.041005,0.040914,0.11213,0.028122,0.047142,0.045892,0.073044,0.078436,0.056931,0.043189,0.030418,0.045688,0.036276
0.02678,0,0.02418,0.027856,0.32954,0.027607,0.075494,0.29081,0.02741,0,0.070302,0.26509,0,0.096521,0.05137,0.089274,0.11443,0.11069,0.02007,0,0.05885,0.039675,0.015457,0.013741,0.013806,0.048239,0.050322,0.021529,0.20919,0.05653,0.036812,0.022149,0.014752,0.054715,0.063705,0.036895,0.074552,0.027855,0.18729,0.07761,0.035354,0.0074603,0.097792,0.044784,0.093567,0.079347,0.026854,0.085914,0.04729,0.061301,0.023367,0.023618,0.090982,0.097627,0.077263,0.059167,0.048612,0.077565,0.080484,0.050475,0.061169,0.0771,0.13181,0.11096,0.14395,0.033396,0.058345,0.065123,0.093259,0.076658,0.20492,0.034957,0.14058,0.067369,0.12739,0.12329,0.10405,0.10268,0.076648,0.087095,0.080686
0.022971,0,0.013292,0.027551,0.30272,0.012876,0.052289,0.30232,0.030267,0,0.15115,0.443,0,0.086779,0.031469,0.10812,0.14267,0.040362,0.028521,0,0.048157,0.03887,0.026949,0.012852,0.014136,0.04465,0.051684,0.027959,0.054708,0.079896,0.030616,0.034776,0.019149,0.028718,0.070867,0.036343,0.072823,0.029885,0.13402,0.06614,0.056659,0.0047194,0.016335,0.047961,0.096271,0.069607,0.032928,0.064289,0.057291,0.07805,0.019128,0.027044,0.096348,0.08647,0.07314,0.076429,0.049808,0.10292,0.059459,0.062819,0.079524,0.094337,0.16943,0.093826,0.085178,0.033393,0.048826,0.065257,0.10337,0.075026,0.20825,0.041253,0.089001,0.074751,0.15944,0.13988,0.10609,0.094767,0.061544,0.088575,0.072247
0.024142,0,0.016691,0.025708,0.23083,0.015973,0.046897,0.1867,0,0,0.023258,0.1387,0,0.043457,0.035472,0.06067,0.061913,0.021928,0.0015238,0,0.041282,0.023142,0.0050389,0.010559,0.0063636,0.018251,0.040635,0.013126,0.030785,0.026457,0.032559,0.0077995,0.015538,0.020516,0.031917,0.023725,0.043051,0.015724,0.074673,0.032364,0.017808,0.0054103,0.011,0.03277,0.067028,0.035772,0.011013,0.050024,0.028462,0.031211,0.01503,0.012921,0.036192,0.042629,0.048493,0.026511,0.039959,0.043711,0.042319,0.026146,0.036887,0.050603,0.075949,0.042958,0.032189,0.017803,0.034844,0.032604,0.052617,0.043273,0.082168,0.028358,0.046257,0.053917,0.055734,0.077949,0.063333,0.064315,0.035954,0.052159,0.045985
0.0020006,0,0.0045565,0.031944,0.17904,0.0070508,0.014595,0.11826,0.0020263,0,0.21276,0.28452,0,0.026975,0.0094091,0.048747,0.073827,0.02527,0.02506,0,0.01222,0.013759,0.019171,0.013463,0.00554,0.017761,0.026172,0.00937,0.021259,0.03449,0.0089516,0.052023,0.0066197,0.015475,0.034327,0.012804,0.032398,0.019214,0.062226,0.030166,0.075395,0.0014466,0.01392,0.013607,0.035745,0.041733,0.019002,0.044368,0.026345,0.085885,0.0036941,0.015962,0.092386,0.053745,0.027635,0.04936,0.011531,0.062453,0.024957,0.045432,0.061308,0.064331,0.11252,0.050434,0.037841,0.016789,0.019317,0.038371,0.058419,0.042123,0.14773,0.021124,0.0559,0.029547,0.11093,0.065268,0.039479,0.038003,0.020937,0.042838,0.027032
0.012629,0,0.0087202,0.0017262,0.14362,0.0058851,0.018748,0.11346,0,0,0.031157,0.12122,0,0.017616,0.016433,0.046444,0.04286,0.01396,0.0023578,0,0.020817,0.012549,0.0043722,0.005964,0.0034097,0.010039,0.025795,0.0089859,0.01473,0.019757,0.018552,0.0068864,0.013732,0.010959,0.015467,0.014528,0.023113,0.0091576,0.049596,0.021348,0.01524,0.0025568,0.0060546,0.020543,0.040501,0.024691,0.008532,0.027911,0.019642,0.024283,0.0069347,0.0083793,0.02161,0.029261,0.0245,0.017086,0.024978,0.029834,0.023374,0.015027,0.023766,0.033678,0.050605,0.021728,0.016879,0.0083814,0.016807,0.019933,0.030903,0.025342,0.049257,0.017372,0.027823,0.039397,0.037277,0.050534,0.037425,0.030151,0.013706,0.03068,0.022732
0.009734,0,0.013136,0.012219,0.17712,0.01846,0.034371,0.14825,0,0,0.052735,0.097803,0,0.047939,0.024294,0.045309,0.047994,0.026227,0.003569,0,0.026142,0.015127,0.007443,0.0053922,0.0056095,0.012658,0.023715,0.011648,0.044795,0.024294,0.020085,0.0132,0.0089853,0.046648,0.02833,0.021853,0.032385,0.017616,0.079867,0.038702,0.023471,0.0042987,0.033281,0.016863,0.051629,0.033662,0.0095144,0.075719,0.021874,0.037172,0.0087163,0.010347,0.048206,0.064648,0.0449,0.026351,0.020429,0.048668,0.05026,0.041038,0.040031,0.064162,0.08083,0.068345,0.051845,0.026226,0.034548,0.038684,0.063172,0.040313,0.12344,0.044192,0.10697,0.033802,0.066074,0.077368,0.059026,0.088278,0.034237,0.053944,0.042923
0.01957,0,0.019008,0.12205,0.30745,0.014144,0.05032,0.42281,0.027243,0,0.07741,0.29936,0,0.079435,0.040577,0.089945,0.17178,0.037509,0.021222,0,0.039801,0.043712,0.015993,0.01061,0.011745,0.050079,0.046605,0.027569,0.056321,0.064739,0.033741,0.031619,0.013695,0.030593,0.10352,0.035447,0.06432,0.030778,0.14251,0.057859,0.045762,0.0049103,0.014094,0.046698,0.089997,0.068324,0.027604,0.062134,0.055556,0.051282,0.016678,0.024048,0.091365,0.078184,0.063743,0.059423,0.038269,0.079595,0.050452,0.075106,0.093404,0.085484,0.18751,0.081206,0.096098,0.029112,0.050405,0.062977,0.086743,0.086581,0.22967,0.052421,0.072361,0.072836,0.12939,0.16579,0.11216,0.094662,0.054877,0.095904,0.070016
0.020601,0,0.014059,0.014816,0.21337,0.0096547,0.046212,0.20258,0.022538,0,0.041732,0.18744,0,0.0587,0.031368,0.077768,0.080738,0.024413,0.0093601,0,0.039509,0.02785,0.0080658,0.010142,0.0087263,0.024472,0.03926,0.018896,0.035501,0.036134,0.027297,0.012836,0.014,0.025684,0.038579,0.033298,0.050307,0.017,0.094938,0.044043,0.022194,0.0042649,0.016487,0.037599,0.069341,0.0385,0.015461,0.062458,0.034707,0.037845,0.016181,0.013596,0.050678,0.055218,0.05055,0.037249,0.042238,0.051653,0.046997,0.039991,0.044928,0.065609,0.10103,0.065289,0.05364,0.02319,0.038822,0.039748,0.067351,0.045726,0.12589,0.037213,0.070077,0.05468,0.073998,0.091373,0.078592,0.071855,0.042148,0.067835,0.052023
0.042694,0,0.030402,0.021779,0.41457,0.01997,0.097033,0.29829,0.013983,0,0.11788,0.43523,0,0.10795,0.067036,0.12294,0.13257,0.052238,0.022965,0,0.083649,0.049626,0.02989,0.018819,0.0178,0.042353,0.071012,0.028921,0.067453,0.068082,0.046577,0.03054,0.020944,0.03579,0.065825,0.047304,0.10585,0.034949,0.14194,0.073761,0.052752,0.0085076,0.025361,0.062771,0.12746,0.071773,0.029389,0.088085,0.064308,0.087672,0.031445,0.028671,0.098373,0.096639,0.10184,0.093742,0.076266,0.11715,0.086318,0.057174,0.083394,0.10177,0.16414,0.11735,0.08277,0.044254,0.064269,0.072672,0.12938,0.079286,0.20876,0.043107,0.10543,0.088537,0.17055,0.14146,0.12157,0.11868,0.085979,0.10332,0.097689
0.0046384,0,0.010232,0.024046,0.18485,0.016252,0.026301,0.1343,0.0054221,0,0.059302,0.13813,0,0.046645,0.018754,0.046622,0.060512,0.020711,0.011133,0,0.021287,0.01578,0.013146,0.003526,0.0061168,0.012646,0.020025,0.012738,0.024401,0.027051,0.016471,0.017536,0.0080342,0.01885,0.030497,0.015477,0.033837,0.021117,0.052715,0.029732,0.027151,0.0033945,0.0083445,0.015629,0.045084,0.028646,0.011885,0.03495,0.023345,0.038643,0.006235,0.010904,0.043317,0.041317,0.034169,0.032751,0.017748,0.049604,0.028498,0.030655,0.041761,0.044183,0.077957,0.04765,0.032005,0.020052,0.020489,0.02939,0.045715,0.041964,0.099254,0.024167,0.046016,0.038111,0.082919,0.071103,0.045162,0.055794,0.033366,0.038918,0.036683
0.069595,0,0.032046,0.10179,0.68659,0.027801,0.11016,0.83587,0.0375,0,0.19729,0.65986,0,0.14845,0.072671,0.25972,0.33363,0.13005,0.041121,0,0.1175,0.092618,0.030085,0.035807,0.025114,0.10706,0.1332,0.060935,0.18009,0.13316,0.085861,0.062341,0.047763,0.093806,0.155,0.094875,0.15085,0.057864,0.47929,0.15041,0.086933,0.012453,0.092748,0.12489,0.22452,0.16085,0.059969,0.21436,0.12776,0.14285,0.043271,0.050976,0.19378,0.21028,0.14495,0.12199,0.13095,0.16974,0.15374,0.15133,0.17336,0.23072,0.38744,0.21947,0.32805,0.065846,0.13448,0.14244,0.22803,0.16127,0.49555,0.12912,0.26681,0.18074,0.25888,0.35455,0.25837,0.22106,0.11701,0.23888,0.1562
0.023902,0,0.020782,0.022744,0.37117,0.021861,0.0615,0.31376,0.035629,0,0.10987,0.40605,0,0.1034,0.043548,0.13369,0.1463,0.056068,0.027303,0,0.059992,0.040786,0.029825,0.013738,0.016256,0.041495,0.056664,0.033662,0.079928,0.070383,0.039856,0.032368,0.022018,0.048685,0.067399,0.047139,0.083959,0.034954,0.16109,0.08626,0.053396,0.0066684,0.040104,0.053652,0.11243,0.071791,0.029147,0.099406,0.060972,0.08601,0.021441,0.02426,0.10086,0.11122,0.081869,0.079005,0.060289,0.11202,0.080661,0.070149,0.084358,0.11117,0.17857,0.12767,0.09944,0.043483,0.056961,0.073529,0.12028,0.084757,0.24238,0.057325,0.13919,0.091974,0.17397,0.16077,0.11962,0.12008,0.074521,0.10604,0.086793
0.014496,0,0.013951,0.027979,0.33866,0.01271,0.035654,0.17462,0.0022787,0,0.36923,0.59543,0,0.045964,0.028212,0.079718,0.10642,0.046536,0.037978,0,0.031626,0.019797,0.032025,0.031257,0.0099915,0.025868,0.051218,0.015397,0.035832,0.059336,0.021582,0.079612,0.015469,0.029056,0.052461,0.023377,0.059091,0.031412,0.091627,0.052547,0.15535,0.0039736,0.015994,0.024264,0.073363,0.07247,0.033481,0.070304,0.045179,0.16247,0.010688,0.027839,0.16088,0.087855,0.062141,0.094688,0.027029,0.12235,0.047457,0.077843,0.099121,0.12076,0.19073,0.072998,0.045855,0.033133,0.029223,0.073246,0.10574,0.064655,0.22392,0.032872,0.08188,0.05384,0.19026,0.097492,0.078067,0.084591,0.034005,0.056442,0.05139
0.0040528,0,0.0034457,0,0.037587,0.004648,0.0089474,0.022571,0,0,0.0028637,0.020166,0,0.0094891,0.0065303,0.0071376,0.006915,0.0032269,0.00044794,0,0.0073497,0.0030639,0.0011611,0.001365,0.0011682,0.0029775,0.0050719,0.0015684,0.0055071,0.0035998,0.0047756,0.0011125,0.0018902,0.0038759,0.0040999,0.0032719,0.0069411,0.0028604,0.0095597,0.0047798,0.0028941,0.0012795,0.0019438,0.0037095,0.010259,0.0047112,0.0017583,0.008149,0.0034533,0.0049797,0.0023082,0.002028,0.0063199,0.0056636,0.0086525,0.0047267,0.0050445,0.0066469,0.0071544,0.00327,0.0045903,0.0074977,0.0084928,0.0079219,0.005207,0.0035803,0.0056025,0.0049643,0.0091422,0.0061242,0.011458,0.0033388,0.0073722,0.0063362,0.010572,0.0099414,0.0090327,0.012438,0.0074821,0.0078781,0.0082743
0.0092826,0,0.0090533,0,0.095016,0.0044547,0.02242,0.058652,0,0,0.032821,0.10497,0,0.023379,0.018513,0.033566,0.025012,0.046328,0.004048,0,0.019194,0.0098532,0.0081994,0.0041113,0.0041231,0.0077014,0.01491,0.0056993,0.079696,0.013756,0.01072,0.011819,0.0049417,0.033129,0.012992,0.013964,0.022843,0.007763,0.078606,0.031735,0.012861,0.002146,0.062304,0.012507,0.02971,0.026937,0.005838,0.061183,0.013433,0.0289,0.0070244,0.0057618,0.039537,0.057887,0.024071,0.02305,0.016146,0.028954,0.040576,0.015946,0.021516,0.035276,0.033625,0.060492,0.057474,0.012917,0.021801,0.026386,0.043896,0.021914,0.091714,0.019251,0.094746,0.018224,0.03965,0.035982,0.025633,0.030176,0.018126,0.040922,0.022776
0.040595,0,0.011413,0.042779,0.25738,0.00245,0.053316,0.29528,0.017175,0,0.035649,0.28336,0,0.054387,0.031388,0.10239,0.12062,0.033111,0.010939,0,0.060283,0.040165,0.010585,0.018251,0.010605,0.035848,0.063724,0.024449,0.043971,0.048657,0.038474,0.013919,0.0202,0.020223,0.051861,0.038365,0.068117,0.017517,0.12752,0.05115,0.023506,0.0049338,0.015068,0.06418,0.095852,0.057522,0.020106,0.059862,0.049569,0.049444,0.02315,0.019082,0.056123,0.064693,0.059654,0.046503,0.07024,0.058304,0.056921,0.039455,0.057387,0.074524,0.13187,0.066453,0.064478,0.020499,0.047698,0.046369,0.08082,0.053733,0.1481,0.033102,0.064681,0.072638,0.077959,0.11703,0.099217,0.065091,0.046146,0.079625,0.061045
0.071434,0,0.03855,0.052967,0.60803,0.034604,0.11607,0.51065,0.012003,0,0.12274,0.55204,0,0.13679,0.080404,0.17719,0.19756,0.069382,0.020099,0,0.11891,0.06681,0.031265,0.030215,0.021913,0.057243,0.11159,0.043114,0.088118,0.093684,0.075482,0.035073,0.0382,0.05939,0.095869,0.067867,0.13267,0.048468,0.2199,0.10281,0.068171,0.013088,0.034333,0.09194,0.19566,0.10647,0.037656,0.13801,0.090008,0.11337,0.040721,0.038918,0.12464,0.13949,0.14013,0.10701,0.11225,0.15268,0.12297,0.089942,0.11931,0.15904,0.24725,0.15348,0.11364,0.060781,0.098191,0.10386,0.17858,0.11939,0.29629,0.082276,0.15519,0.13876,0.20914,0.22898,0.18396,0.18872,0.10763,0.15352,0.13406
0.031618,0,0.015053,0.060651,0.3892,0.01265,0.056403,0.37265,0,0,0.19238,0.42207,0,0.056046,0.035851,0.10783,0.1483,0.05735,0.020798,0,0.05623,0.040354,0.01827,0.018322,0.011012,0.043451,0.071514,0.022788,0.075889,0.06879,0.04091,0.041585,0.023651,0.039325,0.073914,0.038268,0.075869,0.031276,0.15999,0.066671,0.068388,0.0061039,0.031612,0.056033,0.10812,0.10535,0.034742,0.08099,0.060203,0.093528,0.021358,0.031816,0.099816,0.099399,0.077849,0.074627,0.060108,0.10362,0.069486,0.068452,0.098249,0.1109,0.18745,0.080904,0.088355,0.032153,0.057849,0.075231,0.11298,0.079602,0.21006,0.052962,0.1083,0.082416,0.14003,0.15477,0.11513,0.1071,0.051155,0.093751,0.071852
0.010131,0,0.0063519,0,0.13995,0.0058283,0.020915,0.12212,0.012917,0,0.091647,0.20103,0,0.032523,0.014294,0.043393,0.056243,0.017167,0.01485,0,0.017327,0.014399,0.0082636,0.004951,0.0054881,0.023528,0.02106,0.0090388,0.02384,0.030206,0.011691,0.017576,0.0075859,0.010317,0.027719,0.014264,0.028836,0.012045,0.055366,0.025125,0.029328,0.0021146,0.0063597,0.01818,0.035497,0.032249,0.019863,0.024603,0.022445,0.038049,0.0074651,0.013076,0.041872,0.032065,0.027516,0.032166,0.017497,0.039979,0.021861,0.023099,0.032591,0.040029,0.064054,0.032505,0.03561,0.012305,0.018018,0.027728,0.041081,0.027825,0.079209,0.012041,0.031826,0.024461,0.066874,0.049175,0.041996,0.033829,0.022161,0.03599,0.028201
0.042192,0,0.035252,0.03197,0.47061,0.032496,0.10157,0.37859,0,0,0.17061,0.31168,0,0.11278,0.074319,0.13196,0.12017,0.047448,0.0088575,0,0.07559,0.043501,0.014498,0.033904,0.013992,0.03526,0.077391,0.02862,0.081573,0.063074,0.056795,0.04389,0.026541,0.087814,0.066729,0.061631,0.092437,0.037881,0.21166,0.091646,0.065862,0.010482,0.071282,0.057889,0.13913,0.080403,0.026313,0.23814,0.059136,0.14831,0.029734,0.029694,0.13843,0.1539,0.1189,0.065747,0.070352,0.11795,0.12445,0.10279,0.099622,0.19139,0.25463,0.17517,0.11741,0.059213,0.10125,0.095637,0.16814,0.10212,0.30997,0.1118,0.23668,0.096053,0.15375,0.18755,0.16088,0.19707,0.083621,0.15931,0.10864
0.029225,0,0.016179,0.042981,0.33417,0.0091751,0.050738,0.32412,0.009774,0,0.099241,0.37107,0,0.065933,0.035551,0.11792,0.14395,0.041667,0.02279,0,0.054616,0.040518,0.024559,0.01446,0.012804,0.044029,0.057102,0.027448,0.049758,0.062289,0.03581,0.028881,0.020699,0.028112,0.06612,0.037952,0.074786,0.02804,0.1398,0.062294,0.046904,0.0049223,0.017343,0.053122,0.10056,0.066232,0.026602,0.065534,0.074744,0.091248,0.01935,0.022993,0.08075,0.085972,0.067637,0.07258,0.059288,0.095569,0.060613,0.06153,0.080389,0.10447,0.167,0.086364,0.080399,0.030589,0.048389,0.061497,0.10069,0.069664,0.19701,0.046505,0.088024,0.086332,0.14178,0.1471,0.10934,0.088231,0.052479,0.087341,0.068922
0.035137,0,0.0093805,0.0076827,0.47337,0.020783,0.045457,0.23415,0.0027475,0,0.38356,0.76344,0,0.073323,0.023133,0.13629,0.13973,0.066885,0.047019,0,0.065361,0.030173,0.045899,0.073609,0.015656,0.034365,0.078218,0.027868,0.05934,0.078069,0.036128,0.086618,0.023541,0.043951,0.05615,0.038072,0.0938,0.042702,0.14381,0.080844,0.15518,0.0065301,0.034327,0.048748,0.11653,0.094662,0.041487,0.1512,0.083948,0.46438,0.018469,0.036662,0.18642,0.1345,0.087802,0.11746,0.062656,0.16294,0.08073,0.093807,0.12295,0.30616,0.3805,0.12682,0.070289,0.050227,0.048727,0.096975,0.15609,0.085544,0.30589,0.048441,0.15027,0.083283,0.2482,0.13909,0.15577,0.12038,0.06584,0.089613,0.081101
0.014876,0,0.0097933,0,0.090124,0.0024278,0.032611,0.068735,0.0039306,0,0.021277,0.094494,0,0.026242,0.024034,0.024612,0.02267,0.010496,0.0014335,0,0.024977,0.01344,0.0024166,0.0065685,0.0040863,0.010534,0.021222,0.0053925,0.017668,0.014945,0.013589,0.0029101,0.0052513,0.00805,0.014264,0.012715,0.026278,0.0053817,0.034025,0.015742,0.0079733,0.0023643,0.0065171,0.017827,0.032693,0.016885,0.0063579,0.023679,0.013905,0.014426,0.011484,0.007277,0.020004,0.018958,0.028792,0.018248,0.022342,0.022967,0.023451,0.0111,0.013823,0.023015,0.030228,0.024001,0.017998,0.0093806,0.019571,0.016861,0.030273,0.01549,0.036263,0.0098295,0.022049,0.018696,0.024994,0.025599,0.032518,0.029998,0.021395,0.02564,0.025312
0.015885,0,0.0089877,0.013027,0.16241,0.0084787,0.030095,0.13612,0.00070076,0,0.09233,0.19033,0,0.029959,0.01977,0.03766,0.052449,0.018408,0.0091574,0,0.026469,0.016755,0.0068604,0.0076557,0.0049101,0.019392,0.029364,0.0074265,0.025427,0.030085,0.016634,0.017904,0.0090348,0.013606,0.029285,0.015213,0.034116,0.0134,0.057074,0.025361,0.029572,0.0029578,0.0076116,0.020924,0.04449,0.035814,0.015857,0.03367,0.023526,0.040775,0.010362,0.13307,0.040812,0.03897,0.036965,0.033562,0.023242,0.046405,0.028879,0.025674,0.038849,0.11406,0.070864,0.03417,0.032172,0.014871,0.025875,0.032883,0.049873,0.032078,0.081147,0.017993,0.039349,0.026787,0.060628,0.053361,0.047277,0.048169,0.0261,0.038818,0.033046
0.018268,0,0.033903,0.055621,0.44549,0.02618,0.089874,0.35549,0.030133,0,0.32958,0.65638,0,0.121,0.068427,0.13641,0.18755,0.063421,0.04668,0,0.060346,0.0524,0.040538,0.03976,0.01934,0.057368,0.066407,0.03096,0.083652,0.091536,0.039791,0.088499,0.019899,0.054137,0.095019,0.048424,0.099967,0.045465,0.18529,0.090041,0.14595,0.0078717,0.044605,0.052557,0.12169,0.095957,0.043365,0.13405,0.070562,0.17707,0.024325,0.034854,0.23524,0.13053,0.099839,0.11486,0.051141,0.14008,0.090844,0.11578,0.12415,0.16103,0.27564,0.14998,0.12614,0.049343,0.071848,0.097112,0.15252,0.10696,0.3708,0.059379,0.1528,0.08976,0.24675,0.18231,0.14108,0.13071,0.082144,0.13443,0.10074
0.037299,0,0.02219,0.068851,0.51567,0.020395,0.068674,0.39571,0.0068496,0,0.20591,0.57408,0,0.092961,0.048324,0.16465,0.17779,0.078085,0.030453,0,0.073589,0.046695,0.043913,0.018032,0.017893,0.04188,0.077029,0.036532,0.095195,0.087124,0.049705,0.0546,0.028575,0.076998,0.086232,0.055957,0.10415,0.045991,0.21324,0.1053,0.084525,0.0074813,0.069261,0.064249,0.14442,0.10134,0.035219,0.15805,0.079673,0.13549,0.024449,0.035296,0.13843,0.18579,0.10754,0.11448,0.074632,0.16495,0.11464,0.097407,0.13146,0.1574,0.24278,0.17323,0.11978,0.05877,0.076663,0.10656,0.17693,0.11216,0.34471,0.088381,0.22804,0.1154,0.22849,0.20809,0.14039,0.15882,0.079546,0.13522,0.10214
0.055543,0,0.042857,0.018979,0.49618,0.032106,0.13007,0.32531,0.0024242,0,0.15334,0.42318,0,0.12817,0.09454,0.109,0.11353,0.051227,0.012699,0,0.092199,0.050185,0.026557,0.020225,0.018304,0.040089,0.078148,0.026415,0.07611,0.074448,0.057121,0.028362,0.024171,0.054026,0.071025,0.051751,0.11087,0.038424,0.14849,0.078309,0.060398,0.011546,0.029096,0.059851,0.14658,0.080182,0.030531,0.12335,0.063323,0.08935,0.037511,0.033822,0.10697,0.10864,0.13913,0.093555,0.076638,0.13671,0.1069,0.072198,0.08772,0.12239,0.1747,0.12874,0.083819,0.057361,0.082476,0.084477,0.14956,0.091132,0.21,0.067184,0.13225,0.091441,0.17635,0.15073,0.14349,0.1801,0.097363,0.1142,0.11728
0.02353,0,0.022685,0,0.39456,0.013425,0.076938,0.19328,0,0,0.21535,0.63448,0,0.068851,0.051507,0.11049,0.12809,0.060055,0.035445,0,0.064505,0.039444,0.054332,0.013115,0.017047,0.0374,0.052963,0.020342,0.055616,0.074235,0.029798,0.04834,0.016085,0.030255,0.06318,0.036388,0.09739,0.035143,0.11925,0.07211,0.087819,0.0060189,0.026587,0.044521,0.10681,0.073345,0.034058,0.065091,0.06484,0.11406,0.022685,0.029303,0.11742,0.11036,0.089272,0.14992,0.054674,0.15023,0.075049,0.052693,0.094738,0.093824,0.15623,0.11466,0.075032,0.04326,0.04729,0.07881,0.14272,0.061784,0.20861,0.024072,0.09573,0.076756,0.21784,0.12118,0.085084,0.09649,0.066359,0.078777,0.077586
0.046327,0,0.0099571,0.014423,0.26272,0.0054309,0.053406,0.22654,0.0069923,0,0.034579,0.28101,0,0.047705,0.028438,0.095554,0.089962,0.032866,0.0067707,0,0.068732,0.034707,0.011303,0.020124,0.010049,0.025852,0.066676,0.021448,0.039469,0.041787,0.038796,0.0097546,0.020311,0.02026,0.035146,0.035641,0.068439,0.01645,0.11057,0.047531,0.021653,0.0055484,0.016086,0.058085,0.096774,0.051028,0.016002,0.060161,0.04575,0.052553,0.023991,0.017528,0.045161,0.062143,0.063167,0.047226,0.075986,0.062181,0.059217,0.031112,0.047931,0.072897,0.10679,0.065421,0.047112,0.022559,0.046626,0.045844,0.083265,0.045093,0.1206,0.03024,0.067604,0.071182,0.071486,0.097938,0.088202,0.069714,0.047935,0.070358,0.059321
0.035318,0,0.028868,0.021155,0.54594,0.022929,0.085286,0.31932,0,0,0.28864,0.68959,0,0.11125,0.063206,0.15096,0.15648,0.069416,0.037908,0,0.076914,0.043115,0.05736,0.016538,0.019872,0.03784,0.074547,0.035475,0.068656,0.094128,0.046265,0.057595,0.026448,0.052618,0.079691,0.047516,0.11461,0.050122,0.15625,0.096278,0.10686,0.0079702,0.031448,0.052562,0.1435,0.095894,0.039861,0.10996,0.080396,0.14899,0.026886,0.038153,0.13485,0.14973,0.12284,0.14146,0.067788,0.20817,0.10041,0.09309,0.12965,0.14872,0.22797,0.14611,0.084325,0.064802,0.062459,0.1051,0.17439,0.10459,0.28092,0.072121,0.15726,0.11287,0.27264,0.1804,0.13282,0.16606,0.088393,0.10236,0.10852
0.045055,0,0.03379,0.0037145,0.39291,0.024754,0.096023,0.28496,0,0,0.10105,0.34685,0,0.10072,0.07263,0.11074,0.10521,0.051394,0.011646,0,0.080757,0.042338,0.023954,0.018603,0.015206,0.035,0.067551,0.024902,0.077423,0.059103,0.048679,0.025013,0.022519,0.059056,0.054897,0.046985,0.091775,0.031295,0.1538,0.075344,0.045045,0.0093233,0.047896,0.055769,0.12561,0.06989,0.023688,0.12609,0.055416,0.080227,0.029837,0.025804,0.095047,0.1131,0.10439,0.076805,0.070161,0.10913,0.10348,0.060605,0.0738,0.11266,0.14918,0.12858,0.089398,0.047125,0.073252,0.074189,0.13399,0.074148,0.21006,0.060681,0.15545,0.080766,0.14429,0.13841,0.12031,0.14327,0.077737,0.11021,0.09587
0.016255,0,0.012897,0.076306,0.30592,0.014609,0.038105,0.37843,0.022311,0,0.17451,0.28938,0,0.080022,0.027745,0.099863,0.1501,0.033591,0.022984,0,0.035887,0.034796,0.016299,0.020965,0.010298,0.039553,0.04996,0.030256,0.048101,0.061858,0.029794,0.045108,0.014342,0.047769,0.080958,0.039607,0.060219,0.033348,0.14998,0.064911,0.073193,0.0042215,0.018646,0.038295,0.091011,0.068205,0.024795,0.10317,0.055727,0.092349,0.013989,0.022725,0.12,0.095196,0.069844,0.05342,0.036516,0.10022,0.060037,0.11954,0.10136,0.13526,0.23316,0.10316,0.098564,0.043999,0.061243,0.073305,0.10989,0.083629,0.27592,0.093338,0.13204,0.073547,0.14749,0.17289,0.12818,0.14719,0.053947,0.10216,0.074676
0.02342,0,0.015068,0.11577,0.42876,0.016103,0.04381,0.3981,0.0061788,0,0.23861,0.46475,0,0.065408,0.030707,0.12073,0.17855,0.055071,0.030393,0,0.049663,0.040387,0.029968,0.01431,0.012462,0.038784,0.063704,0.029589,0.052861,0.071011,0.038117,0.055199,0.020569,0.042255,0.0913,0.04035,0.079652,0.041197,0.1558,0.070785,0.084516,0.0053738,0.022815,0.05051,0.10948,0.088773,0.031724,0.090672,0.066024,0.10976,0.015799,0.031184,0.11669,0.1165,0.076953,0.087096,0.051015,0.12658,0.066297,0.091915,0.13809,0.12775,0.23137,0.10463,0.087701,0.042552,0.056333,0.081475,0.1287,0.10013,0.27773,0.070879,0.12108,0.089645,0.18988,0.18338,0.11899,0.12406,0.0541,0.10386,0.076304
0.046631,0,0.017154,0.033387,0.48676,0.026654,0.064469,0.44396,0.016546,0,0.26313,0.54282,0,0.10116,0.038234,0.15693,0.176,0.055212,0.030076,0,0.079728,0.045117,0.024553,0.050429,0.015792,0.051347,0.091039,0.037888,0.066951,0.084647,0.052544,0.058202,0.029289,0.068055,0.083964,0.059209,0.097678,0.043798,0.20836,0.093739,0.10347,0.0088199,0.037588,0.065912,0.14664,0.10069,0.039153,0.17504,0.086221,0.27465,0.026432,0.092001,0.15208,0.14017,0.10789,0.086675,0.077964,0.1459,0.1017,0.12325,0.12837,0.53892,0.34183,0.14578,0.11635,0.060378,0.084333,0.10493,0.17195,0.10183,0.33274,0.10201,0.19018,0.10116,0.20125,0.20904,0.19307,0.19498,0.078661,0.14205,0.10687
0.038423,0,0.024071,0.17039,0.65996,0.025043,0.08265,0.78112,0.035377,0,0.30715,0.69558,0,0.14717,0.053832,0.227,0.33415,0.080779,0.050539,0,0.083288,0.080621,0.040588,0.066658,0.022473,0.083004,0.11438,0.062295,0.099667,0.13238,0.068672,0.088645,0.038323,0.074655,0.16038,0.079395,0.13718,0.067291,0.30467,0.13111,0.1423,0.0086996,0.031199,0.10156,0.19852,0.1482,0.054557,0.20278,0.12001,0.29723,0.03023,0.049771,0.22669,0.18827,0.1341,0.12567,0.099452,0.19475,0.11726,0.185,0.20245,0.29766,0.57043,0.18928,0.18374,0.072311,0.1083,0.13739,0.20636,0.17095,0.51893,0.13595,0.21359,0.17041,0.3045,0.34996,0.26958,0.23035,0.10684,0.19512,0.14302
0.034915,0,0.030474,0.0079093,0.43423,0.03266,0.085916,0.32071,0.037515,0,0.12869,0.48062,0,0.1535,0.063866,0.15227,0.16234,0.065906,0.035914,0,0.082372,0.048407,0.045629,0.01671,0.022507,0.045824,0.059031,0.040193,0.09575,0.083662,0.044327,0.045343,0.018778,0.072038,0.079263,0.058552,0.11192,0.046939,0.19696,0.10698,0.062153,0.0092607,0.064053,0.058406,0.14063,0.072996,0.031595,0.1592,0.07083,0.11306,0.027392,0.027388,0.14076,0.15331,0.11278,0.10526,0.069531,0.14244,0.11534,0.093418,0.10448,0.14487,0.21601,0.21529,0.13835,0.067544,0.083766,0.092699,0.17506,0.10201,0.34308,0.078133,0.21807,0.089072,0.2397,0.18893,0.14066,0.17422,0.11048,0.14976,0.11938
0.027348,0,0.01946,0.034653,0.27006,0.018348,0.060813,0.43465,0.033091,0,0.077566,0.29171,0,0.10253,0.041799,0.11894,0.18398,0.079143,0.030967,0,0.052139,0.050328,0.0198,0.013611,0.015229,0.072794,0.046067,0.031024,0.12119,0.074102,0.032406,0.033193,0.014233,0.053317,0.091516,0.046934,0.077021,0.03076,0.28723,0.081294,0.038092,0.0059388,0.059377,0.055291,0.1016,0.077779,0.033771,0.10411,0.064333,0.061134,0.020041,0.02516,0.11551,0.10343,0.071639,0.067205,0.048853,0.080209,0.078242,0.08708,0.085444,0.11281,0.20459,0.13498,0.61286,0.038854,0.072228,0.070963,0.1199,0.076852,0.28523,0.062921,0.14906,0.066962,0.15117,0.18316,0.13576,0.12167,0.071364,0.13234,0.12444
0.0098561,0,0.0089451,0,0.13991,0.012778,0.026561,0.091117,0.004715,0,0.047607,0.12091,0,0.04377,0.017905,0.035662,0.036402,0.015663,0.0079029,0,0.023941,0.011544,0.011313,0.0049172,0.0059518,0.010765,0.018139,0.010147,0.021075,0.021775,0.013434,0.011039,0.0052971,0.020216,0.02078,0.015209,0.030867,0.014445,0.043213,0.026645,0.02063,0.0030607,0.010003,0.013175,0.040728,0.021215,0.0087471,0.039355,0.018346,0.032744,0.0078292,0.0087168,0.033867,0.038035,0.036746,0.029042,0.017534,0.046201,0.030914,0.029137,0.031073,0.043878,0.060348,0.049394,0.029123,0.022917,0.022911,0.027414,0.049899,0.027796,0.080327,0.026576,0.053694,0.023163,0.067545,0.050358,0.042665,0.063945,0.032947,0.03419,0.036107
0.026408,0,0.014968,0.023207,0.21557,0.01649,0.054212,0.21374,0.0014277,0,0.062046,0.14949,0,0.052249,0.033159,0.056671,0.068661,0.022255,0.0043214,0,0.047147,0.027614,0.0052444,0.013124,0.0075041,0.027719,0.043496,0.012332,0.040848,0.035322,0.02917,0.01409,0.011784,0.029544,0.039915,0.028247,0.049731,0.016375,0.097913,0.038722,0.020187,0.0053135,0.018728,0.034012,0.072995,0.042346,0.014209,0.074658,0.032197,0.035241,0.018121,0.016826,0.054709,0.055043,0.058616,0.035222,0.040204,0.049402,0.053311,0.044993,0.045638,0.067993,0.10028,0.06796,0.060061,0.025418,0.058795,0.043074,0.077791,0.046362,0.12559,0.045055,0.079681,0.043808,0.064647,0.090299,0.077505,0.094509,0.046364,0.07458,0.055795
0.018871,0,0.010054,0.020435,0.23206,0.011448,0.035094,0.20184,0.0065081,0,0.1035,0.2672,0,0.050046,0.022168,0.06502,0.078244,0.029997,0.013548,0,0.03809,0.021963,0.01365,0.012416,0.0080735,0.0246,0.040464,0.015629,0.039428,0.040824,0.023604,0.024204,0.012087,0.028607,0.043128,0.02501,0.048629,0.020312,0.089684,0.043226,0.043755,0.0040716,0.019602,0.028593,0.066771,0.047623,0.01891,0.060983,0.035386,0.060653,0.013501,0.018492,0.063947,0.066166,0.05192,0.050761,0.034185,0.071891,0.046692,0.046572,0.057081,0.073157,0.11001,0.065038,0.05103,0.026301,0.037249,0.05251,0.078014,0.048156,0.14029,0.037342,0.079591,0.046447,0.095541,0.089599,0.071251,0.080057,0.04113,0.06,0.049099
0.042678,0,0.022484,0.0056506,0.40187,0.021801,0.073228,0.29382,0.0024334,0,0.19285,0.50443,0,0.085799,0.048588,0.1215,0.12782,0.050639,0.025651,0,0.079345,0.039886,0.033584,0.020654,0.016571,0.042189,0.069386,0.025619,0.061987,0.070998,0.04182,0.040456,0.020572,0.051288,0.065215,0.046524,0.09505,0.034687,0.15762,0.07763,0.069349,0.0082318,0.035801,0.054713,0.12604,0.078519,0.030758,0.11771,0.063605,0.10718,0.026612,0.030791,0.11026,0.1206,0.10092,0.10092,0.068164,0.13096,0.092584,0.076649,0.098988,0.13162,0.18139,0.13484,0.09466,0.052557,0.073854,0.085648,0.16576,0.071541,0.24184,0.064035,0.15197,0.073282,0.18295,0.14638,0.12181,0.1528,0.077636,0.11129,0.094698
0.013986,0,0.014481,0.08558,0.31675,0.022099,0.045177,0.27649,0.017643,0,0.081277,0.20974,0,0.075131,0.029279,0.083849,0.11238,0.03553,0.015263,0,0.034941,0.029832,0.014252,0.0070771,0.0094123,0.026019,0.040909,0.023567,0.046976,0.047507,0.031709,0.026893,0.015553,0.030174,0.060013,0.029121,0.0537,0.029355,0.10277,0.050433,0.039093,0.005084,0.016478,0.033537,0.077686,0.051003,0.019207,0.065906,0.040572,0.054154,0.012554,0.018259,0.071288,0.070484,0.056691,0.040278,0.034033,0.072407,0.047234,0.053777,0.071001,0.071862,0.13854,0.072438,0.055937,0.026991,0.04058,0.048741,0.065957,0.086993,0.17687,0.047671,0.076174,0.075023,0.11779,0.13013,0.082987,0.08274,0.051197,0.073154,0.058751
0.040103,0,0.023578,0.14346,0.57687,0.028907,0.071319,0.63788,0.054515,0,0.26017,0.67806,0,0.15724,0.048419,0.20899,0.29803,0.087031,0.054514,0,0.083837,0.071437,0.047066,0.033473,0.024236,0.076338,0.091614,0.059162,0.11502,0.12079,0.055151,0.086393,0.02769,0.084636,0.14582,0.073439,0.12951,0.063599,0.28928,0.13211,0.12401,0.0087124,0.063169,0.084667,0.17659,0.12328,0.050081,0.18325,0.1051,0.17737,0.026921,0.042308,0.22637,0.19843,0.11966,0.12457,0.083377,0.17814,0.12257,0.16252,0.1804,0.21508,0.38522,0.22316,0.19017,0.07145,0.10069,0.13006,0.20423,0.16201,0.54039,0.11601,0.24862,0.13779,0.30089,0.30603,0.20788,0.19991,0.10928,0.19555,0.13555
0.0073174,0,0.0064178,0.034092,0.1394,0.0065726,0.01811,0.15901,0,0,0.048079,0.049751,0,0.029548,0.013562,0.040592,0.04828,0.011317,0.0011168,0,0.014901,0.012447,0.0020334,0.0041581,0.0029833,0.0088446,0.02166,0.012189,0.01612,0.019656,0.015637,0.010149,0.0080227,0.024891,0.027342,0.017834,0.02197,0.012721,0.061918,0.025668,0.014956,0.0020857,0.010892,0.015547,0.040286,0.025535,0.0062544,0.054299,0.020381,0.023076,0.0059947,0.0077068,0.02978,0.041796,0.031449,0.011809,0.017174,0.037572,0.029088,0.045165,0.037822,0.054169,0.082907,0.041752,0.034462,0.01942,0.029675,0.028441,0.044425,0.035872,0.095306,0.055745,0.064012,0.034587,0.043596,0.073803,0.051465,0.069292,0.019837,0.047326,0.030227
0.019803,0,0.011594,0.0071178,0.27403,0.018569,0.042331,0.21689,0.006882,0,0.12326,0.25852,0,0.073794,0.025182,0.095349,0.086364,0.046535,0.016187,0,0.045292,0.024434,0.02032,0.011241,0.010679,0.023697,0.043013,0.022685,0.07197,0.04708,0.028316,0.029815,0.014265,0.06689,0.041901,0.037283,0.059653,0.026891,0.14205,0.069192,0.041358,0.0051126,0.059516,0.033725,0.084359,0.057967,0.018352,0.12761,0.042827,0.07947,0.014929,0.018711,0.085075,0.11972,0.068726,0.052136,0.042625,0.090951,0.082723,0.070931,0.071726,0.11212,0.14461,0.12937,0.090635,0.043558,0.058264,0.067299,0.11705,0.063636,0.22675,0.071065,0.19873,0.055961,0.12875,0.12112,0.093852,0.12989,0.056653,0.093638,0.068394
0.013051,0,0.015161,0.046901,0.28595,0.011983,0.042091,0.22429,0.0086441,0,0.040437,0.19315,0,0.048153,0.031123,0.094662,0.096662,0.029458,0.0092906,0,0.032767,0.02895,0.014901,0.0073408,0.0077643,0.019459,0.041147,0.021652,0.033816,0.038771,0.032362,0.015452,0.019805,0.020724,0.041354,0.028524,0.049118,0.021838,0.09435,0.044828,0.026665,0.0043085,0.011225,0.037135,0.073959,0.043254,0.01383,0.05078,0.041185,0.043186,0.012411,0.012489,0.049003,0.059406,0.046594,0.040988,0.044006,0.064009,0.042143,0.038739,0.05207,0.058474,0.11312,0.051812,0.039922,0.018424,0.031409,0.038508,0.055342,0.061453,0.12322,0.03765,0.05487,0.095382,0.094149,0.11535,0.071588,0.056226,0.036895,0.060208,0.047469
0.012888,0,0.026025,0.020187,0.42496,0.028092,0.061514,0.24501,0.022347,0,0.24361,0.54752,0,0.11742,0.049867,0.13149,0.15011,0.055882,0.046966,0,0.049671,0.035538,0.050035,0.0086934,0.018761,0.042367,0.042154,0.032338,0.059999,0.077599,0.03139,0.054435,0.017584,0.038013,0.068936,0.036222,0.088786,0.044584,0.12681,0.079564,0.088419,0.0067454,0.022916,0.037398,0.1046,0.068961,0.03548,0.076273,0.063468,0.12077,0.01557,0.026524,0.1264,0.11037,0.084317,0.10915,0.04147,0.14508,0.070648,0.072899,0.10349,0.10916,0.18967,0.13083,0.084567,0.050414,0.043492,0.074327,0.12964,0.090532,0.25248,0.04453,0.11845,0.088344,0.26117,0.15124,0.10044,0.11641,0.080137,0.089184,0.088965
0.021092,0,0.017883,0.10515,0.41851,0.025128,0.050888,0.4986,0.013982,0,0.069825,0.27697,0,0.089514,0.034838,0.14063,0.19896,0.045645,0.021357,0,0.054978,0.049458,0.021643,0.013935,0.01341,0.050736,0.064828,0.037393,0.06253,0.073306,0.047274,0.034488,0.025668,0.047929,0.095109,0.048162,0.079296,0.041166,0.18701,0.079175,0.048787,0.0068304,0.022393,0.060451,0.12331,0.082072,0.028093,0.10018,0.070907,0.072874,0.017171,0.025138,0.10057,0.10824,0.077605,0.065382,0.061178,0.10336,0.072973,0.092017,0.10762,0.12209,0.23473,0.11104,0.11034,0.040472,0.065416,0.075058,0.1117,0.1077,0.27651,0.081174,0.12,0.11655,0.16285,0.23357,0.14119,0.13405,0.069057,0.12234,0.086403
0.02386,0,0.015422,0.029521,0.24021,0.012545,0.050056,0.27865,0.019089,0,0.060697,0.2035,0,0.070788,0.032979,0.079986,0.10205,0.025863,0.011509,0,0.044316,0.032227,0.0069869,0.017197,0.0095081,0.034007,0.047019,0.021953,0.042684,0.044971,0.031068,0.016874,0.015377,0.029577,0.052048,0.033508,0.055121,0.02115,0.11023,0.047652,0.0316,0.0050199,0.012903,0.041456,0.080136,0.049385,0.019406,0.069513,0.042629,0.066016,0.017643,0.018015,0.062948,0.059067,0.059759,0.037133,0.044566,0.061557,0.051308,0.055179,0.056489,0.09121,0.14626,0.066871,0.066149,0.027736,0.045415,0.048279,0.075182,0.055556,0.15193,0.045786,0.075209,0.058508,0.087487,0.11421,0.10402,0.094016,0.049467,0.073581,0.06166
0.027269,0,0.019453,0.015919,0.34227,0.037546,0.067477,0.28715,0,0,0.1007,0.1988,0,0.092114,0.040722,0.072146,0.0848,0.030409,0.0079794,0,0.058478,0.028299,0.013413,0.014466,0.010944,0.028956,0.051079,0.020502,0.051858,0.049455,0.038841,0.019997,0.01525,0.054457,0.054077,0.037715,0.066245,0.032167,0.1161,0.058884,0.042153,0.0085097,0.018701,0.033482,0.10121,0.056555,0.019245,0.10482,0.04235,0.062804,0.020037,0.022596,0.0718,0.082257,0.092335,0.051843,0.043364,0.094752,0.075219,0.078004,0.072505,0.1134,0.15386,0.10196,0.072983,0.051176,0.068177,0.066782,0.1161,0.068191,0.17987,0.075891,0.12814,0.056572,0.12482,0.13349,0.11574,0.18632,0.074007,0.086396,0.085795
0.0063445,0,0.0085416,0,0.1304,0.015373,0.033013,0.096764,0.011444,0,0.014771,0.090935,0,0.051885,0.018263,0.035791,0.037644,0.01378,0.0081774,0,0.027299,0.015048,0.0084591,0.0056412,0.0066873,0.015737,0.019721,0.0098963,0.02653,0.022011,0.014881,0.0075504,0.0047511,0.014475,0.021484,0.015161,0.032892,0.013183,0.042118,0.025046,0.011613,0.0035082,0.0076985,0.016268,0.039556,0.018513,0.00864,0.030483,0.017263,0.023542,0.0097941,0.0083909,0.030923,0.028236,0.03421,0.024435,0.020435,0.034565,0.02797,0.019594,0.021669,0.031354,0.048906,0.044313,0.029338,0.018071,0.022922,0.023514,0.040428,0.028917,0.067386,0.01489,0.038304,0.025441,0.05889,0.047128,0.041736,0.05072,0.043284,0.032827,0.037144
0.020333,0,0.015994,0.023874,0.19996,0.011168,0.040425,0.21754,0.015131,0,0.053567,0.17351,0,0.054991,0.032218,0.069684,0.085427,0.022073,0.010158,0,0.035592,0.026349,0.0074998,0.008999,0.0077251,0.027221,0.034752,0.017099,0.034679,0.036442,0.024834,0.017771,0.012234,0.026236,0.043193,0.028071,0.045468,0.01769,0.098916,0.040999,0.022174,0.0042494,0.019994,0.032291,0.064907,0.03903,0.016142,0.066809,0.033051,0.036861,0.013502,0.014356,0.058217,0.055216,0.04616,0.033369,0.034504,0.046047,0.045617,0.042685,0.047856,0.065135,0.10275,0.0691,0.062587,0.021572,0.042416,0.03946,0.066668,0.047532,0.13871,0.040865,0.07283,0.04776,0.075393,0.096045,0.071416,0.068114,0.037763,0.084187,0.048782
0.10482,0,0.10334,0.055904,1.1744,0.094153,0.28116,0.94599,0.06846,0,0.266,0.94679,0,0.37575,0.21155,0.32706,0.36668,0.12676,0.056758,0,0.22422,0.13473,0.066297,0.04835,0.050973,0.13082,0.18083,0.086492,0.20466,0.18936,0.13948,0.071438,0.057747,0.13299,0.20088,0.13714,0.27387,0.10622,0.41204,0.21377,0.12862,0.028432,0.070889,0.15771,0.36107,0.19056,0.080576,0.29025,0.16615,0.21252,0.084914,0.07786,0.27793,0.26571,0.302,0.20937,0.18532,0.31099,0.25279,0.19877,0.22397,0.31216,0.47977,0.35091,0.3749,0.14513,0.20215,0.20571,0.36139,0.24319,0.61255,0.16627,0.33888,0.23988,0.47911,0.43213,0.38125,0.4309,0.27221,0.31076,0.32838
