1.1783,0.0068856,0,0.088397,0.010548,0,0.27759,0.018088,0.1948,0,0,0,0.044077,0.25638,0.076174,0.12315,0.12755,0.53389,0.44922,0.67749,1.0213,0.17723,0.025458,0.50068,0.53535,1.0259,0.21414,0.23994,0.26175,0.15356,0.29761,0.25742,0.59251,0.11858,0.37854,0.3386,0.22029,0.2793,0.20615,0.2588,0.14432,0.39716,0.16325,0.2368,0.30931,0.16736,0.45552,0.21585,0.2215,0.12553,0.17436,0.53554,0.16454,0.21354,0.44864,0.10796,0.40716,0.22124,0.1164,0.23413,0.15576,0.22032,0.19889,0.20603,0.21389,0.24283,0.1698,0.242,0.2051,0.10719,0.15517,0.13421,0.15257,0.1791,0.14416,0.18567,0.093789,0.2267,0.13147,0.16864,0.22373
0.021892,2.0818,0,0.17873,0.37336,0,0.078227,0.10889,0.19217,0.16937,0.039786,0.31024,0.4016,0.10628,0.20698,0.38835,0.30043,0.39117,0.90451,0.79248,1.3884,0.27737,0.10081,0.64411,0.59752,2.1808,0.47529,0.79255,1.4912,0.46489,0.3865,0.58746,2.6026,0.31989,0.77833,1.4574,0.58139,0.89497,1.7368,0.49554,1.3591,1.956,0.44304,0.79139,0.74014,0.23697,1.9737,1.6473,0.90816,0.79863,0.71447,1.0245,0.62121,1.475,1.3396,0.29137,1.2203,0.44114,0.70313,0.86393,0.78812,0.22388,0.71266,0.38705,0.42296,0.42731,0.46413,0.35171,0.56145,0.63133,0.52062,0.93666,0.86237,1.0822,1.0837,0.88413,0.44868,0.52931,0.47829,0.63695,0.50481
0,0,0,0,0,0,0,0,0,0,0,0,0,0,0,0,0,0,0,0,0,0,0,0,0,0,0,0,0,0,0,0,0,0,0,0,0,0,0,0,0,0,0,0,0,0,0,0,0,0,0,0,0,0,0,0,0,0,0,0,0,0,0,0,0,0,0,0,0,0,0,0,0,0,0,0,0,0,0,0,0
0.23698,0.15071,0,0.30214,0.17894,0.02264,0.061813,0.03666,0.083566,0.1473,0,0.02902,0.23596,0.13223,0.18483,0.13029,0.074335,0.24121,0.20959,0.33765,0.61155,0.095352,0.051868,0.26361,0.45321,0.79565,0.14394,0.25502,0.33263,0.17416,0.19246,0.19361,0.47453,0.12547,0.21807,0.2339,0.15166,0.20734,0.23706,0.24658,0.24702,0.27454,0.15057,0.17737,0.1793,0.12371,0.38674,0.21825,0.19681,0.10189,0.25474,0.3198,0.18066,0.25958,0.3246,0.14257,0.28939,0.17924,0.12708,0.19089,0.094979,0.10777,0.1773,0.16228,0.091978,0.21548,0.13042,0.10672,0.16905,0.12409,0.17339,0.19355,0.15926,0.20856,0.14486,0.16352,0.15917,0.16692,0.101,0.14093,0.15291
0.031094,0.34619,0,0.19676,0.50556,0.052463,0.10814,0.20893,0.068183,0.17605,0,0.25047,0.40593,0.094388,0.30675,0.18647,0.14291,0.27667,0.26867,0.42942,0.56739,0.061154,0.11706,0.38534,0.463,0.99347,0.22569,0.42445,0.60167,0.25539,0.27168,0.32948,0.71163,0.2392,0.29071,0.4249,0.27569,0.38591,0.46273,0.36754,0.49233,0.40289,0.27067,0.31653,0.25338,0.19041,0.61433,0.46212,0.29659,0.16091,0.54069,0.47011,0.38945,0.54621,0.51752,0.2284,0.40665,0.28461,0.21086,0.38686,0.1406,0.17022,0.2587,0.34939,0.11875,0.40212,0.21435,0.16343,0.29732,0.23027,0.3613,0.43714,0.22561,0.4377,0.19008,0.14355,0.44842,0.31028,0.19968,0.24114,0.2667
0,0,0,0.020664,0.043548,0.045692,0.015499,0.039868,0,0.17449,0,0,0.0068251,0,0.0097408,0.032229,0.039843,0.069067,0.041466,0.039029,0.084813,0.057521,0.016292,0.08867,0.11639,0.25059,0.037505,0.082296,0.16048,0.093271,0.1057,0.076411,0.17879,0.051087,0.056781,0.13685,0.10792,0.11489,0.12938,0.099764,0.10828,0.073012,0.048935,0.073134,0.06265,0.056076,0.22314,0.15035,0.052612,0.06002,0.11614,0.07749,0.081029,0.14712,0.076056,0.088555,0.13303,0.04294,0.079561,0.065768,0.056168,0.031338,0.065024,0.074231,0.035105,0.080252,0.072494,0.054994,0.081835,0.036025,0.096172,0.12196,0.074011,0.083436,0.089292,0.05233,0.094082,0.059332,0.050647,0.055985,0.069836
0.70262,0.062279,0,0.058361,0.092854,0.016032,0.57134,0.060868,0.12352,0.094522,0,0,0.068635,0.25669,0.06283,0.18874,0.1359,0.68917,0.58715,0.80141,1.2759,0.25373,0.12489,0.65851,0.63725,1.1375,0.34198,0.49373,0.43319,0.18285,0.37975,0.38224,0.75383,0.22098,0.47035,0.46821,0.33482,0.38785,0.33425,0.32694,0.26771,0.43445,0.17904,0.41123,0.28296,0.21865,0.71693,0.26124,0.29199,0.2364,0.23601,0.72579,0.22911,0.3504,0.40202,0.21129,0.38601,0.2606,0.184,0.44987,0.15105,0.21164,0.239,0.32112,0.22329,0.26912,0.17928,0.26049,0.29293,0.12639,0.26479,0.26298,0.14785,0.36384,0.22654,0.074916,0.2012,0.33399,0.23481,0.1636,0.27625
0.050353,0.095339,0,0.038066,0.19729,0.045355,0.06694,0.35963,0,0.23575,0,0.18975,0.10722,0.010967,0,0.025892,0.06049,0.086522,0.15156,0.18387,0.21222,0.036162,0.049496,0.19706,0.33206,0.58719,0.077568,0.20458,0.34681,0.11106,0.12704,0.14218,0.4225,0.16964,0.13486,0.2422,0.18715,0.2217,0.2847,0.19268,0.25609,0.20442,0.11989,0.16919,0.14755,0.093705,0.31768,0.27742,0.14728,0.075768,0.21932,0.18191,0.26445,0.35178,0.26758,0.093081,0.2218,0.097452,0.13717,0.2096,0.08802,0.095438,0.11314,0.14933,0.047912,0.27292,0.044971,0.079559,0.14519,0.10371,0.17973,0.22723,0.14855,0.13825,0.097131,0.048126,0.25284,0.11959,0.084556,0.21693,0.14765
0.53543,0.16614,0,0.085677,0.063572,0,0.13413,0,1.3672,0,0,0,0.16079,0.12367,0.27228,0.66525,0.27475,0.64688,1.409,1.0163,1.4167,0.32803,0.14599,1.058,0.61142,1.287,0.42464,1.0299,0.52454,0.32296,0.55823,0.71913,1.2953,0.10822,0.24136,0.37928,0.34752,0.40722,0.51029,0.5169,0.35173,0.65411,0.31153,0.23663,0.40965,0.31265,1.0055,0.34682,0.58877,0.20721,0.55084,0.75321,0.17267,0.54621,0.46513,0.13887,0.53818,0.14697,0.13109,0.41074,0.12292,0.26655,0.23013,0.47491,0.28265,0.19598,0.69855,0.13261,0.41945,0.19041,0.25919,0.54633,0.15102,0.33955,0.1232,0.30963,0.17776,0.28452,0.068906,0.15181,0.32874
0,0.071443,0,0.073686,0.08009,0.095633,0.050082,0.11358,0,0.78062,0,0,0.039058,0,0.0060988,0.097376,0.14714,0.24895,0.17876,0.20554,0.30092,0.22585,0.034931,0.27528,0.53043,0.86541,0.12212,0.31068,0.47587,0.2512,0.31089,0.23513,0.63283,0.17859,0.25966,0.41073,0.28629,0.30359,0.42921,0.26725,0.35671,0.24166,0.12044,0.29194,0.19057,0.14519,0.71874,0.39944,0.2188,0.21767,0.27506,0.20285,0.19082,0.41859,0.21507,0.25769,0.45713,0.10968,0.25882,0.19802,0.13825,0.082894,0.21366,0.17805,0.09718,0.23799,0.19753,0.14035,0.28435,0.11958,0.29914,0.26658,0.20239,0.19346,0.30566,0.21168,0.17781,0.15533,0.12905,0.13473,0.20996
0,0.029651,0,0,0,0,0,0,0,0,0.24677,0,0,0,0,0.06095,0.019501,0.097479,0.15019,0.21276,0.3185,0.038016,0.082647,0.14588,0.19386,0.35921,0.11501,0.18252,0.2,0.041381,0.10038,0.065754,0.28224,0.069603,0.072488,0.13953,0.075005,0.073333,0.12494,0.1091,0.16833,0.1351,0.046113,0.11804,0.046697,0.041947,0.22182,0.078489,0.12541,0.11718,0.038623,0.094976,0.064807,0.12979,0.045519,0.068251,0.084571,0.018671,0.044861,0.075868,0.033679,0.021437,0.075907,0.036842,0.009766,0.081609,0.020462,0.026027,0.084544,0.040602,0.023677,0.044062,0.01413,0.073799,0.066825,0.091624,0.023761,0.018679,0.00062795,0.0065629,0.035787
0,0.22852,0,0.02535,0.19898,0,0,0.15963,0,0,0,0.55421,0.12629,0,0,0.011502,0.065189,0.013193,0.17101,0.12601,0.20413,0.015495,0.0033627,0.13311,0.17143,0.50497,0.072867,0.16908,0.22917,0.022229,0.061203,0.046362,0.3846,0.13067,0.14983,0.17937,0.11389,0.15308,0.2259,0.086835,0.23201,0.14859,0.12414,0.10225,0.10812,0.051717,0.14694,0.20737,0.13638,0.029019,0.12266,0.16952,0.13891,0.19155,0.19753,0.08666,0.16335,0.069109,0.10112,0.14032,0.11569,0.030724,0.08997,0.12141,0.039861,0.15518,0.001506,0.030769,0.090628,0.13154,0.13376,0.097292,0.08158,0.097278,0.0031716,0.028003,0.18294,0.10592,0.069461,0.10668,0.10009
0.12326,0.35325,0,0.24614,0.38508,0.0078002,0.075831,0.10772,0.16359,0.081444,0,0.1508,0.56482,0.10701,0.36183,0.21276,0.13098,0.27075,0.2832,0.49464,0.64431,0.059221,0.097974,0.34684,0.46255,0.93739,0.19543,0.43222,0.465,0.21453,0.22946,0.28763,0.65485,0.20174,0.2898,0.31033,0.17962,0.27752,0.4137,0.32502,0.43142,0.39047,0.23367,0.27992,0.2367,0.16182,0.49109,0.34533,0.3132,0.11904,0.4307,0.46262,0.29597,0.41339,0.47856,0.18433,0.35033,0.26061,0.1345,0.34038,0.099973,0.15419,0.24662,0.29598,0.11204,0.31906,0.19931,0.12198,0.24207,0.20273,0.28561,0.32818,0.18435,0.36601,0.15098,0.14698,0.30533,0.28751,0.15589,0.16228,0.23148
1.1433,0.14907,0,0.21996,0.14279,0,0.45225,0.01757,0.20065,0,0,0,0.17064,0.69817,0.23237,0.31967,0.21316,1.0196,0.80249,1.5849,1.928,0.27905,0.1782,0.94204,1.2142,2.0072,0.41986,0.57522,0.73355,0.38283,0.56477,0.49661,1.0533,0.30587,0.69129,0.65974,0.42933,0.47115,0.48905,0.51264,0.40639,0.80767,0.33717,0.4628,0.59465,0.32629,0.90966,0.26273,0.42973,0.26927,0.49754,1.0218,0.35712,0.59061,0.84041,0.2584,0.83817,0.56973,0.21386,0.48109,0.28138,0.40456,0.3918,0.38557,0.31262,0.36506,0.33998,0.44923,0.40504,0.22789,0.37266,0.31997,0.27508,0.43687,0.42608,0.34198,0.27498,0.55727,0.34534,0.47718,0.37161
0.28163,0.24069,0,0.2549,0.38472,0.014718,0.091775,0,0.36625,0.016813,0,0,0.47836,0.19265,0.77843,0.42589,0.1912,0.48006,0.37624,0.79395,0.78237,0.11869,0.1573,0.46889,0.37992,0.85947,0.27141,0.52505,0.45498,0.27864,0.3524,0.50473,0.61384,0.1064,0.3061,0.27148,0.17702,0.25013,0.2852,0.37446,0.36642,0.4345,0.31401,0.19761,0.23753,0.22991,0.61693,0.20575,0.38678,0.18463,0.64415,0.47543,0.2062,0.43177,0.51169,0.16224,0.43381,0.33986,0.12499,0.37508,0.064719,0.2132,0.24936,0.3413,0.15322,0.16275,0.42253,0.17983,0.34656,0.17707,0.3108,0.34189,0.13271,0.48881,0.16076,0.28955,0.23116,0.42909,0.19016,0.10795,0.23128
0.099034,0.09823,0,0.039084,0.050869,0.010592,0.059964,0.00748,0.19464,0.05839,0.020687,0.0039497,0.061182,0.057646,0.092637,0.23522,0.083663,0.27117,0.36317,0.44248,0.60266,0.12299,0.087143,0.35451,0.36681,0.64399,0.16376,0.33295,0.35242,0.15127,0.20881,0.21521,0.54273,0.11005,0.15612,0.24291,0.1744,0.19563,0.27504,0.21614,0.24858,0.28144,0.12397,0.16137,0.15971,0.10473,0.43968,0.16768,0.21733,0.14292,0.20647,0.30381,0.10774,0.27529,0.19068,0.11204,0.27337,0.094019,0.088672,0.17907,0.077892,0.12256,0.14315,0.1528,0.097504,0.082443,0.16612,0.10888,0.15889,0.10189,0.12392,0.18207,0.075181,0.1707,0.11338,0.14245,0.096308,0.1283,0.073541,0.10476,0.12153
0.12924,0.095741,0,0.028093,0.049118,0.016497,0.0544,0.022017,0.10128,0.11116,0.0083388,0.028203,0.047454,0.048429,0.052396,0.1054,0.099915,0.18211,0.23328,0.25447,0.35447,0.096258,0.045109,0.23222,0.24928,0.48832,0.12033,0.22392,0.2524,0.11186,0.16349,0.1719,0.40867,0.08032,0.15231,0.21676,0.13918,0.16599,0.2154,0.14717,0.19794,0.20547,0.092394,0.1357,0.12932,0.082667,0.33721,0.18185,0.15411,0.1041,0.16248,0.20147,0.10161,0.22634,0.16725,0.095434,0.22643,0.082012,0.1051,0.1406,0.081029,0.073658,0.12302,0.11097,0.08233,0.10621,0.12174,0.083654,0.15297,0.080977,0.1271,0.13983,0.099879,0.13136,0.12866,0.11208,0.078339,0.12819,0.071557,0.084136,0.11659
0.51952,0.11972,0,0.087553,0.091324,0.027465,0.26494,0.030245,0.22901,0.18062,0.040033,0.0054817,0.094208,0.22247,0.12635,0.32812,0.1749,0.82977,0.77953,1.1498,1.5356,0.28033,0.17005,0.84344,1.0752,1.7595,0.39387,0.68331,0.71754,0.33661,0.5013,0.46472,1.1477,0.29066,0.47264,0.59533,0.43876,0.44335,0.54913,0.49188,0.45764,0.60929,0.26298,0.43797,0.42667,0.28294,0.98399,0.34482,0.46741,0.34394,0.38511,0.7672,0.30609,0.56782,0.5255,0.28269,0.67568,0.31534,0.23226,0.43093,0.22315,0.28309,0.32291,0.36993,0.20318,0.30071,0.29236,0.29744,0.39083,0.19189,0.30364,0.38016,0.18707,0.32823,0.40937,0.26248,0.21799,0.30644,0.21294,0.26835,0.28968
0.28919,0.18315,0,0.050329,0.058672,0.010909,0.14933,0.03505,0.33,0.085805,0.040806,0.047009,0.065192,0.11584,0.065511,0.29072,0.14822,0.51572,1.209,0.89377,1.6985,0.41519,0.18962,0.95879,1.589,1.999,0.62798,0.87665,0.73439,0.33717,0.46647,0.37803,1.1668,0.26092,0.35456,0.46657,0.40357,0.50536,0.47687,0.50098,0.40719,0.56996,0.20988,0.36384,0.34142,0.25801,0.84932,0.32107,0.44941,0.30414,0.30948,0.62499,0.26456,0.46315,0.36998,0.20547,0.45608,0.18113,0.23011,0.37102,0.20324,0.22688,0.25253,0.29793,0.15743,0.2684,0.281,0.1942,0.28822,0.16732,0.20638,0.29709,0.17075,0.28896,0.20136,0.21862,0.16521,0.21841,0.13566,0.17208,0.22602
0.29888,0.10996,0,0.055563,0.064262,0.0070364,0.13968,0.02914,0.16312,0.06761,0.039613,0.023738,0.078029,0.15679,0.094735,0.24273,0.1108,0.52126,0.61248,1.1534,1.2121,0.17481,0.23477,0.61022,1.2067,1.2474,0.38365,0.48882,0.56465,0.2531,0.34458,0.31298,0.86526,0.2179,0.32882,0.42612,0.3369,0.31861,0.41502,0.35259,0.36595,0.4757,0.18912,0.32318,0.32481,0.19344,0.71463,0.22546,0.36537,0.25068,0.29088,0.53536,0.23889,0.4123,0.37606,0.17365,0.46251,0.21261,0.15807,0.30477,0.15452,0.21735,0.22619,0.2496,0.13083,0.20182,0.18541,0.20828,0.23945,0.1481,0.20752,0.22631,0.13173,0.22583,0.20564,0.20407,0.15814,0.21296,0.14112,0.23285,0.18921
0.76996,0.32922,0,0.17198,0.14511,0.026131,0.38003,0.057478,0.3886,0.16916,0.10134,0.065716,0.1737,0.32594,0.15954,0.56498,0.26377,1.1897,1.9892,2.0715,4.2648,0.70317,0.34235,1.7678,3.5888,4.3294,1.1523,1.4628,1.6634,0.76007,1.0155,0.70411,2.5713,0.62745,0.90175,1.0851,0.95715,1.0371,1.0535,1.0199,0.94964,1.1818,0.45609,0.88903,0.82332,0.55297,1.7885,0.64522,0.95987,0.69963,0.62663,1.4686,0.61672,0.97413,0.8593,0.49469,1.0603,0.48439,0.54406,0.78647,0.47109,0.58962,0.6316,0.60636,0.34552,0.59532,0.45981,0.49525,0.57294,0.36249,0.46201,0.56867,0.44474,0.61247,0.48913,0.4783,0.36647,0.481,0.31854,0.44369,0.47628
0.15407,0.075839,0,0.030919,0.018034,0.020435,0.08714,0.011293,0.10375,0.14639,0.013948,0.0057519,0.018409,0.054396,0.027906,0.13294,0.082589,0.25043,0.56065,0.34447,0.81079,0.64212,0.080045,0.54207,1.4221,1.2904,0.6553,0.60897,0.41359,0.17005,0.25295,0.19639,0.56579,0.14532,0.19387,0.26099,0.20321,0.33149,0.23321,0.34456,0.19993,0.23705,0.096231,0.16446,0.15427,0.14149,0.40177,0.18151,0.18424,0.13242,0.14879,0.29599,0.10341,0.25952,0.18459,0.12442,0.26469,0.086233,0.15318,0.17044,0.12734,0.090081,0.14635,0.12161,0.10652,0.12173,0.11618,0.11087,0.14749,0.080079,0.13526,0.15971,0.11829,0.13237,0.1692,0.10597,0.065391,0.13021,0.091394,0.11893,0.12015
0.01748,0.021772,0,0.013285,0.027266,0.0045716,0.033878,0.012209,0.03647,0.017884,0.02395,0.00098594,0.024055,0.027437,0.029214,0.074404,0.03057,0.11999,0.20225,0.3654,0.31179,0.063224,0.20763,0.19333,0.56334,0.43835,0.21064,0.19688,0.19697,0.082933,0.11213,0.10934,0.28775,0.078865,0.081234,0.13716,0.092103,0.10676,0.14008,0.1139,0.13868,0.13215,0.05938,0.10684,0.080412,0.050328,0.18942,0.072811,0.10116,0.078779,0.11239,0.14823,0.071663,0.13738,0.078882,0.074183,0.13472,0.055367,0.051623,0.086652,0.027882,0.081808,0.087505,0.072909,0.028972,0.084004,0.060277,0.065517,0.088818,0.066362,0.051363,0.074657,0.02615,0.065198,0.05781,0.055458,0.050606,0.061741,0.038902,0.040434,0.056409
0.40931,0.16562,0,0.080384,0.10686,0.029623,0.21268,0.05787,0.31467,0.1678,0.05033,0.046465,0.10139,0.17269,0.10368,0.36037,0.18737,0.70859,1.2175,1.1308,1.9168,0.50976,0.23017,1.2163,1.8066,2.4166,0.73596,1.0657,0.92382,0.41381,0.57984,0.49183,1.3731,0.34581,0.45881,0.61694,0.50693,0.63508,0.60963,0.65285,0.53564,0.67186,0.28073,0.46429,0.44978,0.31669,1.0742,0.40212,0.52544,0.36952,0.41214,0.78529,0.34281,0.60154,0.49763,0.29901,0.62887,0.25806,0.26314,0.45415,0.24361,0.296,0.32794,0.3811,0.20232,0.35575,0.32164,0.27239,0.37661,0.20562,0.29413,0.3809,0.22285,0.35717,0.27956,0.27943,0.24326,0.2881,0.18319,0.25482,0.30056
0.53125,0.1865,0,0.16776,0.15586,0.047202,0.24983,0.11837,0.22074,0.39247,0.081192,0.07264,0.16413,0.27019,0.10197,0.45263,0.24416,1.0965,2.4494,2.7144,4.7238,1.6233,0.81416,2.1929,9.5237,6.1481,2.9123,2.2055,1.9364,0.90223,1.163,0.71323,2.7412,0.77711,0.91803,0.99868,1.0107,1.2966,0.97324,1.4028,0.92302,1.0058,0.40612,0.90168,0.8103,0.64434,1.6156,0.54548,0.93099,0.64706,0.67341,1.3695,0.66429,0.95374,0.79482,0.534,1.0677,0.4876,0.61926,0.66951,0.49158,0.60946,0.63884,0.55238,0.23863,0.7353,0.36758,0.47766,0.5135,0.32173,0.48038,0.85348,0.42476,0.41315,0.7246,0.40095,0.37903,0.40666,0.30726,0.51455,0.42021
0.75032,0.50167,0,0.21707,0.24648,0.0749,0.32869,0.15428,0.34246,0.47195,0.11088,0.15771,0.24516,0.32919,0.17002,0.58568,0.3525,1.3225,2.2711,2.0681,4.2,1.0857,0.46692,2.162,4.5313,6.313,1.5134,1.9689,2.1643,0.94946,1.2331,0.85506,3.0957,0.8214,1.0644,1.4889,1.0422,1.3888,1.4683,1.3456,1.3037,1.4323,0.55862,1.0293,0.96617,0.66738,2.0104,1.0181,1.067,0.76255,0.86507,1.6833,0.77717,1.4949,1.234,0.68898,1.6287,0.62431,0.76075,0.8993,0.63833,0.69402,0.86497,0.69927,0.40125,0.87445,0.55974,0.64658,0.85108,0.57959,0.663,0.9495,0.57903,0.65919,1.1376,0.66841,0.54375,0.60822,0.43299,0.65993,0.62441
0.1583,0.11051,0,0.03969,0.056593,0.01133,0.099873,0.020598,0.1142,0.067307,0.035882,0.023,0.051658,0.069596,0.054265,0.15052,0.087789,0.29921,0.72109,0.64286,1.1298,0.55723,0.22677,0.66548,2.1694,1.5296,0.94035,0.7363,0.50113,0.21564,0.30163,0.26339,0.74129,0.186,0.22899,0.28476,0.26146,0.37887,0.25061,0.40942,0.25263,0.29566,0.13567,0.22894,0.19811,0.17133,0.48968,0.18754,0.26484,0.1825,0.19625,0.35781,0.17139,0.28487,0.21636,0.14166,0.27499,0.11861,0.15635,0.2311,0.14274,0.12774,0.17224,0.15729,0.084313,0.19301,0.12818,0.11269,0.17728,0.10041,0.13677,0.20992,0.12574,0.1543,0.17143,0.1105,0.094702,0.13672,0.082526,0.1082,0.13268
0.20899,0.21713,0,0.082856,0.12541,0.029294,0.1699,0.064015,0.32638,0.20178,0.067096,0.062887,0.13462,0.11235,0.1237,0.36062,0.1925,0.61165,1.1861,0.96513,1.69,0.61017,0.24975,1.1354,1.9359,2.3448,0.8676,1.3401,0.90866,0.39952,0.54316,0.51252,1.3987,0.34306,0.42011,0.58815,0.46315,0.61077,0.62597,0.69964,0.56497,0.6271,0.2818,0.44076,0.40491,0.2917,1.0353,0.41958,0.52121,0.37178,0.42246,0.70988,0.33283,0.62425,0.45451,0.30026,0.59655,0.22277,0.2711,0.45918,0.21577,0.25942,0.32869,0.36508,0.17569,0.33339,0.32793,0.22579,0.38688,0.2168,0.29326,0.39721,0.22526,0.36497,0.30076,0.25078,0.23032,0.2815,0.16397,0.21908,0.29304
0.2143,0.384,0,0.10158,0.1671,0.053694,0.14012,0.102,0.15624,0.29051,0.069109,0.080118,0.13614,0.13467,0.10075,0.35878,0.20396,0.60373,0.93399,1.0479,1.8064,0.38953,0.23486,0.92521,1.5976,2.4228,0.55504,0.8541,1.2388,0.48274,0.58545,0.46367,1.6679,0.39404,0.54264,0.88902,0.58844,0.70084,0.93196,0.62415,0.8468,0.84883,0.31512,0.5697,0.51505,0.28622,1.2425,0.67653,0.57209,0.43955,0.5275,0.8093,0.44698,0.87191,0.62582,0.36357,0.8347,0.29905,0.39563,0.49117,0.32787,0.33734,0.47699,0.36247,0.24234,0.42135,0.30215,0.33615,0.4464,0.34206,0.39055,0.52555,0.36142,0.47017,0.47523,0.44037,0.3502,0.34157,0.23099,0.40776,0.36129
0.12167,0.11586,0,0.051473,0.068641,0.030202,0.057237,0.031611,0.093098,0.14841,0.013838,0.0075209,0.060783,0.068018,0.059714,0.14904,0.087479,0.27409,0.41499,0.45458,0.7988,0.155,0.0957,0.40108,0.72039,1.0286,0.23114,0.36343,0.46718,0.24353,0.27048,0.20663,0.67715,0.16085,0.22065,0.34395,0.25048,0.28063,0.36024,0.2704,0.30619,0.34147,0.1373,0.2367,0.23413,0.14133,0.52677,0.26149,0.2388,0.19614,0.24023,0.34902,0.18632,0.34147,0.26349,0.16065,0.35043,0.14043,0.16412,0.20164,0.13272,0.15543,0.18937,0.17772,0.091535,0.17644,0.17043,0.14765,0.1872,0.12245,0.16285,0.2204,0.15388,0.19881,0.18338,0.16521,0.1441,0.14905,0.10192,0.15423,0.15192
0.20377,0.083235,0,0.049154,0.063101,0.029577,0.10272,0.031248,0.13906,0.15872,0.029007,0.017894,0.056179,0.08671,0.06526,0.17778,0.11049,0.35273,0.49612,0.53479,0.92228,0.19923,0.11182,0.48564,0.80244,1.1543,0.27938,0.42696,0.4896,0.23373,0.34036,0.25097,0.72135,0.18013,0.25533,0.35978,0.27962,0.30578,0.35293,0.3018,0.31294,0.33941,0.1478,0.25634,0.23922,0.16848,0.5562,0.25313,0.26324,0.18941,0.251,0.40626,0.18316,0.34957,0.2717,0.1827,0.37887,0.1529,0.17242,0.22952,0.13484,0.17241,0.20687,0.20335,0.11484,0.19673,0.18094,0.16697,0.22169,0.12534,0.18726,0.22419,0.13667,0.18949,0.19004,0.15846,0.14582,0.17715,0.11789,0.14209,0.17523
0.20229,0.1452,0,0.056752,0.087829,0.024539,0.11867,0.040136,0.2056,0.13777,0.021807,0.015557,0.080824,0.087508,0.10728,0.21029,0.13333,0.37529,0.46146,0.55751,0.73391,0.17753,0.12514,0.47277,0.5648,0.9187,0.28,0.46239,0.44504,0.20494,0.28804,0.34377,0.73827,0.14844,0.24482,0.37902,0.25273,0.2836,0.362,0.29346,0.32093,0.38171,0.17454,0.24739,0.23602,0.16394,0.62316,0.28289,0.29789,0.21146,0.2907,0.40448,0.19403,0.39649,0.31397,0.16539,0.3908,0.15193,0.1659,0.28136,0.1316,0.14131,0.20145,0.218,0.12532,0.18858,0.21799,0.1479,0.26658,0.14018,0.19736,0.2692,0.15687,0.2375,0.22835,0.18163,0.14457,0.19843,0.1153,0.14909,0.1917
0.48437,0.66918,0,0.1447,0.19734,0.059732,0.24347,0.12408,0.38525,0.38574,0.097376,0.13426,0.19143,0.19308,0.13573,0.5517,0.32974,0.96423,1.4817,1.6034,2.7881,0.53207,0.34259,1.3731,2.2582,3.4602,0.81979,1.3128,1.6654,0.69864,0.86127,0.76802,2.7485,0.55952,0.83691,1.3182,0.86823,1.0012,1.3964,0.90161,1.2008,1.3886,0.48056,0.88316,0.81764,0.42949,1.9789,1.0324,0.94486,0.75597,0.75113,1.2807,0.64974,1.2493,0.95388,0.52183,1.2471,0.44392,0.61396,0.78489,0.52346,0.49995,0.72751,0.57753,0.37369,0.59977,0.54318,0.47552,0.69358,0.49473,0.5426,0.75969,0.58131,0.70852,0.67797,0.65827,0.43671,0.50474,0.32864,0.53372,0.54757
0.079482,0.06744,0,0.03137,0.054387,0.013994,0.058517,0.040848,0.026392,0.089256,0.01969,0.0374,0.048354,0.045973,0.019289,0.091726,0.053137,0.20022,0.27167,0.33107,0.55784,0.11205,0.076988,0.28353,0.52491,0.75278,0.16866,0.264,0.3226,0.13607,0.17634,0.12661,0.45877,0.14494,0.16264,0.23127,0.16964,0.18464,0.23969,0.18935,0.21722,0.20722,0.088409,0.17128,0.1499,0.087479,0.32096,0.15835,0.15857,0.12292,0.13773,0.25195,0.12954,0.22404,0.17128,0.11621,0.23236,0.094902,0.10492,0.14707,0.080203,0.11291,0.1332,0.11974,0.056959,0.13154,0.073397,0.10132,0.1216,0.090925,0.11457,0.12858,0.082161,0.1029,0.10934,0.081691,0.099056,0.09985,0.074206,0.10519,0.10055
0.27399,0.1772,0,0.058878,0.07138,0.016796,0.1345,0.035066,0.06356,0.14014,0.022144,0.046308,0.075008,0.1122,0.059927,0.14052,0.10881,0.35158,0.39866,0.53951,0.86574,0.16142,0.085634,0.40624,0.66962,1.0534,0.22422,0.34911,0.47974,0.20157,0.26992,0.2255,0.74101,0.17563,0.33155,0.41503,0.26356,0.29556,0.39607,0.2557,0.35079,0.40601,0.14898,0.28265,0.25507,0.14184,0.56911,0.29187,0.26777,0.20271,0.22361,0.42122,0.19604,0.35305,0.33317,0.16677,0.39819,0.1788,0.18391,0.24891,0.16419,0.16174,0.22372,0.17989,0.12835,0.19414,0.15408,0.17511,0.218,0.14846,0.19228,0.19983,0.16312,0.23809,0.22205,0.20912,0.13594,0.19739,0.13564,0.16685,0.1824
0.26675,0.36113,0,0.068732,0.11355,0.044057,0.14572,0.068542,0.10871,0.24126,0.04639,0.06034,0.087421,0.11654,0.057847,0.23796,0.16854,0.48197,0.57096,0.76094,1.1339,0.23652,0.15736,0.59453,0.79282,1.6038,0.30348,0.53195,0.85543,0.34198,0.41396,0.37997,1.2703,0.27182,0.45171,0.79979,0.44514,0.50641,0.76645,0.40896,0.66137,0.7286,0.25335,0.46681,0.41512,0.21923,1.0098,0.60853,0.43911,0.3634,0.41057,0.64699,0.35016,0.71356,0.56863,0.28351,0.71893,0.25206,0.33011,0.41968,0.28986,0.25407,0.38689,0.29112,0.2155,0.3262,0.26209,0.29522,0.38929,0.29102,0.31654,0.44229,0.29905,0.40752,0.47131,0.3939,0.26462,0.29051,0.2119,0.31007,0.3031
0.16318,0.13546,0,0.041907,0.069276,0.032669,0.097986,0.049803,0.093658,0.15813,0.023449,0.036024,0.047577,0.071315,0.035468,0.16064,0.10176,0.33401,0.46439,0.5657,0.94044,0.17316,0.099364,0.45935,0.7545,1.0556,0.26201,0.39389,0.5324,0.23418,0.30252,0.23823,0.78674,0.18748,0.26973,0.41857,0.3563,0.32912,0.40583,0.29266,0.37163,0.38671,0.15465,0.2948,0.26501,0.15773,0.64377,0.31003,0.29534,0.22456,0.24523,0.39819,0.2316,0.39826,0.29535,0.17578,0.38267,0.15198,0.18569,0.26856,0.1684,0.16272,0.21727,0.19905,0.12211,0.19676,0.15379,0.16582,0.21902,0.13831,0.19222,0.24728,0.17882,0.22766,0.2231,0.17631,0.16103,0.1719,0.12291,0.17653,0.18036
0.20031,0.20189,0,0.055468,0.093889,0.033676,0.1099,0.057119,0.10626,0.16235,0.022197,0.046882,0.071173,0.075772,0.048521,0.17447,0.1175,0.32677,0.56301,0.51797,0.9866,0.27349,0.11152,0.55717,0.93713,1.3619,0.3676,0.50291,0.61393,0.25402,0.3203,0.25884,0.87842,0.19757,0.29286,0.46104,0.31865,0.43032,0.46006,0.34969,0.40839,0.44688,0.16371,0.3057,0.27077,0.1675,0.67285,0.37247,0.2984,0.22888,0.27688,0.43192,0.24003,0.44214,0.33309,0.18962,0.4184,0.16453,0.21985,0.27117,0.18646,0.16361,0.24855,0.20597,0.14927,0.24325,0.17233,0.1751,0.23825,0.16443,0.21541,0.28924,0.20647,0.26522,0.242,0.21377,0.18873,0.19,0.13138,0.19917,0.20273
0.16229,0.43005,0,0.069615,0.12357,0.041624,0.10396,0.080517,0.14616,0.25195,0.041514,0.075942,0.11646,0.086336,0.060728,0.26925,0.16737,0.44428,0.58317,0.74062,1.1001,0.2112,0.16061,0.58709,0.77211,1.5805,0.2669,0.56578,0.89616,0.35793,0.40581,0.36266,1.3448,0.28152,0.43079,0.76594,0.43131,0.50501,0.89824,0.40994,0.71708,0.78495,0.24518,0.46793,0.43735,0.18793,1.0374,0.64154,0.45178,0.38082,0.43082,0.64525,0.34621,0.74364,0.5645,0.27883,0.72526,0.24397,0.3297,0.40469,0.27561,0.26029,0.38583,0.29695,0.21553,0.31489,0.28186,0.2677,0.37158,0.28901,0.31756,0.4658,0.31651,0.43996,0.44106,0.40021,0.28959,0.28227,0.19804,0.32306,0.30224
0.21821,0.13142,0,0.077554,0.10512,0.034377,0.10891,0.058364,0.15857,0.16802,0.038823,0.031264,0.097995,0.096925,0.085397,0.22661,0.12248,0.42622,0.65616,0.67391,1.1406,0.3342,0.13987,0.67336,1.192,1.5512,0.467,0.67728,0.64279,0.28775,0.37166,0.31488,0.92993,0.23819,0.29787,0.43771,0.33312,0.41111,0.43905,0.46302,0.39908,0.43373,0.19107,0.31223,0.29435,0.20365,0.71454,0.32444,0.33955,0.2491,0.3071,0.5009,0.25377,0.44231,0.34636,0.21762,0.45168,0.17632,0.198,0.29216,0.16951,0.19412,0.24822,0.24856,0.12821,0.25873,0.20415,0.1854,0.25844,0.16801,0.22345,0.29167,0.18441,0.23442,0.21978,0.19852,0.19444,0.19295,0.12523,0.2058,0.20849
0.11976,0.35471,0,0.076455,0.13858,0.036717,0.087762,0.076336,0.10618,0.2207,0.05895,0.082208,0.12801,0.075616,0.082237,0.25649,0.16211,0.39025,0.52486,0.68832,1.0452,0.19084,0.16759,0.54369,0.77181,1.4791,0.28358,0.53822,0.85823,0.32066,0.37926,0.33888,1.2189,0.26891,0.40214,0.69663,0.41629,0.4725,0.7558,0.39274,0.72032,0.66471,0.23055,0.43409,0.37116,0.17521,0.9136,0.56445,0.41914,0.32127,0.40383,0.55733,0.32767,0.68099,0.47909,0.26941,0.6259,0.21701,0.28971,0.37166,0.23818,0.23161,0.36655,0.25707,0.18979,0.30484,0.22855,0.24234,0.35453,0.28295,0.29584,0.40866,0.27115,0.39148,0.3985,0.3737,0.2674,0.26861,0.17332,0.28027,0.27842
0.24003,0.37181,0,0.061891,0.082597,0.018033,0.10373,0.044381,0.14383,0.1089,0.03446,0.038347,0.084386,0.10946,0.071025,0.21151,0.12256,0.37843,0.53509,0.65169,0.94733,0.1648,0.11632,0.4967,0.61256,1.1836,0.24173,0.43513,0.62659,0.26046,0.2996,0.29357,1.0266,0.18684,0.339,0.55896,0.3155,0.37657,0.60259,0.31088,0.48414,0.68522,0.19243,0.35168,0.34605,0.15631,0.81874,0.46137,0.37068,0.31468,0.30705,0.51665,0.25862,0.52482,0.46852,0.17526,0.51937,0.20226,0.23197,0.32838,0.23501,0.19174,0.27714,0.22584,0.16738,0.22494,0.23197,0.21265,0.26556,0.20928,0.2115,0.32546,0.25253,0.36421,0.31993,0.32742,0.18835,0.21588,0.15394,0.23907,0.21957
0.10892,0.092979,0,0.037474,0.061262,0.013343,0.047195,0.028736,0.075625,0.05992,0.012985,0.035369,0.055751,0.050447,0.056668,0.10286,0.060846,0.18032,0.21753,0.28603,0.40364,0.073861,0.057702,0.22913,0.27307,0.50962,0.12246,0.21587,0.25681,0.11562,0.14404,0.1482,0.39223,0.088006,0.13733,0.21457,0.1393,0.1523,0.2078,0.1512,0.18539,0.21244,0.11556,0.13224,0.13814,0.083632,0.32068,0.15968,0.14969,0.10752,0.1539,0.21897,0.11987,0.21269,0.19181,0.090143,0.2198,0.089692,0.088418,0.14966,0.083931,0.085576,0.11053,0.1131,0.063272,0.10832,0.1067,0.086973,0.12679,0.078855,0.10281,0.14158,0.086279,0.13785,0.12516,0.10149,0.089375,0.10071,0.061082,0.088788,0.099436
0.19035,0.20009,0,0.053184,0.086311,0.024025,0.1306,0.048856,0.069204,0.17498,0.040046,0.035097,0.080462,0.083422,0.042964,0.1613,0.10766,0.3618,0.45432,0.58888,0.94791,0.15208,0.12508,0.45654,0.73041,1.1313,0.24896,0.40677,0.55935,0.24014,0.30096,0.25306,0.86842,0.20541,0.3139,0.47633,0.31991,0.34264,0.47779,0.29767,0.42052,0.46776,0.15932,0.37035,0.28545,0.15461,0.69302,0.35221,0.32349,0.27393,0.26134,0.45379,0.24301,0.42432,0.33555,0.19905,0.43166,0.17557,0.20151,0.2872,0.16552,0.18467,0.25446,0.21816,0.12776,0.25322,0.17215,0.18691,0.24884,0.17614,0.20448,0.26089,0.18505,0.26973,0.24191,0.22214,0.17954,0.17621,0.12989,0.16667,0.19489
0.23849,0.1795,0,0.051568,0.066272,0.019741,0.086194,0.040869,0.11492,0.10956,0.015196,0.035597,0.06526,0.10281,0.049536,0.15313,0.098416,0.33809,0.40893,0.5677,0.84202,0.13683,0.090298,0.42422,0.6296,1.0186,0.20664,0.35843,0.48506,0.22784,0.26939,0.23158,0.77119,0.17244,0.27172,0.40629,0.27584,0.29109,0.42834,0.26917,0.34489,0.44148,0.15963,0.2738,0.31511,0.14069,0.59946,0.29892,0.28061,0.22544,0.2414,0.41292,0.20843,0.38558,0.34934,0.15496,0.41489,0.17537,0.17057,0.23431,0.16587,0.17578,0.21145,0.19127,0.12036,0.19925,0.17317,0.16512,0.2024,0.14217,0.1818,0.23381,0.20219,0.22301,0.21778,0.19505,0.14643,0.17153,0.11181,0.20637,0.17414
0.13105,0.058364,0,0.036132,0.050578,0.017945,0.06764,0.026359,0.089071,0.084769,0.013863,0.017292,0.04531,0.057293,0.048694,0.10197,0.06389,0.22768,0.31383,0.34335,0.57433,0.12745,0.057394,0.30334,0.50844,0.71451,0.18148,0.26223,0.27375,0.13967,0.19268,0.16335,0.41139,0.10219,0.15345,0.21791,0.16673,0.18287,0.18692,0.18913,0.16534,0.20252,0.098148,0.15061,0.14288,0.13436,0.33885,0.14872,0.16347,0.11311,0.15867,0.25659,0.12355,0.21189,0.19713,0.10483,0.22996,0.098477,0.10617,0.16201,0.092869,0.091577,0.11287,0.13361,0.064897,0.12571,0.11385,0.10093,0.13653,0.069483,0.1103,0.15245,0.076169,0.11998,0.13643,0.09201,0.0964,0.10611,0.076899,0.089134,0.10544
0.33109,0.45122,0,0.10485,0.15147,0.066281,0.20587,0.082949,0.2659,0.38953,0.068045,0.045606,0.12764,0.14826,0.12128,0.39739,0.24191,0.735,0.95893,1.1774,1.7243,0.33592,0.20051,0.95509,1.1833,1.998,0.48148,0.8639,1.1031,0.48322,0.59045,0.57639,1.7594,0.34804,0.57149,0.93172,0.63167,0.6819,0.95781,0.61596,0.80026,0.98466,0.34933,0.62663,0.56509,0.31453,1.595,0.74716,0.67392,0.57457,0.5466,0.85156,0.47107,0.8877,0.67458,0.37184,0.86012,0.31073,0.41166,0.59051,0.37376,0.29882,0.45439,0.43637,0.27342,0.39883,0.41234,0.33445,0.50605,0.30374,0.42333,0.57179,0.41347,0.58082,0.5104,0.47483,0.33249,0.36209,0.24878,0.36194,0.3979
0.16779,0.40276,0,0.063285,0.12186,0.047764,0.08023,0.077471,0.098087,0.23153,0.025751,0.068835,0.09599,0.045797,0.04326,0.16208,0.13952,0.27547,0.3877,0.39728,0.66528,0.16231,0.082432,0.38238,0.42731,1.0821,0.19721,0.37446,0.64234,0.25655,0.28739,0.27985,0.98171,0.18364,0.31346,0.60047,0.32535,0.40371,0.63347,0.29912,0.52879,0.59343,0.18603,0.3406,0.30137,0.14764,0.79909,0.59976,0.32502,0.27235,0.33889,0.45035,0.28066,0.57539,0.44693,0.20952,0.52734,0.17106,0.27564,0.31916,0.24374,0.15354,0.29889,0.22405,0.17557,0.26016,0.2158,0.19791,0.29123,0.2379,0.25958,0.39364,0.28033,0.35573,0.36831,0.31199,0.24128,0.21837,0.17275,0.23705,0.24583
0.19081,0.24607,0,0.06324,0.08667,0.018522,0.099377,0.045578,0.18453,0.14054,0.045595,0.050167,0.09648,0.083011,0.090121,0.2328,0.13103,0.4138,0.60138,0.71346,1.0968,0.18258,0.12692,0.5537,0.8082,1.2568,0.30864,0.51548,0.60195,0.25963,0.33121,0.32656,0.99568,0.2038,0.31868,0.48017,0.34346,0.35842,0.49435,0.34692,0.43514,0.52837,0.19326,0.34667,0.31351,0.17985,0.79874,0.36018,0.43694,0.30679,0.28912,0.48896,0.25505,0.48602,0.38563,0.18825,0.47232,0.17557,0.20779,0.33509,0.19855,0.18494,0.2568,0.23481,0.13788,0.2263,0.21849,0.16783,0.28516,0.18491,0.21024,0.29617,0.20596,0.28835,0.28641,0.25372,0.15656,0.19286,0.12196,0.18233,0.20462
0.099485,0.19908,0,0.03012,0.04326,0.019439,0.074019,0.021572,0.059746,0.12863,0.039195,0.0098206,0.033735,0.047853,0.039578,0.14085,0.08143,0.28013,0.37443,0.45034,0.73546,0.12072,0.09093,0.35824,0.51677,0.8263,0.19567,0.33827,0.42549,0.19619,0.21925,0.21327,0.73289,0.14534,0.22195,0.36559,0.24025,0.25292,0.38337,0.23414,0.30684,0.41265,0.12772,0.27007,0.23172,0.11448,0.62649,0.27767,0.28225,0.31717,0.18862,0.33417,0.1756,0.32859,0.24538,0.14445,0.32398,0.11495,0.16817,0.22803,0.14553,0.11916,0.17854,0.16127,0.0861,0.15893,0.1606,0.12066,0.18489,0.11737,0.13876,0.19495,0.17283,0.23812,0.18695,0.18228,0.10048,0.11769,0.084062,0.12114,0.13525
0.10794,0.13911,0,0.058823,0.11354,0.029381,0.057721,0.048772,0.12406,0.12696,0.010091,0.032423,0.095341,0.069065,0.10785,0.15894,0.099274,0.245,0.2976,0.40818,0.51453,0.10596,0.10132,0.31209,0.42009,0.7322,0.16435,0.30025,0.39885,0.18769,0.22694,0.22901,0.56879,0.1272,0.19125,0.32262,0.20494,0.23898,0.33876,0.22547,0.30127,0.31451,0.14278,0.20126,0.19381,0.12544,0.46554,0.26987,0.20777,0.14733,0.30764,0.31457,0.17571,0.34796,0.27817,0.14278,0.32879,0.14268,0.14342,0.20807,0.10498,0.13329,0.18257,0.18296,0.10325,0.16625,0.18243,0.13925,0.20255,0.13253,0.17639,0.24901,0.13142,0.21911,0.17707,0.16383,0.17345,0.17489,0.1098,0.14922,0.15996
0.47205,0.28403,0,0.10515,0.14057,0.027913,0.25275,0.057602,0.24155,0.13332,0.035332,0.063803,0.14581,0.20196,0.11335,0.333,0.17528,0.69496,0.85574,1.0697,1.717,0.30013,0.19029,0.84672,1.2165,2.0287,0.42666,0.71838,0.8713,0.38827,0.52301,0.4537,1.3809,0.33132,0.51295,0.7239,0.47381,0.53083,0.72243,0.52363,0.59203,0.75351,0.28927,0.49759,0.47204,0.28883,1.0327,0.51065,0.50031,0.37166,0.4479,0.9117,0.36263,0.6693,0.62682,0.30976,0.73455,0.3124,0.30696,0.4906,0.26705,0.33801,0.39573,0.39934,0.23496,0.34869,0.3199,0.33358,0.39279,0.27938,0.32713,0.44166,0.2645,0.42162,0.38286,0.30661,0.29412,0.33982,0.2453,0.31886,0.32965
0.12386,0.14708,0,0.050728,0.099446,0.024927,0.068137,0.071512,0.04729,0.10711,0.020589,0.04465,0.079667,0.060281,0.041984,0.10085,0.07549,0.23679,0.30936,0.40762,0.61577,0.089542,0.078566,0.31566,0.50391,0.79989,0.17453,0.28764,0.41097,0.17701,0.20137,0.18586,0.5983,0.14548,0.20388,0.33459,0.23535,0.25193,0.33104,0.22656,0.29725,0.32213,0.13523,0.22757,0.20349,0.11877,0.48787,0.27178,0.22287,0.16679,0.21367,0.30969,0.23387,0.33478,0.28565,0.13264,0.30627,0.1386,0.14959,0.22262,0.12937,0.12283,0.16809,0.16459,0.085045,0.20088,0.11157,0.12961,0.17774,0.12314,0.15596,0.22701,0.14563,0.19415,0.19128,0.13702,0.16695,0.13078,0.097118,0.15951,0.14795
0.17048,0.37037,0,0.077299,0.14792,0.047999,0.11051,0.10089,0.15865,0.24917,0.04373,0.065299,0.11801,0.10573,0.093232,0.27328,0.17835,0.46585,0.57436,0.74612,1.0315,0.23833,0.15973,0.58744,0.76728,1.6317,0.30765,0.57215,0.85019,0.34405,0.40759,0.4028,1.22,0.26684,0.3894,0.72311,0.42922,0.49215,0.7541,0.41879,0.65518,0.69326,0.25448,0.42141,0.39922,0.21602,0.97501,0.59091,0.4504,0.33099,0.44874,0.60619,0.35505,0.83899,0.59546,0.26111,0.74645,0.25305,0.32416,0.43667,0.28026,0.23864,0.37086,0.29266,0.21078,0.31762,0.26295,0.26953,0.41409,0.27774,0.33345,0.52473,0.31411,0.38691,0.60878,0.33403,0.28564,0.30931,0.21615,0.35794,0.29889
0.36183,0.33982,0,0.09765,0.14159,0.025068,0.1281,0.077526,0.13648,0.12933,0.015494,0.068028,0.13802,0.15199,0.11162,0.19123,0.13313,0.43555,0.46351,0.6875,0.91924,0.17125,0.092654,0.49094,0.64598,1.3608,0.23606,0.42085,0.61649,0.2682,0.32005,0.32224,0.94106,0.20609,0.37124,0.58214,0.32157,0.37457,0.57829,0.3313,0.46565,0.62522,0.23186,0.33666,0.3654,0.20304,0.74852,0.4637,0.36103,0.2497,0.36241,0.57353,0.30605,0.60156,0.65808,0.18737,0.6361,0.26132,0.24758,0.38895,0.26201,0.21071,0.28139,0.2576,0.18235,0.27382,0.23174,0.24578,0.31418,0.20664,0.26123,0.40049,0.2565,0.34649,0.47622,0.2972,0.24003,0.26134,0.19117,0.29782,0.2474
0.083086,0.07053,0,0.040927,0.059626,0.027851,0.064242,0.025734,0.038882,0.14787,0.022168,0.028478,0.050726,0.044592,0.033771,0.10722,0.07249,0.22357,0.24563,0.30294,0.50497,0.11014,0.083146,0.28149,0.41413,0.72497,0.14748,0.26529,0.34175,0.15604,0.20536,0.16197,0.49125,0.13342,0.17731,0.27696,0.18262,0.20347,0.27257,0.19863,0.24987,0.22318,0.10397,0.19056,0.15466,0.10303,0.39371,0.20743,0.16817,0.14027,0.1775,0.27045,0.1356,0.25171,0.17879,0.16248,0.27375,0.10401,0.12408,0.15541,0.088977,0.1124,0.15784,0.1426,0.073318,0.15074,0.11259,0.11916,0.16248,0.10975,0.13921,0.1648,0.093436,0.13743,0.14358,0.11675,0.11799,0.11745,0.087065,0.093049,0.12492
0.27066,0.25514,0,0.071757,0.091697,0.036138,0.10138,0.052965,0.13016,0.22658,0.023726,0.046368,0.083274,0.12494,0.077996,0.22597,0.14856,0.46158,0.47095,0.69692,0.93489,0.2024,0.13042,0.51137,0.7152,1.4803,0.24729,0.45527,0.67772,0.294,0.36783,0.33058,1.0141,0.23044,0.36569,0.60664,0.3434,0.38779,0.61238,0.35609,0.50142,0.57126,0.21899,0.35696,0.35769,0.19522,0.78663,0.45095,0.36447,0.27174,0.35307,0.55396,0.27045,0.62154,0.52429,0.23645,0.77934,0.22622,0.26202,0.33648,0.24079,0.23493,0.32119,0.24975,0.17587,0.26049,0.23856,0.25785,0.35351,0.24301,0.27678,0.38968,0.24056,0.27493,0.51093,0.30595,0.2095,0.24974,0.18059,0.28109,0.24622
0.16033,0.10055,0,0.048453,0.069966,0.012717,0.07461,0.02537,0.038749,0.059266,0.0057105,0.021386,0.067534,0.092583,0.066616,0.084724,0.05866,0.23485,0.2039,0.34925,0.46561,0.071887,0.058436,0.22877,0.35608,0.61859,0.11628,0.18534,0.2647,0.12844,0.16183,0.14011,0.39353,0.10261,0.17901,0.23187,0.14868,0.16625,0.22458,0.15155,0.18952,0.24253,0.097416,0.15828,0.16482,0.091139,0.30981,0.15947,0.14769,0.10511,0.16703,0.25685,0.13343,0.2297,0.23481,0.09794,0.24662,0.17958,0.098168,0.14799,0.096348,0.10957,0.13564,0.12557,0.074429,0.12882,0.10351,0.11205,0.1322,0.083282,0.12477,0.14972,0.093209,0.14506,0.14565,0.10801,0.10536,0.13365,0.096478,0.11899,0.10797
0.09168,0.17418,0,0.037333,0.056335,0.025608,0.057252,0.03881,0.037563,0.15199,0.014912,0.034009,0.037879,0.03777,0.026627,0.086842,0.081698,0.18799,0.28153,0.28221,0.56836,0.13878,0.059214,0.25351,0.49149,0.81921,0.16659,0.24514,0.38058,0.16314,0.19833,0.16627,0.5915,0.12329,0.20011,0.33003,0.19743,0.24143,0.32983,0.18495,0.27498,0.30229,0.10437,0.19744,0.17423,0.10679,0.44607,0.27927,0.18998,0.16712,0.18247,0.27428,0.15651,0.3198,0.24178,0.12698,0.31045,0.10669,0.20626,0.18723,0.13326,0.09971,0.17544,0.12721,0.091606,0.14878,0.11303,0.11995,0.17224,0.11714,0.15051,0.1958,0.15314,0.16723,0.21768,0.14125,0.11419,0.13745,0.10751,0.13732,0.13326
0.18267,0.21201,0,0.055555,0.10239,0.02097,0.13867,0.058748,0.11659,0.1152,0.024982,0.04675,0.094963,0.084168,0.079151,0.17373,0.10827,0.34552,0.44967,0.539,0.8139,0.15298,0.098462,0.43344,0.52639,0.95934,0.24392,0.41131,0.46806,0.19856,0.26155,0.27935,0.7491,0.17119,0.2683,0.41564,0.28287,0.295,0.40106,0.27034,0.34946,0.42393,0.17501,0.27876,0.2371,0.16143,0.63387,0.32033,0.30349,0.22448,0.26225,0.43426,0.23073,0.42676,0.37627,0.15756,0.39492,0.15932,0.18548,0.35361,0.1714,0.14358,0.20499,0.2156,0.12566,0.18573,0.17246,0.16115,0.24769,0.14025,0.19375,0.28721,0.16527,0.276,0.28923,0.16471,0.16889,0.20384,0.13909,0.15966,0.18832
0.1102,0.17538,0,0.025066,0.033745,0.01624,0.042221,0.022371,0.031642,0.072934,0.010057,0.034952,0.025293,0.044642,0.012385,0.068528,0.056584,0.16225,0.22337,0.24782,0.44209,0.10364,0.02873,0.21084,0.35049,0.61749,0.13662,0.17527,0.28333,0.11851,0.13934,0.11849,0.45304,0.084658,0.16049,0.26032,0.16085,0.18394,0.24769,0.14224,0.20309,0.27512,0.088999,0.14569,0.1522,0.083912,0.36382,0.22184,0.16307,0.12992,0.11998,0.21436,0.1216,0.24838,0.22985,0.081801,0.25629,0.094064,0.11971,0.15543,0.15654,0.070488,0.12441,0.086511,0.074287,0.095298,0.090444,0.0897,0.12417,0.080347,0.10179,0.16221,0.13655,0.14424,0.22488,0.13553,0.076504,0.096966,0.076666,0.11454,0.097508
0.15663,0.050063,0,0.02858,0.041051,0.0091052,0.059444,0.024375,0.068946,0.043943,0.0064322,0.0093272,0.039198,0.064495,0.040997,0.10835,0.051686,0.20683,0.25056,0.35028,0.55602,0.073672,0.084706,0.25742,0.43664,0.67463,0.12285,0.21174,0.29294,0.13946,0.17902,0.12785,0.4348,0.11976,0.15887,0.22929,0.15617,0.16218,0.23506,0.16368,0.19844,0.22556,0.091184,0.16333,0.16208,0.083147,0.29229,0.14043,0.15263,0.10689,0.15308,0.27263,0.116,0.21252,0.18574,0.10383,0.25126,0.1075,0.090007,0.13084,0.070831,0.16475,0.14015,0.12575,0.069837,0.11374,0.10025,0.12989,0.12114,0.10204,0.097205,0.12528,0.070642,0.10344,0.10489,0.10365,0.09208,0.10665,0.076395,0.095674,0.099883
0.12313,0.13877,0,0.040942,0.054329,0.016451,0.058455,0.025161,0.051834,0.098626,0.019833,0.023784,0.054595,0.05439,0.041754,0.1102,0.075167,0.20544,0.24285,0.31742,0.51864,0.10423,0.078897,0.24834,0.39854,0.73215,0.14425,0.23362,0.36068,0.14796,0.18705,0.1587,0.55094,0.12302,0.19135,0.30404,0.18158,0.21454,0.3034,0.18225,0.27347,0.28389,0.10256,0.19597,0.16978,0.089236,0.38702,0.23804,0.18455,0.13947,0.18258,0.27794,0.13824,0.28759,0.216,0.12697,0.29913,0.11588,0.1379,0.16266,0.10886,0.12204,0.20172,0.12252,0.092126,0.14201,0.10753,0.1235,0.16394,0.136,0.13482,0.17346,0.132,0.14542,0.17876,0.1486,0.1053,0.13235,0.093462,0.13011,0.12765
0.14556,0.086008,0,0.042767,0.083735,0.021433,0.089632,0.037899,0.12207,0.093794,0.010985,0.036627,0.074775,0.061085,0.06522,0.13424,0.077383,0.26859,0.32697,0.39974,0.56823,0.098838,0.07502,0.32936,0.39327,0.67548,0.15033,0.29612,0.31278,0.15846,0.20983,0.196,0.49913,0.12621,0.17559,0.26109,0.18985,0.2029,0.26649,0.20827,0.21888,0.26401,0.11975,0.19174,0.17526,0.12055,0.42416,0.20363,0.19257,0.14377,0.20881,0.32008,0.15447,0.259,0.22566,0.13091,0.26544,0.12242,0.11411,0.19523,0.086387,0.12497,0.13982,0.19035,0.083752,0.15049,0.14842,0.12353,0.16127,0.098169,0.14616,0.19512,0.088989,0.17216,0.11886,0.099534,0.14445,0.13635,0.097731,0.10535,0.13492
0.14744,0.091702,0,0.023649,0.027766,0.0098892,0.060809,0.011864,0.070884,0.049948,0.0028411,0.011733,0.027615,0.048322,0.028567,0.083575,0.056013,0.14393,0.16857,0.20442,0.31591,0.084466,0.029085,0.17059,0.16576,0.37817,0.078622,0.13904,0.20404,0.079632,0.11562,0.10992,0.3151,0.058575,0.12223,0.18856,0.11363,0.14346,0.18871,0.10481,0.15766,0.19091,0.065366,0.10956,0.1076,0.057129,0.2593,0.15568,0.11033,0.074886,0.11497,0.18374,0.077876,0.182,0.15585,0.06567,0.18237,0.070796,0.080174,0.11102,0.072375,0.067711,0.10258,0.081713,0.092984,0.07266,0.07858,0.077947,0.10123,0.071238,0.090772,0.12262,0.08548,0.11762,0.11772,0.094806,0.065192,0.096522,0.063624,0.084809,0.090555
0.12546,0.06944,0,0.041527,0.070477,0.016945,0.054933,0.050655,0.036839,0.091682,0.017795,0.034236,0.058947,0.042294,0.022743,0.052966,0.054161,0.15967,0.21541,0.23637,0.40797,0.072351,0.06321,0.22484,0.38284,0.61773,0.1349,0.19776,0.26589,0.11505,0.14845,0.12399,0.37906,0.10139,0.13857,0.21394,0.13723,0.17523,0.20666,0.15854,0.18981,0.1923,0.083874,0.16275,0.13351,0.082944,0.2835,0.17291,0.13573,0.10361,0.13875,0.20439,0.13787,0.20556,0.17542,0.1012,0.20246,0.091841,0.097599,0.12299,0.069592,0.082658,0.11852,0.11005,0.054462,0.20244,0.076759,0.080298,0.12663,0.090892,0.11063,0.14177,0.087422,0.11055,0.11177,0.093454,0.11526,0.078038,0.0529,0.091527,0.10125
0.097329,0.083677,0,0.027885,0.041677,0.016981,0.040598,0.0092601,0.14567,0.084423,0.0049499,0.00036862,0.040851,0.043699,0.065507,0.1184,0.068872,0.17221,0.2502,0.2409,0.34959,0.076606,0.050319,0.22552,0.21232,0.43868,0.09939,0.2158,0.21154,0.12329,0.15148,0.15901,0.38086,0.062765,0.12202,0.1907,0.119,0.13773,0.20522,0.13878,0.15788,0.22,0.091666,0.12275,0.12873,0.083341,0.32517,0.15912,0.14538,0.11615,0.16892,0.20803,0.084954,0.18879,0.1647,0.083858,0.20571,0.081873,0.082258,0.1267,0.073273,0.080823,0.099556,0.12042,0.065343,0.085157,0.17307,0.077615,0.12937,0.066354,0.095598,0.14639,0.074872,0.15109,0.10222,0.12146,0.078557,0.10139,0.057442,0.054386,0.09713
0.11996,0.054834,0,0.019733,0.02748,0.01114,0.051012,0.014167,0.023914,0.051873,0.0054449,0.0065127,0.021621,0.049933,0.02411,0.067109,0.040927,0.15151,0.14953,0.23403,0.32561,0.06322,0.047297,0.16516,0.2386,0.43821,0.075566,0.12849,0.20352,0.092368,0.12088,0.093294,0.28833,0.074929,0.11992,0.18575,0.11096,0.12102,0.16855,0.10899,0.14477,0.17441,0.064613,0.11526,0.10615,0.063891,0.22809,0.1262,0.096573,0.075468,0.1115,0.18759,0.085345,0.16735,0.15106,0.076752,0.19227,0.076643,0.075496,0.10238,0.062844,0.090561,0.098886,0.086671,0.056052,0.077038,0.06712,0.11007,0.094338,0.076538,0.078422,0.10526,0.055834,0.087048,0.10959,0.084556,0.071532,0.083362,0.06785,0.078891,0.077476
0.11161,0.096101,0,0.034315,0.054885,0.018199,0.062979,0.028384,0.083046,0.11538,0.019417,0.021059,0.047106,0.049427,0.05101,0.10752,0.082159,0.21857,0.24364,0.29537,0.41356,0.092331,0.070392,0.2507,0.2816,0.63325,0.13051,0.24171,0.29671,0.12857,0.1762,0.18461,0.4617,0.098728,0.1639,0.26891,0.1609,0.18078,0.25685,0.1668,0.23251,0.23912,0.10341,0.16846,0.14285,0.094887,0.37888,0.20388,0.18014,0.12695,0.17806,0.2425,0.12849,0.28227,0.21199,0.11489,0.2894,0.099274,0.11901,0.17276,0.095505,0.092726,0.1441,0.12422,0.079914,0.13338,0.12283,0.10357,0.19859,0.10685,0.13078,0.19005,0.10034,0.14317,0.22637,0.13611,0.099557,0.1259,0.074795,0.094045,0.12255
0.053777,0.099627,0,0.023223,0.03919,0.0073864,0.025053,0.018692,0.034757,0.044732,0.0085972,0.028181,0.03637,0.025638,0.024029,0.063569,0.040099,0.098935,0.1304,0.16842,0.24123,0.046216,0.04849,0.12619,0.16266,0.39758,0.068152,0.12488,0.20961,0.077535,0.091844,0.0895,0.30362,0.068058,0.1029,0.18534,0.093674,0.11503,0.18418,0.099973,0.17108,0.17373,0.059294,0.10994,0.092508,0.04452,0.20966,0.15354,0.10769,0.074299,0.10741,0.15902,0.082069,0.17455,0.12855,0.071551,0.18341,0.057657,0.07462,0.090188,0.056975,0.072006,0.11022,0.069713,0.05185,0.088261,0.058079,0.077469,0.098506,0.11786,0.078027,0.11043,0.066946,0.079093,0.10371,0.097628,0.068824,0.068245,0.051461,0.07583,0.072758
0.071311,0.075254,0,0.029723,0.056324,0.018062,0.048076,0.029672,0.043336,0.1025,0.0045922,0.026248,0.046935,0.038404,0.038633,0.070817,0.05765,0.1434,0.14733,0.21618,0.28162,0.071503,0.034378,0.16535,0.22247,0.41659,0.085028,0.15473,0.21922,0.094456,0.12569,0.11542,0.30503,0.078553,0.12208,0.18466,0.11925,0.13803,0.18537,0.12179,0.16385,0.16083,0.070813,0.1169,0.10836,0.064737,0.26766,0.15346,0.11216,0.08046,0.13094,0.17056,0.095216,0.19195,0.14886,0.08313,0.19135,0.079121,0.087826,0.11412,0.066116,0.062834,0.10008,0.095072,0.060518,0.098407,0.076647,0.072707,0.11044,0.071472,0.12128,0.12442,0.081652,0.1051,0.1114,0.077399,0.088505,0.10034,0.067182,0.094188,0.090898
0.050669,0.11123,0,0.027257,0.055983,0.018817,0.039225,0.030818,0.075042,0.075043,0.0070206,0.015684,0.044305,0.027088,0.034912,0.085474,0.052105,0.14749,0.17423,0.19367,0.28477,0.069361,0.041049,0.17591,0.3247,0.49013,0.10721,0.17217,0.24235,0.10502,0.12362,0.12933,0.35084,0.07242,0.10423,0.21196,0.12603,0.15226,0.22338,0.1306,0.18593,0.2033,0.080108,0.12253,0.11448,0.073503,0.297,0.19118,0.1298,0.092868,0.15186,0.18917,0.11385,0.24815,0.18747,0.080846,0.22131,0.078,0.093858,0.13898,0.086554,0.066528,0.10578,0.10427,0.067157,0.10359,0.09642,0.080168,0.13185,0.083101,0.10221,0.23203,0.090961,0.12889,0.22759,0.093445,0.10531,0.088046,0.064237,0.097562,0.094453
0.063947,0.11369,0,0.024899,0.032077,0.012677,0.024483,0.022367,0.023029,0.063252,0.0024995,0.014601,0.02763,0.025853,0.015045,0.039183,0.041318,0.080577,0.11117,0.12516,0.24724,0.057031,0.015962,0.11425,0.1794,0.33182,0.071296,0.10839,0.18502,0.081397,0.083664,0.083668,0.29804,0.051376,0.094456,0.1591,0.10118,0.12066,0.16851,0.091669,0.13696,0.17513,0.054198,0.096485,0.10991,0.04077,0.23843,0.15114,0.10021,0.091401,0.088977,0.12577,0.081083,0.16491,0.1333,0.050887,0.15168,0.053908,0.081494,0.088783,0.080891,0.041646,0.089367,0.052792,0.051976,0.070919,0.054748,0.047211,0.077282,0.055927,0.074468,0.10098,0.13989,0.099718,0.11502,0.075658,0.05204,0.068453,0.04155,0.098806,0.069615
0.073601,0.13988,0,0.031971,0.061017,0.014013,0.059073,0.020409,0.050768,0.05928,0.0128,0.017071,0.053786,0.040259,0.054333,0.087232,0.053284,0.13862,0.18446,0.21037,0.33385,0.062578,0.039022,0.17955,0.1711,0.3704,0.08578,0.1722,0.236,0.10311,0.11374,0.1242,0.35618,0.06309,0.13518,0.21259,0.1263,0.15197,0.22966,0.11426,0.19388,0.24766,0.084905,0.1379,0.11886,0.062969,0.3284,0.18806,0.13756,0.12348,0.14546,0.19658,0.10599,0.19917,0.17656,0.073387,0.16997,0.082263,0.08726,0.14537,0.08378,0.059795,0.096532,0.10014,0.070124,0.087936,0.10832,0.072169,0.10812,0.064787,0.093984,0.1403,0.097774,0.21312,0.11388,0.12469,0.095945,0.102,0.066184,0.068417,0.094294
0.055591,0.13144,0,0.020837,0.024865,0.014072,0.034513,0.013456,0.017284,0.087888,0.010876,0.00052225,0.020819,0.036843,0.016768,0.054366,0.048971,0.16223,0.12062,0.17975,0.25018,0.075059,0.032467,0.13187,0.28158,0.59978,0.089427,0.13315,0.22384,0.089248,0.10703,0.11206,0.31981,0.062903,0.1183,0.23071,0.11614,0.13012,0.21604,0.10051,0.18519,0.20413,0.072334,0.11605,0.10892,0.067186,0.27079,0.18271,0.12821,0.090963,0.1103,0.1675,0.097987,0.29406,0.2277,0.071943,0.29639,0.077505,0.10658,0.14295,0.12257,0.056895,0.11135,0.064877,0.065855,0.083421,0.06877,0.085256,0.16041,0.079713,0.093479,0.23247,0.10583,0.10686,0.46518,0.10976,0.061658,0.0865,0.069619,0.10102,0.080814
0.077099,0.11547,0,0.025328,0.02022,0.0088802,0.01229,0.0071789,0.046776,0.06554,0.016057,0.0049653,0.021824,0.031843,0.032519,0.073554,0.045934,0.11201,0.14101,0.19208,0.26344,0.050618,0.033538,0.14194,0.16777,0.37948,0.062072,0.11956,0.22335,0.086579,0.096099,0.095975,0.33437,0.050607,0.11997,0.20762,0.098833,0.12377,0.21109,0.097767,0.18701,0.22496,0.063159,0.11475,0.10504,0.048792,0.27127,0.16665,0.1223,0.095506,0.10989,0.14444,0.07558,0.17374,0.15302,0.062996,0.19112,0.061889,0.07447,0.087661,0.079543,0.060536,0.099671,0.0585,0.057111,0.075108,0.087993,0.070833,0.10385,0.080802,0.069934,0.10278,0.074956,0.12599,0.11819,0.17707,0.058209,0.065959,0.038304,0.064772,0.072702
0.031502,0.0474,0,0.019942,0.051091,0.012914,0.026698,0.030508,0.021722,0.04453,0.0033682,0.026237,0.036671,0.020711,0.021,0.040224,0.02597,0.075243,0.086199,0.1204,0.16326,0.025265,0.024754,0.099945,0.12829,0.24971,0.04303,0.088813,0.14367,0.061083,0.071533,0.061793,0.17943,0.049636,0.063082,0.11282,0.073014,0.088383,0.12355,0.077455,0.10824,0.10468,0.044991,0.07502,0.063788,0.04135,0.15364,0.10425,0.061043,0.042585,0.094107,0.11208,0.074489,0.12017,0.099963,0.051497,0.10586,0.048834,0.048698,0.072707,0.036318,0.043501,0.057128,0.068672,0.031766,0.074931,0.046032,0.04847,0.061447,0.046075,0.064685,0.093687,0.041703,0.078415,0.053704,0.047084,0.089492,0.052716,0.039132,0.058289,0.055556
0.093737,0.06884,0,0.025744,0.043521,0.010026,0.05456,0.017764,0.042803,0.04789,0.0032597,0.018701,0.042511,0.05167,0.047989,0.065968,0.052317,0.13022,0.14028,0.19961,0.26381,0.061934,0.03718,0.14572,0.16945,0.34386,0.076479,0.13363,0.17251,0.077784,0.10698,0.10441,0.2553,0.061596,0.11276,0.15248,0.095954,0.10954,0.14825,0.094624,0.13385,0.1477,0.062412,0.090638,0.091989,0.056031,0.20599,0.11615,0.092571,0.061404,0.11682,0.15941,0.071834,0.16021,0.13398,0.063103,0.15535,0.07626,0.072162,0.10803,0.056669,0.06203,0.088397,0.0798,0.0579,0.062455,0.073138,0.069539,0.095664,0.056245,0.09028,0.096431,0.067532,0.10262,0.092751,0.065681,0.064898,0.1187,0.069305,0.078766,0.080433
0.037256,0.042631,0,0.010676,0.019195,0.0058653,0.026288,0.0086078,0.0071042,0.027269,7.5102e-05,0.0084052,0.015797,0.021944,0.014575,0.025914,0.020014,0.062011,0.059715,0.090653,0.11973,0.029793,0.016055,0.063501,0.087742,0.16776,0.031637,0.053345,0.079951,0.036453,0.048791,0.041578,0.11392,0.031373,0.053103,0.076225,0.047018,0.051909,0.071286,0.042088,0.059192,0.072182,0.025942,0.045791,0.041095,0.027829,0.096995,0.062974,0.040121,0.030057,0.050264,0.078862,0.03656,0.076726,0.06717,0.032059,0.076987,0.037726,0.038684,0.050518,0.030707,0.03045,0.042781,0.0392,0.026156,0.029015,0.028399,0.03879,0.038948,0.029067,0.041426,0.048217,0.028092,0.045637,0.051161,0.026141,0.033016,0.047497,0.044525,0.039553,0.035019
0.054975,0.065309,0,0.017137,0.026666,0.0074585,0.021071,0.025404,0.018005,0.03275,0.00090295,0.01485,0.018917,0.034882,0.0095182,0.042467,0.027071,0.089902,0.08714,0.17206,0.19185,0.044597,0.019197,0.10161,0.16903,0.29414,0.047715,0.081995,0.16236,0.063457,0.067652,0.061849,0.21283,0.051161,0.075146,0.12831,0.077688,0.090529,0.13377,0.079567,0.11011,0.12895,0.04338,0.067593,0.087254,0.037108,0.16233,0.09941,0.068999,0.049829,0.078582,0.11793,0.069077,0.14616,0.12038,0.039415,0.13785,0.053526,0.056838,0.066711,0.052777,0.043869,0.068514,0.048612,0.040108,0.05775,0.030931,0.051884,0.056337,0.049271,0.066813,0.084242,0.07685,0.054272,0.085397,0.05085,0.056574,0.062099,0.0455,0.12292,0.055471
0.46463,0.32974,0,0.11845,0.18788,0.05927,0.22665,0.11015,0.24838,0.32513,0.031366,0.088761,0.1719,0.17305,0.12991,0.31384,0.23898,0.61824,0.72914,0.89071,1.312,0.28703,0.17061,0.76354,0.8794,1.773,0.37276,0.69869,0.91642,0.39818,0.5315,0.50661,1.391,0.31152,0.52333,0.79901,0.50565,0.58702,0.79727,0.51351,0.69683,0.75449,0.30949,0.50349,0.46902,0.27964,1.1369,0.65675,0.49328,0.35441,0.53664,0.77669,0.40817,0.77752,0.63704,0.3371,0.76921,0.30941,0.35138,0.50126,0.28621,0.29176,0.42822,0.39659,0.27282,0.40697,0.35191,0.3246,0.46767,0.30117,0.41076,0.51957,0.34493,0.4765,0.43522,0.3636,0.3435,0.40397,0.25663,0.35338,0.40302
